code,freq_tays,freq_total
M00100,35074,35074
M09450,34399,34399
M01000,14186,14186
M81403,13494,13494
M80903,12748,12748
T84000,12028,12028
T08000,9953,9953
M09430,9702,9702
T7X100,9607,9607
T67000,9472,9472
M09350,9199,9199
M00120,8846,8846
T8X330,8551,8551
T2Y410,8261,8261
T77100,8158,8158
T06000,7780,7780
T08710,7268,7268
M40000,7119,7119
T68000,6948,6948
T04030,6678,6678
T02120,6268,6268
T04020,6168,6168
TX2000,5841,5841
T6X940,5792,5792
M80703,5757,5757
M49060,5717,5717
T56000,5674,5674
M43000,5486,5486
M82110,5419,5419
M81406,5122,5122
T64300,5059,5059
T63500,4769,4769
T63600,4616,4616
T83000,4540,4540
T02140,4471,4471
T01000,4388,4388
M88900,4280,4280
T02450,4240,4240
M80106,4128,4128
M80013,4110,4110
M09000,4085,4085
NA,3946,3946
T74000,3863,3863
T63000,3678,3678
T65200,3670,3670
T85000,3584,3584
T02121,3474,3474
T2Y610,3421,3421
T67700,3358,3358
M80812,3292,3292
M72850,3186,3186
T87010,3170,3170
M85003,3084,3084
T08200,3080,3080
M72040,3070,3070
T87020,2902,2902
M69900,2893,2893
T62000,2849,2849
M72750,2815,2815
M69760,2802,2802
T82000,2771,2771
T08362,2769,2769
M69903,2708,2708
T02104,2702,2702
T59000,2662,2662
T1X000,2549,2549
T50110,2536,2536
M76800,2506,2506
T67100,2410,2410
M87600,2372,2372
T02200,2305,2305
T57000,2280,2280
T66000,2269,2269
T26000,2244,2244
T83300,2190,2190
M69768,2135,2135
M87500,2129,2129
M43001,2109,2109
T08610,2007,2007
T71000,1967,1967
T02830,1946,1946
T63850,1938,1938
M73220,1935,1935
M38000,1914,1914
T02300,1914,1914
TY4400,1904,1904
T28000,1881,1881
M94403,1870,1870
T08640,1830,1830
M80103,1786,1786
M82630,1764,1764
M83803,1757,1757
M79310,1738,1738
T53000,1718,1718
T02424,1716,1716
M09400,1715,1715
M33400,1703,1703
M72000,1701,1701
T67200,1690,1690
T2Y590,1659,1659
TX1010,1613,1613
T02102,1590,1590
T64000,1563,1563
T50500,1546,1546
M80003,1517,1517
M88500,1499,1499
M43002,1495,1495
M96803,1484,1484
M49000,1442,1442
TX1110,1422,1422
T80100,1409,1409
TY0600,1409,1409
M69766,1408,1408
T02410,1377,1377
T96100,1377,1377
T67400,1350,1350
T96000,1349,1349
T02810,1348,1348
T87000,1332,1332
T02430,1315,1315
T03000,1289,1289
M69700,1286,1286
T68950,1284,1284
M84613,1265,1265
T08810,1254,1254
T81000,1249,1249
M44000,1204,1204
T28800,1175,1175
T02100,1166,1166
M85002,1143,1143
M76510,1142,1142
T96200,1139,1139
M45020,1124,1124
T83100,1112,1112
T02480,1102,1102
T02400,1096,1096
M84413,1074,1074
M80706,1033,1033
M79320,1024,1024
M41000,1019,1019
T02630,1011,1011
T02610,995,995
T5Y300,976,976
T86110,964,964
M84416,963,963
M83103,948,948
M09500,933,933
M54000,930,930
T71010,895,895
M87206,888,888
M52110,885,885
T02600,878,878
M76500,873,873
M81301,870,870
M58000,866,866
T51030,865,865
T86120,864,864
T71020,849,849
M95300,846,846
T77500,834,834
T64301,800,800
M81203,798,798
M73320,794,794
M36100,792,792
T00100,784,784
M80001,780,780
T07000,774,774
M69717,772,772
M37000,771,771
T21010,768,768
M75300,765,765
M79360,750,750
T67600,745,745
T32000,736,736
T02111,735,735
M91200,707,707
M69730,676,676
T08480,676,676
T86800,653,653
T87800,651,651
T55120,650,650
M87433,647,647
M43005,642,642
T55100,641,641
T55110,638,638
M71000,630,630
T1X500,630,630
T28100,630,630
T24100,628,628
T02800,625,625
M87601,624,624
T13000,623,623
M84803,621,621
T86100,620,620
T55300,607,607
M85203,601,601
T29000,600,600
T64200,600,600
M79370,599,599
M81400,599,599
M48000,598,598
T08360,598,598
M33410,586,586
M96903,576,576
T86920,570,570
TY4500,567,567
T65520,561,561
T43000,560,560
M87400,559,559
M71600,556,556
M69870,555,555
M88320,547,547
M95601,545,545
M95903,544,544
T62350,544,544
M80503,539,539
M87422,539,539
T02451,539,539
M54200,530,530
M93803,524,524
M36500,516,516
M00050,515,515
T11710,511,511
M80913,506,506
T28200,501,501
M98233,497,497
M89400,496,496
M74320,486,486
M84410,485,485
T10510,485,485
M81480,482,482
M87203,482,482
TY4590,481,481
T28500,480,480
M73330,472,472
T73020,469,469
M81404,466,466
M57250,464,464
T51200,461,461
T73010,461,461
T02850,460,460
M76700,459,459
T64303,459,459
TY0150,459,459
T58500,456,456
T02650,451,451
TY2150,451,451
TY4600,445,445
M09470,442,442
M50080,440,440
T52200,440,440
M84700,438,438
T08220,438,438
M58010,436,436
M85610,434,434
T28400,433,433
T64390,430,430
M47170,427,427
T28600,422,422
M32710,421,421
T08400,411,411
TY4100,409,409
M71602,407,407
M80520,406,406
T75000,406,406
T82100,405,405
T02452,404,404
T04010,404,404
M72600,402,402
T60000,399,399
T63300,397,397
M69901,395,395
T51000,393,393
M82100,391,391
M85006,385,385
TY2300,383,383
M69770,380,380
T02130,378,378
T0X500,378,378
T88100,378,378
TXX810,377,377
T2Y030,374,374
T02132,370,370
M88003,367,367
T28700,367,367
M84411,366,366
T02471,361,361
M80413,358,358
TY6000,358,358
M76600,353,353
M80006,352,352
T97000,348,348
T54910,347,347
T61110,346,346
T24420,344,344
T93020,341,341
M80772,337,337
M88100,333,333
M69820,331,331
M74008,330,330
T91000,330,330
M75630,327,327
T61120,327,327
M80506,319,319
T78010,319,319
T24410,316,316
M36300,313,313
T02401,313,313
M87401,310,310
M90100,310,310
T71800,309,309
M87432,304,304
M69720,302,302
T5Y410,299,299
T67965,296,296
M74000,295,295
T10180,295,295
M32100,294,294
M41740,293,293
M52000,291,291
M58240,291,291
T52000,289,289
TX6000,284,284
M30010,282,282
T67995,281,281
M69703,277,277
M15000,275,275
M44140,274,274
T02511,274,274
T51300,274,274
M81409,273,273
TY9660,273,273
M54110,272,272
M69992,272,272
M81303,271,271
M80702,269,269
T42000,269,269
M69710,268,268
TY8100,268,268
M95310,266,266
T21000,265,265
T65300,263,263
M82461,262,262
T67920,262,262
M84400,260,260
M81703,259,259
T33400,257,257
T02840,255,255
T03480,255,255
M47400,254,254
M90140,254,254
T02670,254,254
M99691,252,252
T10519,251,251
M81202,250,250
M95400,250,250
M95913,250,250
M83126,247,247
M40005,245,245
M45810,244,244
M48899,244,244
M69902,244,244
T08510,241,241
T13001,241,241
TXX860,241,241
M76810,239,239
T08330,236,236
T93010,234,234
T02420,233,233
T33010,233,233
M88903,232,232
T78020,232,232
M84806,231,231
T02114,230,230
M47830,229,229
M43009,226,226
M54700,226,226
T22100,225,225
T51100,225,225
TY8800,225,225
M79590,224,224
M81453,224,224
M84701,223,223
M85030,223,223
M95933,223,223
M50000,220,220
T02820,220,220
M55400,219,219
M76820,218,218
M94013,218,218
M58005,217,217
M82466,216,216
M74006,214,214
M44440,213,213
M74007,213,213
M98613,213,213
T73000,212,212
M35100,211,211
M97311,211,211
T53130,208,208
M55250,207,207
M74005,205,205
M82403,205,205
TY8960,205,205
M39800,203,203
M83233,201,201
T02158,201,201
M72060,200,200
M43004,199,199
M74030,198,198
M82463,198,198
M94503,198,198
T62310,195,195
M82632,193,193
M42100,189,189
T02870,189,189
T11730,189,189
T08140,188,188
T02836,187,187
M14110,186,186
M75500,186,186
M77600,186,186
M72130,185,185
T67300,185,185
T2X120,184,184
M99601,183,183
T71920,183,183
T73800,183,183
M80704,182,182
T02150,182,182
T25000,182,182
T60300,182,182
T65935,182,182
M09300,181,181
M81402,181,181
M96633,181,181
T10101,181,181
M83300,180,180
T02155,180,180
T02640,179,179
T65100,178,178
T11410,177,177
M94003,176,176
M69950,175,175
M92200,174,174
M48890,173,173
TX7410,173,173
M37100,172,172
M80770,171,171
M97003,170,170
T02487,170,170
T02113,169,169
T02131,169,169
T93000,169,169
T23000,168,168
T02151,166,166
M73000,164,164
M90613,164,164
D48080,163,163
M44200,163,163
M96223,161,161
T21340,161,161
T58700,158,158
M87800,157,157
T08280,155,155
T10800,155,155
T2Y700,155,155
T61100,155,155
T02152,154,154
M09010,153,153
M85206,153,153
TXY100,153,153
T69010,152,152
T82500,152,152
M92100,151,151
T02411,151,151
M90840,150,150
T02620,150,150
M49500,149,149
M83806,149,149
M95370,149,149
T77800,149,149
M81206,148,148
M82112,148,148
TY0480,148,148
D36180,147,147
T55310,147,147
TY8104,147,147
M96503,146,146
T75110,146,146
M69840,145,145
T69000,145,145
M98213,144,144
T39000,144,144
T58000,144,144
M85202,143,143
M93823,143,143
TY0960,143,143
T28300,142,142
T78000,142,142
M80002,137,137
M76560,136,136
M94513,136,136
M94213,135,135
TY7000,135,135
M74003,134,134
M83123,134,134
T00000,134,134
M84040,133,133
TY4440,133,133
M76300,132,132
M79450,132,132
T63400,132,132
T10170,131,131
M48005,129,129
T2Y412,129,129
T65900,129,129
M74009,128,128
T55320,128,128
M79330,127,127
M92203,127,127
M96733,127,127
M97303,127,127
M82003,126,126
T10500,126,126
T02530,125,125
M54750,124,124
M69790,124,124
M72200,124,124
M80000,124,124
M82603,124,124
T24400,124,124
T02835,123,123
T52100,123,123
M69712,122,122
M80416,122,122
T76000,122,122
M00000,121,121
M11560,121,121
M73321,121,121
M84603,121,121
M95953,121,121
M74004,119,119
M79900,119,119
T08474,119,119
M80109,118,118
M88610,118,118
M90800,118,118
D65020,117,117
M35300,117,117
M90803,117,117
M96593,117,117
M93913,116,116
TX0500,115,115
TY4300,115,115
M80500,114,114
M80530,114,114
M84703,114,114
M95320,114,114
T02651,114,114
T8X110,114,114
TY2100,114,114
D38900,113,113
T00010,112,112
TY0620,112,112
M88001,111,111
D40070,110,110
M69718,110,110
T63700,110,110
M82900,109,109
M83301,109,109
TY0300,109,109
D67300,108,108
M82611,108,108
T12040,108,108
TXY300,108,108
M80973,107,107
M83700,107,107
T31000,106,106
T41000,106,106
TXX830,106,106
M44700,105,105
T02214,105,105
M92501,104,104
T03450,104,104
T6X310,104,104
M81456,103,103
M89363,103,103
M89803,103,103
M89806,103,103
M39300,102,102
M58006,102,102
T45270,102,102
TY1700,102,102
M33300,101,101
T 830,101,101
T86922,101,101
M40700,100,100
M87423,100,100
T67800,100,100
M89320,99,99
T76330,98,98
M49400,97,97
M58007,97,97
M74200,97,97
M84414,97,97
M86201,97,97
T64210,97,97
M89603,96,96
T86921,96,96
T98000,96,96
M48007,95,95
M71640,95,95
M81210,95,95
M33500,94,94
M69728,94,94
M72175,94,94
T55400,94,94
M54720,93,93
M95301,92,92
T54990,92,92
M32800,91,91
M40400,90,90
T03300,90,90
TX7560,90,90
M41700,89,89
M80923,89,89
M90801,89,89
T11619,89,89
M33600,88,88
M48840,88,88
M72005,88,88
M82640,88,88
M33770,87,87
M72170,87,87
M82493,87,87
T89000,87,87
TY9100,87,87
D72500,86,86
M72420,86,86
M75750,86,86
M83802,86,86
M84530,86,86
M90130,86,86
M96993,86,86
M40100,85,85
T08160,85,85
TY9700,85,85
M49160,84,84
D21900,83,83
M85050,83,83
TXX831,83,83
M49720,82,82
M96403,82,82
MYYX73,82,82
TX8500,82,82
M01520,81,81
M83303,81,81
M85423,81,81
M88513,81,81
M91611,81,81
T88800,81,81
M24810,80,80
M33060,80,80
M58130,80,80
T44000,79,79
D38670,78,78
M90503,78,78
T03400,78,78
M80104,77,77
M88400,77,77
M90703,77,77
M72670,76,76
M81100,76,76
M88006,76,76
TXX832,76,76
M37300,75,75
M57510,75,75
T10350,75,75
D80040,74,74
M33470,74,74
T22000,74,74
M43750,73,73
M91203,73,73
M81204,72,72
M97023,72,72
M34100,71,71
M72090,71,71
D05500,70,70
M69907,70,70
M73370,70,70
M87000,70,70
M87200,70,70
T00001,70,70
T03120,70,70
TXY150,70,70
TY4960,70,70
M55770,69,69
M76100,69,69
M98013,69,69
M12000,68,68
T08310,68,68
D62190,67,67
M88323,67,67
T67090,67,67
T96300,67,67
M33000,66,66
M88583,66,66
T02507,66,66
T03810,66,66
T76300,66,66
M33520,65,65
M45000,65,65
M46420,65,65
T02617,65,65
M91700,64,64
T50600,64,64
T8X210,64,64
TY1100,64,64
TY1220,64,64
T02841,63,63
T03600,63,63
T42100,63,63
T86600,63,63
TX8000,63,63
M52200,62,62
M57170,62,62
M81000,62,62
M75640,61,61
M76701,61,61
M90000,61,61
T45510,61,61
T79400,61,61
TY2400,61,61
D45870,60,60
M53150,60,60
M82401,60,60
M83173,60,60
M84070,60,60
M84412,60,60
M88330,60,60
T61150,60,60
T63930,60,60
T72000,60,60
TX9001,60,60
TXX820,60,60
M33790,59,59
M40030,59,59
M88211,59,59
T02470,59,59
T17050,59,59
T38000,59,59
M11600,58,58
M32700,58,58
M76400,58,58
T02540,58,58
T24322,58,58
T88200,58,58
TY7020,58,58
TY9200,58,58
M14430,57,57
M54790,57,57
M72860,57,57
M91803,57,57
M93703,57,57
M94900,57,57
T01300,57,57
M45700,56,56
M80513,56,56
M84800,56,56
M87700,56,56
M88940,56,56
T08340,56,56
T51130,56,56
T55000,56,56
T79300,56,56
TY8700,56,56
M84531,55,55
M95003,55,55
M95051,55,55
M96113,55,55
T24321,55,55
TX1115,55,55
M28000,54,54
M84303,54,54
M87213,54,54
M88560,54,54
M88906,54,54
M91210,54,54
M97053,54,54
T08900,54,54
T24010,54,54
T42500,54,54
M80004,53,53
M80102,53,53
M80711,53,53
M93501,53,53
T62910,53,53
M69860,52,52
M73400,52,52
M83804,52,52
M87270,52,52
M88501,52,52
T08600,52,52
TY6221,52,52
M40001,51,51
M43007,51,51
M79500,51,51
M84903,51,51
M88503,51,51
M94703,51,51
TX1120,51,51
TY1960,51,51
TY7010,51,51
M33640,50,50
M38280,50,50
M57610,50,50
M90713,50,50
M95391,50,50
T03800,50,50
T67500,50,50
T08320,49,49
TY9800,49,49
M28030,48,48
M55820,48,48
M69993,48,48
M88113,48,48
M88510,48,48
M96813,48,48
T10310,48,48
TY0100,48,48
M01150,47,47
M49770,47,47
M69780,47,47
M75700,47,47
M80203,47,47
M85503,47,47
TY1000,47,47
M26500,46,46
M46300,46,46
M48540,46,46
M81443,46,46
M88151,46,46
T 840,46,46
T86340,46,46
TY0171,46,46
TY8000,46,46
M33540,45,45
M73225,45,45
M75600,45,45
M90642,45,45
T02403,45,45
T61300,45,45
M26080,44,44
M79311,44,44
M88600,44,44
M97513,44,44
T32400,44,44
T79100,44,44
M43003,43,43
M93923,43,43
T03424,43,43
T3X110,43,43
T51020,43,43
M55100,42,42
M69960,42,42
M76660,42,42
M81482,42,42
M88960,42,42
M89901,42,42
T77520,42,42
TXY200,42,42
M22300,41,41
M52100,41,41
M72530,41,41
M99403,41,41
T02413,41,41
T04050,41,41
T22300,41,41
T64120,41,41
M55070,40,40
M72900,40,40
M73005,40,40
M85031,40,40
M85403,40,40
M87240,40,40
T02503,40,40
T08580,40,40
T60320,40,40
T62210,40,40
T71162,40,40
D62550,39,39
M53300,39,39
M73380,39,39
M83106,39,39
M88523,39,39
M88970,39,39
M93100,39,39
M98003,39,39
M43800,38,38
M46620,38,38
M49510,38,38
M82000,38,38
T22400,38,38
T60230,38,38
T86400,38,38
D62160,37,37
M44920,37,37
M69980,37,37
M72030,37,37
M85042,37,37
T02219,37,37
T1X510,37,37
T51120,37,37
T56320,37,37
M48130,36,36
M49020,36,36
M72009,36,36
M72920,36,36
M79920,36,36
M81454,36,36
M85106,36,36
M86000,36,36
M93941,36,36
T02852,36,36
T03410,36,36
T55101,36,36
T66070,36,36
T74050,36,36
TY1600,36,36
D8X300,35,35
M03010,35,35
M33412,35,35
M69850,35,35
M74220,35,35
M80213,35,35
M82406,35,35
M91800,35,35
M96873,35,35
T02500,35,35
T03140,35,35
T11740,35,35
TY1230,35,35
M26520,34,34
M36369,34,34
M69740,34,34
M72430,34,34
M80705,34,34
T03630,34,34
T61140,34,34
TY0160,34,34
TY8600,34,34
TY9000,34,34
M33200,33,33
M68130,33,33
M69797,33,33
M72031,33,33
M79480,33,33
M84000,33,33
M85800,33,33
M90403,33,33
M91403,33,33
M96893,33,33
T 740,33,33
T03420,33,33
T10600,33,33
T26200,33,33
T29100,33,33
T45010,33,33
T48810,33,33
T74400,33,33
TXX000,33,33
TXY000,33,33
TY0200,33,33
TY1701,33,33
TY9400,33,33
M33420,32,32
M81603,32,32
M85005,32,32
M86801,32,32
M89103,32,32
M90540,32,32
M91501,32,32
M95223,32,32
T11280,32,32
T18010,32,32
T29200,32,32
T77510,32,32
T86910,32,32
TY0213,32,32
D73540,31,31
M33490,31,31
M34000,31,31
M47150,31,31
M47180,31,31
M49069,31,31
M51570,31,31
M57740,31,31
M73500,31,31
M76540,31,31
M76630,31,31
M76801,31,31
M84906,31,31
T08440,31,31
T55200,31,31
T56350,31,31
TY7960,31,31
M41001,30,30
M47800,30,30
M80709,30,30
M83306,30,30
M85103,30,30
M85603,30,30
M88921,30,30
M91230,30,30
M95006,30,30
T03401,30,30
T03610,30,30
T03830,30,30
T24320,30,30
T29040,30,30
T79110,30,30
T97300,30,30
TXX200,30,30
D85430,29,29
M34110,29,29
M34310,29,29
M34400,29,29
M53341,29,29
M69706,29,29
M83953,29,29
M84706,29,29
M88570,29,29
M89003,29,29
M98113,29,29
T02545,29,29
T11340,29,29
T97100,29,29
TX5400,29,29
TY0110,29,29
TY0451,29,29
TY4220,29,29
TY8200,29,29
D00800,28,28
M49430,28,28
M79490,28,28
M82433,28,28
M85007,28,28
M94453,28,28
M98373,28,28
T01600,28,28
T60200,28,28
T80220,28,28
TY9120,28,28
M15800,27,27
M26000,27,27
M32400,27,27
M44940,27,27
M72150,27,27
M72940,27,27
M73300,27,27
M80833,27,27
M86206,27,27
M88200,27,27
M95600,27,27
M96523,27,27
M98633,27,27
M99600,27,27
T11390,27,27
T16000,27,27
T58400,27,27
TX8410,27,27
TY6960,27,27
M24600,26,26
M37020,26,26
M46880,26,26
M47900,26,26
M48400,26,26
M55590,26,26
M57210,26,26
M83124,26,26
M83956,26,26
M84100,26,26
M84421,26,26
M90806,26,26
M90853,26,26
M91410,26,26
M97323,26,26
T 260,26,26
T 680,26,26
T11420,26,26
T21380,26,26
T79800,26,26
T86620,26,26
TX1740,26,26
M31600,25,25
M54206,25,25
M74910,25,25
M80713,25,25
M89303,25,25
M92603,25,25
M94943,25,25
T03121,25,25
T04000,25,25
T04060,25,25
T11310,25,25
T67840,25,25
D38800,24,24
M54730,24,24
M58050,24,24
M73050,24,24
M82443,24,24
M82601,24,24
M94211,24,24
M96793,24,24
T11380,24,24
T12720,24,24
T22120,24,24
T43110,24,24
T74064,24,24
T74065,24,24
T7X310,24,24
T92000,24,24
T97200,24,24
TY0210,24,24
D71000,23,23
D73560,23,23
M37120,23,23
M49910,23,23
M69906,23,23
M72840,23,23
M84020,23,23
M85391,23,23
M87110,23,23
M87453,23,23
M91301,23,23
M92511,23,23
T17010,23,23
T55102,23,23
T6X210,23,23
T79200,23,23
TXX822,23,23
TY1500,23,23
D01110,22,22
D35400,22,22
M31050,22,22
M69723,22,22
M72421,22,22
M84610,22,22
M88311,22,22
T02531,22,22
T03471,22,22
T08350,22,22
T48000,22,22
TX1820,22,22
TXX010,22,22
D05750,21,21
M14100,21,21
M33560,21,21
M48582,21,21
M81470,21,21
M84030,21,21
M88303,21,21
M99453,21,21
T03487,21,21
T08450,21,21
T11430,21,21
T11760,21,21
T22110,21,21
T22130,21,21
T32020,21,21
T68200,21,21
T77220,21,21
T82400,21,21
T93800,21,21
TXX821,21,21
TXY101,21,21
TXY102,21,21
TY2200,21,21
TY2960,21,21
D36190,20,20
M09460,20,20
M26530,20,20
M33460,20,20
M72160,20,20
M81300,20,20
M82113,20,20
M82503,20,20
M86203,20,20
M88543,20,20
M90201,20,20
M93900,20,20
M97182,20,20
T02431,20,20
T02520,20,20
T03100,20,20
T14410,20,20
T41800,20,20
T45520,20,20
T56010,20,20
T63910,20,20
T65925,20,20
T79310,20,20
T86610,20,20
TXX020,20,20
TXX910,20,20
TY9500,20,20
M09100,19,19
M26560,19,19
M40590,19,19
M58017,19,19
M80133,19,19
M80206,19,19
M81706,19,19
M89804,19,19
M89820,19,19
M91730,19,19
M94413,19,19
M95800,19,19
M97143,19,19
T02652,19,19
T18600,19,19
T48600,19,19
T51110,19,19
T79120,19,19
T80300,19,19
T97400,19,19
TXX00Y,19,19
D05520,18,18
D08280,18,18
D57120,18,18
D71010,18,18
D73720,18,18
M28130,18,18
M32600,18,18
M42101,18,18
M44460,18,18
M72425,18,18
M74001,18,18
M81020,18,18
M82496,18,18
M82623,18,18
M84611,18,18
M88023,18,18
M91320,18,18
M94823,18,18
M95603,18,18
M95700,18,18
M97523,18,18
T08560,18,18
T11711,18,18
T32300,18,18
T43200,18,18
T56020,18,18
T82300,18,18
D01450,17,17
D05570,17,17
D73500,17,17
M36360,17,17
M47200,17,17
M75620,17,17
M80802,17,17
M81550,17,17
M82600,17,17
M84306,17,17
M88700,17,17
M90523,17,17
M92410,17,17
M96713,17,17
T03850,17,17
T08300,17,17
T1X700,17,17
T32200,17,17
T33300,17,17
T45800,17,17
T68060,17,17
T82600,17,17
T86300,17,17
TY8120,17,17
TY8500,17,17
D04035,16,16
D07360,16,16
M03250,16,16
M09150,16,16
M34160,16,16
M40460,16,16
M47210,16,16
M55380,16,16
M57000,16,16
M80401,16,16
M84103,16,16
M90643,16,16
M91310,16,16
M91806,16,16
M93643,16,16
M93831,16,16
M96513,16,16
M98343,16,16
T 560,16,16
T 620,16,16
T 820,16,16
T02680,16,16
T04100,16,16
T10110,16,16
T21370,16,16
T2Y720,16,16
T32500,16,16
T32600,16,16
T49410,16,16
T65600,16,16
T67080,16,16
T77230,16,16
T79320,16,16
T86170,16,16
T93100,16,16
TY0608,16,16
D00700,15,15
D40310,15,15
D73040,15,15
D80810,15,15
M21000,15,15
M26090,15,15
M33002,15,15
M48120,15,15
M49590,15,15
M49730,15,15
M55500,15,15
M72260,15,15
M80363,15,15
M80712,15,15
M82103,15,15
M82473,15,15
M83703,15,15
M85606,15,15
M85623,15,15
M88131,15,15
M88810,15,15
M88930,15,15
M90200,15,15
M90706,15,15
M92600,15,15
T 970,15,15
T00020,15,15
T03430,15,15
T03650,15,15
T08365,15,15
T12710,15,15
T13260,15,15
T43100,15,15
T59010,15,15
T59100,15,15
T63010,15,15
TX7000,15,15
TXX940,15,15
M26030,14,14
M29060,14,14
M30490,14,14
M32401,14,14
M33380,14,14
M36140,14,14
M40500,14,14
M44040,14,14
M49250,14,14
M52600,14,14
M71070,14,14
M73310,14,14
M74100,14,14
M74450,14,14
M75400,14,14
M80009,14,14
M81700,14,14
M82006,14,14
M84606,14,14
M88004,14,14
M89306,14,14
M89606,14,14
M92206,14,14
M95303,14,14
M95330,14,14
T 070,14,14
T 080,14,14
T 530,14,14
T11918,14,14
T26400,14,14
T26600,14,14
T29030,14,14
T33500,14,14
T59510,14,14
T69200,14,14
TY0460,14,14
TY9720,14,14
D04040,13,13
D36100,13,13
D47170,13,13
M29210,13,13
M33680,13,13
M33800,13,13
M40160,13,13
M46450,13,13
M48010,13,13
M48510,13,13
M53320,13,13
M55000,13,13
M72210,13,13
M74940,13,13
M76620,13,13
M76720,13,13
M80904,13,13
M81010,13,13
M84823,13,13
M85032,13,13
M86310,13,13
M88410,13,13
M89203,13,13
M91000,13,13
M91003,13,13
M95083,13,13
M95403,13,13
M96303,13,13
M98603,13,13
T02402,13,13
T02460,13,13
T03104,13,13
T03451,13,13
T08472,13,13
T0Y400,13,13
T13660,13,13
T22200,13,13
T36000,13,13
T50100,13,13
T61130,13,13
T72020,13,13
T83150,13,13
TX0910,13,13
TX1140,13,13
TY0467,13,13
TY1310,13,13
D04030,12,12
D46320,12,12
D46900,12,12
D56820,12,12
M00020,12,12
M15020,12,12
M21510,12,12
M22200,12,12
M26730,12,12
M30400,12,12
M33530,12,12
M40040,12,12
M41400,12,12
M45620,12,12
M53160,12,12
M56000,12,12
M57180,12,12
M71440,12,12
M73410,12,12
M76130,12,12
M80723,12,12
M84401,12,12
M87443,12,12
M89823,12,12
M90406,12,12
M94243,12,12
M95500,12,12
M95963,12,12
M96563,12,12
M97413,12,12
M99701,12,12
T 570,12,12
T03158,12,12
T03452,12,12
T03670,12,12
T11712,12,12
T12000,12,12
T43120,12,12
T48740,12,12
T51210,12,12
T62110,12,12
T63860,12,12
T74120,12,12
T82610,12,12
TX5640,12,12
TY1200,12,12
TY9110,12,12
D40020,11,11
D77090,11,11
M20000,11,11
M26100,11,11
M32470,11,11
M47402,11,11
M55670,11,11
M69908,11,11
M76095,11,11
M77603,11,11
M79340,11,11
M80501,11,11
M87120,11,11
M87204,11,11
M88101,11,11
M88130,11,11
M88800,11,11
M89403,11,11
M90433,11,11
M91600,11,11
M95973,11,11
M96203,11,11
M97193,11,11
M99753,11,11
T02432,11,11
T10195,11,11
T11339,11,11
T11840,11,11
T1X010,11,11
T1Y010,11,11
T26500,11,11
T26700,11,11
T32120,11,11
T32210,11,11
T44200,11,11
T45600,11,11
T46420,11,11
T55080,11,11
T72010,11,11
T73003,11,11
TX1500,11,11
TX2200,11,11
TY8110,11,11
TY8810,11,11
D26820,10,10
D36220,10,10
M04100,10,10
M09600,10,10
M24300,10,10
M24400,10,10
M33405,10,10
M34210,10,10
M34220,10,10
M48560,10,10
M69905,10,10
M72480,10,10
M72570,10,10
M76000,10,10
M77604,10,10
M80016,10,10
M82402,10,10
M82500,10,10
M82533,10,10
M83810,10,10
M84013,10,10
M84419,10,10
M84721,10,10
M85004,10,10
M85703,10,10
M87452,10,10
M88403,10,10
M88901,10,10
M90506,10,10
M90520,10,10
M92201,10,10
M92433,10,10
M95340,10,10
M96533,10,10
M97401,10,10
T 230,10,10
T 850,10,10
T02616,10,10
T03411,10,10
T08180,10,10
T10517,10,10
T11540,10,10
T24460,10,10
T26100,10,10
T26300,10,10
T2Y414,10,10
T66100,10,10
T66200,10,10
T77580,10,10
T79210,10,10
T7X210,10,10
T80500,10,10
TX1280,10,10
TX2980,10,10
TY4230,10,10
TY6261,10,10
D11830,9,9
D76950,9,9
M01400,9,9
M21300,9,9
M26010,9,9
M26020,9,9
M32620,9,9
M39100,9,9
M43080,9,9
M43140,9,9
M44080,9,9
M50180,9,9
M54706,9,9
M54830,9,9
M55370,9,9
M55540,9,9
M55600,9,9
M69796,9,9
M75010,9,9
M75760,9,9
M76900,9,9
M80933,9,9
M81201,9,9
M82602,9,9
M83701,9,9
M84060,9,9
M85060,9,9
M85901,9,9
M88221,9,9
M89703,9,9
M90603,9,9
M92000,9,9
M93841,9,9
M97173,9,9
M98203,9,9
T 670,9,9
T00003,9,9
T03413,9,9
T03414,9,9
T03470,9,9
T03840,9,9
T11500,9,9
T12103,9,9
T13280,9,9
T26002,9,9
T52110,9,9
T52210,9,9
T64910,9,9
T86700,9,9
TX1600,9,9
TX2570,9,9
TX8020,9,9
TX8040,9,9
TY1010,9,9
TY1022,9,9
D46840,8,8
D62180,8,8
D65050,8,8
M09200,8,8
M20220,8,8
M20400,8,8
M29650,8,8
M30000,8,8
M32430,8,8
M32830,8,8
M33001,8,8
M44110,8,8
M48530,8,8
M48960,8,8
M48980,8,8
M50010,8,8
M52010,8,8
M55601,8,8
M72230,8,8
M72440,8,8
M73040,8,8
M73331,8,8
M74850,8,8
M75560,8,8
M80216,8,8
M80316,8,8
M81446,8,8
M81606,8,8
M82553,8,8
M83706,8,8
M84093,8,8
M84600,8,8
M85743,8,8
M88000,8,8
M88180,8,8
M88451,8,8
M88506,8,8
M89313,8,8
M90203,8,8
M90550,8,8
M90900,8,8
M91741,8,8
M92520,8,8
M95091,8,8
M96413,8,8
M96823,8,8
M98913,8,8
T 390,8,8
T Y60,8,8
T02851,8,8
T03820,8,8
T08410,8,8
T12750,8,8
T13310,8,8
T14580,8,8
T18948,8,8
T24471,8,8
T32010,8,8
T45100,8,8
T48920,8,8
T61230,8,8
T65960,8,8
T8X310,8,8
T8X430,8,8
TX1310,8,8
TX2050,8,8
TX6110,8,8
TX7930,8,8
TXX087,8,8
TY0000,8,8
TY1110,8,8
TY6235,8,8
TY8510,8,8
TY8820,8,8
TY9410,8,8
TY9710,8,8
TY9810,8,8
D01970,7,7
D36120,7,7
M22900,7,7
M26650,7,7
M29630,7,7
M29690,7,7
M33070,7,7
M36101,7,7
M36368,7,7
M38003,7,7
M44090,7,7
M48930,7,7
M48940,7,7
M52111,7,7
M55300,7,7
M55930,7,7
M58016,7,7
M69701,7,7
M69726,7,7
M69727,7,7
M72020,7,7
M72080,7,7
M72580,7,7
M76330,7,7
M76770,7,7
M76811,7,7
M80123,7,7
M80523,7,7
M80743,7,7
M82004,7,7
M84601,7,7
M87207,7,7
M87209,7,7
M87230,7,7
M88013,7,7
M88300,7,7
M89006,7,7
M90003,7,7
M91813,7,7
M91910,7,7
M92620,7,7
M95813,7,7
M96883,7,7
M98753,7,7
M99303,7,7
M99623,7,7
M99703,7,7
T 750,7,7
T 810,7,7
T 910,7,7
T01609,7,7
T02106,7,7
T02202,7,7
T02483,7,7
T03155,7,7
T04040,7,7
T08100,7,7
T10740,7,7
T14090,7,7
T14110,7,7
T14570,7,7
T17070,7,7
T21200,7,7
T24310,7,7
T28610,7,7
T28710,7,7
T28900,7,7
T2Y600,7,7
T32310,7,7
T46510,7,7
T46525,7,7
T46710,7,7
T48840,7,7
T54010,7,7
T59300,7,7
T5X100,7,7
T64370,7,7
T67860,7,7
T88900,7,7
TX1650,7,7
TX2300,7,7
TX7920,7,7
TXX110,7,7
TY0605,7,7
TY1410,7,7
TY1760,7,7
TY8710,7,7
D01889,6,6
D12010,6,6
M02760,6,6
M20100,6,6
M21600,6,6
M21800,6,6
M26160,6,6
M26360,6,6
M29720,6,6
M34005,6,6
M35303,6,6
M35330,6,6
M36102,6,6
M3800X,6,6
M38020,6,6
M44180,6,6
M45630,6,6
M49001,6,6
M54040,6,6
M54111,6,6
M54310,6,6
M69767,6,6
M70800,6,6
M71800,6,6
M72001,6,6
M72261,6,6
M72740,6,6
M73670,6,6
M74970,6,6
M75590,6,6
M76640,6,6
M77605,6,6
M80204,6,6
M81473,6,6
M81483,6,6
M81556,6,6
M81600,6,6
M82476,6,6
M84403,6,6
M84741,6,6
M85073,6,6
M85090,6,6
M85192,6,6
M85604,6,6
M86221,6,6
M88103,6,6
M88111,6,6
M88526,6,6
M88546,6,6
M90001,6,6
M91506,6,6
M93510,6,6
M93706,6,6
M94113,6,6
M94903,6,6
M95060,6,6
M95226,6,6
M95613,6,6
M96173,6,6
M97583,6,6
M97661,6,6
M98033,6,6
M98313,6,6
T 320,6,6
T 510,6,6
T01614,6,6
T02141,6,6
T09510,6,6
T10620,6,6
T1173X,6,6
T12410,6,6
T14700,6,6
T22330,6,6
T22430,6,6
T24450,6,6
T29110,6,6
T2Y710,6,6
T31010,6,6
T40000,6,6
T42400,6,6
T46700,6,6
T49400,6,6
T56093,6,6
T56400,6,6
T62920,6,6
T6X510,6,6
T74100,6,6
T75180,6,6
T78400,6,6
T80400,6,6
TX1400,6,6
TX4010,6,6
TX8820,6,6
TXX882,6,6
TXY020,6,6
TY0170,6,6
TY0500,6,6
TY1400,6,6
TY4250,6,6
TY6220,6,6
TY8300,6,6
TY9210,6,6
TY9220,6,6
TY9780,6,6
TY9840,6,6
D23900,5,5
D23920,5,5
D38002,5,5
D80300,5,5
D88500,5,5
M10540,5,5
M14360,5,5
M18200,5,5
M21900,5,5
M22360,5,5
M26680,5,5
M26800,5,5
M28020,5,5
M29040,5,5
M29360,5,5
M30280,5,5
M35130,5,5
M36110,5,5
M37005,5,5
M38090,5,5
M43006,5,5
M43060,5,5
M46350,5,5
M46520,5,5
M47190,5,5
M49740,5,5
M54702,5,5
M58015,5,5
M58610,5,5
M70810,5,5
M71620,5,5
M72710,5,5
M73450,5,5
M74010,5,5
M75580,5,5
M76090,5,5
M79460,5,5
M80107,5,5
M80762,5,5
M81405,5,5
M81510,5,5
M81803,5,5
M82436,5,5
M82606,5,5
M82903,5,5
M84090,5,5
M84740,5,5
M84743,5,5
M85823,5,5
M87006,5,5
M89206,5,5
M89503,5,5
M91206,5,5
M92521,5,5
M92606,5,5
M97613,5,5
M98663,5,5
T 660,5,5
T Y00,5,5
T02134,5,5
T02390,5,5
T03102,5,5
T03402,5,5
T03870,5,5
T07011,5,5
T09010,5,5
T0Y200,5,5
T10020,5,5
T10130,5,5
T10595,5,5
T11350,5,5
T11383,5,5
T11770,5,5
T12290,5,5
T14430,5,5
T28410,5,5
T28510,5,5
T45530,5,5
T45610,5,5
T46600,5,5
T47400,5,5
T48710,5,5
T56061,5,5
T56063,5,5
T58100,5,5
T60140,5,5
T65965,5,5
T69050,5,5
T74062,5,5
T74940,5,5
T78030,5,5
T79220,5,5
T80210,5,5
T8X440,5,5
TX0090,5,5
TX1900,5,5
TX2020,5,5
TX2070,5,5
TX8390,5,5
TXY010,5,5
TY1415,5,5
TY1800,5,5
TY2120,5,5
TY4420,5,5
TY6251,5,5
TY8020,5,5
TY8210,5,5
TY8720,5,5
TY8850,5,5
D04100,4,4
D05610,4,4
D07030,4,4
D10700,4,4
D36160,4,4
D36780,4,4
D38760,4,4
D44110,4,4
D73550,4,4
D76100,4,4
D76510,4,4
M11602,4,4
M12004,4,4
M21511,4,4
M21660,4,4
M22030,4,4
M22110,4,4
M22302,4,4
M24700,4,4
M26350,4,4
M29001,4,4
M29002,4,4
M29310,4,4
M31650,4,4
M32601,4,4
M33430,4,4
M35102,4,4
M35350,4,4
M37001,4,4
M40009,4,4
M44930,4,4
M47220,4,4
M47710,4,4
M48001,4,4
M54600,4,4
M55110,4,4
M55180,4,4
M55200,4,4
M56150,4,4
M56840,4,4
M57160,4,4
M57380,4,4
M57390,4,4
M58690,4,4
M70120,4,4
M72085,4,4
M72201,4,4
M72220,4,4
M72650,4,4
M73700,4,4
M76150,4,4
M76890,4,4
M80223,4,4
M80600,4,4
M80823,4,4
M81233,4,4
M81500,4,4
M83800,4,4
M83807,4,4
M86316,4,4
M87001,4,4
M87143,4,4
M87900,4,4
M88251,4,4
M88971,4,4
M89106,4,4
M89506,4,4
M90513,4,4
M90614,4,4
M90616,4,4
M91101,4,4
M91306,4,4
M91933,4,4
M92423,4,4
M93611,4,4
M97093,4,4
M97511,4,4
T 280,4,4
T 430,4,4
T 440,4,4
T 580,4,4
T00002,4,4
T01414,4,4
T02215,4,4
T02510,4,4
T03111,4,4
T03114,4,4
T03303,4,4
T03640,4,4
T08230,4,4
T10106,4,4
T10133,4,4
T10151,4,4
T10359,4,4
T12800,4,4
T13600,4,4
T13650,4,4
T13670,4,4
T14000,4,4
T14400,4,4
T17524,4,4
T1X130,4,4
T21900,4,4
T22230,4,4
T24180,4,4
T24472,4,4
T26010,4,4
T28080,4,4
T28770,4,4
T29120,4,4
T32100,4,4
T33100,4,4
T39900,4,4
T42050,4,4
T42300,4,4
T44100,4,4
T44400,4,4
T45302,4,4
T45700,4,4
T46460,4,4
T50010,4,4
T52250,4,4
T59200,4,4
T64110,4,4
T65910,4,4
T68920,4,4
T70100,4,4
T74061,4,4
T76210,4,4
T7X600,4,4
T80110,4,4
T86320,4,4
T88205,4,4
TX0920,4,4
TX1112,4,4
TX1321,4,4
TX2203,4,4
TX2500,4,4
TX2700,4,4
TX8150,4,4
TX9000,4,4
TXX862,4,4
TXY170,4,4
TXY301,4,4
TXY700,4,4
TY0609,4,4
TY1102,4,4
TY2310,4,4
TY2340,4,4
TY4000,4,4
TY5000,4,4
TY8201,4,4
TY8620,4,4
TY8750,4,4
TY9080,4,4
TY9440,4,4
TY9740,4,4
D01460,3,3
D01880,3,3
D04060,3,3
D04450,3,3
D05870,3,3
D07410,3,3
D26010,3,3
D31510,3,3
D35600,3,3
D40100,3,3
D43570,3,3
D47220,3,3
D70440,3,3
D70500,3,3
D71100,3,3
D73210,3,3
D88510,3,3
D89030,3,3
M01100,3,3
M11460,3,3
M11660,3,3
M22910,3,3
M26720,3,3
M28010,3,3
M29610,3,3
M29640,3,3
M32431,3,3
M32810,3,3
M33170,3,3
M33320,3,3
M39400,3,3
M40600,3,3
M41003,3,3
M41500,3,3
M41600,3,3
M42000,3,3
M43740,3,3
M44070,3,3
M44990,3,3
M45600,3,3
M46340,3,3
M46709,3,3
M48910,3,3
M49090,3,3
M49280,3,3
M54007,3,3
M57500,3,3
M58001,3,3
M58110,3,3
M58790,3,3
M69904,3,3
M72105,3,3
M72205,3,3
M72595,3,3
M73600,3,3
M74002,3,3
M74410,3,3
M75730,3,3
M75740,3,3
M76220,3,3
M76310,3,3
M76880,3,3
M79830,3,3
M80011,3,3
M80069,3,3
M80323,3,3
M80716,3,3
M80753,3,3
M80765,3,3
M80906,3,3
M80943,3,3
M81040,3,3
M81050,3,3
M81207,3,3
M81633,3,3
M82013,3,3
M82200,3,3
M82633,3,3
M83109,3,3
M83250,3,3
M83305,3,3
M83811,3,3
M84050,3,3
M84406,3,3
M84521,3,3
M84804,3,3
M85023,3,3
M85033,3,3
M86313,3,3
M86501,3,3
M88110,3,3
M88143,3,3
M88160,3,3
M88231,3,3
M88253,3,3
M89000,3,3
M89590,3,3
M89601,3,3
M89900,3,3
M90443,3,3
M90500,3,3
M90716,3,3
M91006,3,3
M91202,3,3
M91220,3,3
M91740,3,3
M92210,3,3
M92613,3,3
M92730,3,3
M92800,3,3
M93300,3,3
M93520,3,3
M93623,3,3
M93903,3,3
M94706,3,3
M95106,3,3
M95816,3,3
M97183,3,3
M97503,3,3
M98353,3,3
M99463,3,3
M99503,3,3
T 030,3,3
T 640,3,3
T 730,3,3
T 870,3,3
T 960,3,3
T01200,3,3
T02133,3,3
T02145,3,3
T03130,3,3
T03460,3,3
T03484,3,3
T03617,3,3
T03620,3,3
T06003,3,3
T07010,3,3
T08270,3,3
T10137,3,3
T10140,3,3
T10184,3,3
T10189,3,3
T11402,3,3
T1142Y,3,3
T11440,3,3
T11703,3,3
T11720,3,3
T1173Y,3,3
T12420,3,3
T12515,3,3
T13270,3,3
T13350,3,3
T13680,3,3
T14170,3,3
T14171,3,3
T14200,3,3
T14260,3,3
T14412,3,3
T14560,3,3
T14620,3,3
T1X005,3,3
T20100,3,3
T21350,3,3
T22360,3,3
T24340,3,3
T24910,3,3
T25201,3,3
T28110,3,3
T29220,3,3
T2Y430,3,3
T2Y520,3,3
T32410,3,3
T34000,3,3
T35000,3,3
T41940,3,3
T43113,3,3
T45300,3,3
T48150,3,3
T51002,3,3
T53002,3,3
T53010,3,3
T53100,3,3
T54040,3,3
T54920,3,3
T56070,3,3
T56110,3,3
T57030,3,3
T60240,3,3
T63870,3,3
T64320,3,3
T64391,3,3
T70130,3,3
T71030,3,3
T71160,3,3
T74060,3,3
T74300,3,3
T74310,3,3
T80200,3,3
T85010,3,3
T88700,3,3
TX1130,3,3
TX1170,3,3
TX1230,3,3
TX1660,3,3
TX1950,3,3
TX2060,3,3
TX2080,3,3
TX2202,3,3
TX7900,3,3
TX9031,3,3
TX9090,3,3
TXX080,3,3
TXX916,3,3
TXX920,3,3
TXY701,3,3
TY1330,3,3
TY2320,3,3
TY4110,3,3
TY8830,3,3
TY8840,3,3
TY9020,3,3
TY9430,3,3
TY9480,3,3
D01210,2,2
D03500,2,2
D06510,2,2
D14350,2,2
D35410,2,2
D35650,2,2
D36170,2,2
D38720,2,2
D38980,2,2
D46160,2,2
D57430,2,2
D71030,2,2
D72100,2,2
D72160,2,2
D73000,2,2
D73250,2,2
D80340,2,2
D81410,2,2
D85400,2,2
M02000,2,2
M03012,2,2
M03020,2,2
M03070,2,2
M03090,2,2
M04120,2,2
M11310,2,2
M14117,2,2
M14400,2,2
M15600,2,2
M18500,2,2
M20190,2,2
M20500,2,2
M21560,2,2
M21670,2,2
M22201,2,2
M22930,2,2
M22960,2,2
M23030,2,2
M24520,2,2
M26600,2,2
M27660,2,2
M29000,2,2
M29280,2,2
M29700,2,2
M31030,2,2
M31120,2,2
M31270,2,2
M31550,2,2
M31580,2,2
M31606,2,2
M31730,2,2
M32220,2,2
M32471,2,2
M32604,2,2
M32711,2,2
M32802,2,2
M32850,2,2
M33130,2,2
M33150,2,2
M33440,2,2
M33450,2,2
M33492,2,2
M33601,2,2
M34010,2,2
M35000,2,2
M35110,2,2
M36380,2,2
M36660,2,2
M38001,2,2
M39200,2,2
M39450,2,2
M40006,2,2
M40008,2,2
M40800,2,2
M41730,2,2
M41743,2,2
M44120,2,2
M46360,2,2
M46427,2,2
M46840,2,2
M47401,2,2
M47902,2,2
M48200,2,2
M49006,2,2
M49520,2,2
M49710,2,2
M50081,2,2
M52470,2,2
M53302,2,2
M54121,2,2
M54127,2,2
M54180,2,2
M54201,2,2
M55160,2,2
M55502,2,2
M55520,2,2
M55730,2,2
M56880,2,2
M57130,2,2
M57330,2,2
M58080,2,2
M58380,2,2
M58500,2,2
M65500,2,2
M69791,2,2
M69970,2,2
M70000,2,2
M71003,2,2
M71077,2,2
M71801,2,2
M72050,2,2
M72550,2,2
M72590,2,2
M72830,2,2
M74205,2,2
M74440,2,2
M74500,2,2
M74920,2,2
M75530,2,2
M75550,2,2
M75720,2,2
M75960,2,2
M76005,2,2
M76055,2,2
M76101,2,2
M76151,2,2
M76401,2,2
M76410,2,2
M76806,2,2
M76990,2,2
M77620,2,2
M77800,2,2
M78330,2,2
M79430,2,2
M79440,2,2
M79510,2,2
M80019,2,2
M80126,2,2
M80233,2,2
M80353,2,2
M80366,2,2
M80504,2,2
M80707,2,2
M81211,2,2
M81460,2,2
M82303,2,2
M82502,2,2
M83161,2,2
M83193,2,2
M83234,2,2
M83236,2,2
M84016,2,2
M84523,2,2
M84602,2,2
M84604,2,2
M84704,2,2
M84809,2,2
M84909,2,2
M85040,2,2
M85506,2,2
M85843,2,2
M85863,2,2
M85870,2,2
M86207,2,2
M86921,2,2
M88043,2,2
M88063,2,2
M88260,2,2
M88280,2,2
M88361,2,2
M88420,2,2
M88504,2,2
M88507,2,2
M88517,2,2
M88533,2,2
M88904,2,2
M88920,2,2
M89300,2,2
M89830,2,2
M90633,2,2
M90646,2,2
M91001,2,2
M91100,2,2
M91503,2,2
M91903,2,2
M91923,2,2
M92313,2,2
M93853,2,2
M94130,2,2
M94407,2,2
M94713,2,2
M95023,2,2
M96951,2,2
M97013,2,2
M97083,2,2
M97273,2,2
M97373,2,2
M99313,2,2
M99711,2,2
MYYX93,2,2
T 040,2,2
T 050,2,2
T 170,2,2
T 210,2,2
T 240,2,2
T 310,2,2
T 650,2,2
T 6Y0,2,2
T 760,2,2
T 770,2,2
T 930,2,2
T Y70,2,2
T02143,2,2
T02206,2,2
T02305,2,2
T02463,2,2
T02502,2,2
T03131,2,2
T03135,2,2
T03150,2,2
T03200,2,2
T03431,2,2
T03432,2,2
T03453,2,2
T03500,2,2
T03501,2,2
T03503,2,2
T03652,2,2
T03813,2,2
T03835,2,2
T07020,2,2
T07100,2,2
T08420,2,2
T08456,2,2
T08500,2,2
T08520,2,2
T08650,2,2
T08820,2,2
T09730,2,2
T0X000,2,2
T10149,2,2
T10166,2,2
T10185,2,2
T10356,2,2
T10358,2,2
T10775,2,2
T11360,2,2
T11400,2,2
T1143X,2,2
T1143Y,2,2
T11550,2,2
T11734,2,2
T12590,2,2
T12610,2,2
T12810,2,2
T13450,2,2
T13480,2,2
T13610,2,2
T13690,2,2
T14411,2,2
T14422,2,2
T14451,2,2
T14740,2,2
T16230,2,2
T17520,2,2
T18640,2,2
T1X120,2,2
T21082,2,2
T21320,2,2
T21342,2,2
T22320,2,2
T23600,2,2
T26980,2,2
T28120,2,2
T28130,2,2
T29360,2,2
T2Y530,2,2
T2Y621,2,2
T30000,2,2
T31020,2,2
T32130,2,2
T33070,2,2
T33450,2,2
T34200,2,2
T44120,2,2
T44250,2,2
T45120,2,2
T45200,2,2
T45301,2,2
T45540,2,2
T45720,2,2
T45900,2,2
T45920,2,2
T46010,2,2
T46310,2,2
T46400,2,2
T46500,2,2
T48160,2,2
T48330,2,2
T48500,2,2
T48501,2,2
T48530,2,2
T48741,2,2
T48780,2,2
T48890,2,2
T48930,2,2
T51060,2,2
T51240,2,2
T54900,2,2
T54940,2,2
T56090,2,2
T56100,2,2
T57300,2,2
T63210,2,2
T63310,2,2
T63940,2,2
T63950,2,2
T65410,2,2
T65500,2,2
T65920,2,2
T66060,2,2
T67040,2,2
T71003,2,2
T71032,2,2
T71900,2,2
T78800,2,2
T80900,2,2
T81110,2,2
T81920,2,2
T82900,2,2
T83210,2,2
T85030,2,2
T86000,2,2
T87410,2,2
T87420,2,2
T88210,2,2
T88300,2,2
T89960,2,2
T95000,2,2
TX0560,2,2
TX0710,2,2
TX1210,2,2
TX1670,2,2
TX2302,2,2
TX2402,2,2
TX2502,2,2
TX8640,2,2
TX9180,2,2
TX9210,2,2
TX9230,2,2
TX9450,2,2
TX9470,2,2
TXX006,2,2
TXX180,2,2
TXX400,2,2
TXX880,2,2
TXX881,2,2
TXX960,2,2
TXY320,2,2
TXY367,2,2
TY1021,2,2
TY1101,2,2
TY1231,2,2
TY1420,2,2
TY2110,2,2
TY2140,2,2
TY2202,2,2
TY4140,2,2
TY4200,2,2
TY4241,2,2
TY4401,2,2
TY4430,2,2
TY4510,2,2
TY4520,2,2
TY4570,2,2
TY7040,2,2
TY8220,2,2
TY8520,2,2
TY8610,2,2
TY8780,2,2
TY8813,2,2
TY8822,2,2
TY9310,2,2
TY9820,2,2
D01230,1,1
D05202,1,1
D05572,1,1
D05670,1,1
D06500,1,1
D07700,1,1
D11920,1,1
D20020,1,1
D20400,1,1
D22000,1,1
D30500,1,1
D30720,1,1
D34500,1,1
D36000,1,1
D36210,1,1
D36300,1,1
D36330,1,1
D38300,1,1
D38750,1,1
D38910,1,1
D38920,1,1
D41410,1,1
D41700,1,1
D43420,1,1
D43610,1,1
D44000,1,1
D46000,1,1
D46190,1,1
D47000,1,1
D47370,1,1
D47600,1,1
D50880,1,1
D63570,1,1
D65100,1,1
D65110,1,1
D65650,1,1
D71110,1,1
D72000,1,1
D72600,1,1
D73730,1,1
D74430,1,1
D75110,1,1
D84500,1,1
D87210,1,1
D8X020,1,1
D8X305,1,1
DX5730,1,1
DY0020,1,1
DY0850,1,1
infila,1,1
M00030,1,1
M01120,1,1
M02510,1,1
M02520,1,1
M03015,1,1
M03060,1,1
M03130,1,1
M03260,1,1
M09030,1,1
M10000,1,1
M10050,1,1
M10500,1,1
M11640,1,1
M14000,1,1
M14113,1,1
M14115,1,1
M14940,1,1
M18100,1,1
M18202,1,1
M20150,1,1
M20610,1,1
M22080,1,1
M22392,1,1
M23620,1,1
M25400,1,1
M26060,1,1
M26540,1,1
M26651,1,1
M29240,1,1
M30100,1,1
M30290,1,1
M31110,1,1
M31450,1,1
M31605,1,1
M32106,1,1
M32423,1,1
M32590,1,1
M32660,1,1
M32703,1,1
M33140,1,1
M33401,1,1
M33402,1,1
M33408,1,1
M33502,1,1
M33504,1,1
M33505,1,1
M33522,1,1
M33620,1,1
M33775,1,1
M33805,1,1
M33910,1,1
M34006,1,1
M34300,1,1
M35103,1,1
M35301,1,1
M36503,1,1
M36510,1,1
M37003,1,1
M37010,1,1
M37050,1,1
M38010,1,1
M38120,1,1
M38150,1,1
M38240,1,1
M39110,1,1
M39360,1,1
M40045,1,1
M40300,1,1
M40705,1,1
M40900,1,1
M41006,1,1
M41030,1,1
M43035,1,1
M43180,1,1
M44050,1,1
M44450,1,1
M45005,1,1
M45271,1,1
M45351,1,1
M45690,1,1
M46540,1,1
M46700,1,1
M46770,1,1
M46860,1,1
M46870,1,1
M47000,1,1
M47110,1,1
M47460,1,1
M47480,1,1
M48150,1,1
M48410,1,1
M48430,1,1
M48440,1,1
M48521,1,1
M48550,1,1
M48570,1,1
M48620,1,1
M48820,1,1
M48880,1,1
M48900,1,1
M48962,1,1
M48982,1,1
M49005,1,1
M49251,1,1
M49502,1,1
M49570,1,1
M49780,1,1
M50060,1,1
M50630,1,1
M51100,1,1
M51500,1,1
M52121,1,1
M52130,1,1
M52300,1,1
M52620,1,1
M53100,1,1
M54080,1,1
M54090,1,1
M54150,1,1
M54701,1,1
M54836,1,1
M55150,1,1
M55501,1,1
M57260,1,1
M57270,1,1
M58550,1,1
M58740,1,1
M66752,1,1
M69769,1,1
M69786,1,1
M69910,1,1
M71004,1,1
M71330,1,1
M71480,1,1
M71601,1,1
M71622,1,1
M72003,1,1
M72102,1,1
M72103,1,1
M72197,1,1
M72441,1,1
M72495,1,1
M72610,1,1
M72990,1,1
M73001,1,1
M73315,1,1
M73325,1,1
M73373,1,1
M73503,1,1
M74326,1,1
M74840,1,1
M74950,1,1
M75520,1,1
M75540,1,1
M75570,1,1
M75660,1,1
M76020,1,1
M76030,1,1
M76050,1,1
M76120,1,1
M76240,1,1
M76306,1,1
M76803,1,1
M76809,1,1
M76822,1,1
M76830,1,1
M76870,1,1
M77810,1,1
M78170,1,1
M79390,1,1
M79680,1,1
M80059,1,1
M80065,1,1
M80214,1,1
M80313,1,1
M80400,1,1
M80414,1,1
M80433,1,1
M80509,1,1
M80724,1,1
M80726,1,1
M80927,1,1
M80935,1,1
M80983,1,1
M81030,1,1
M81103,1,1
M81223,1,1
M81243,1,1
M81407,1,1
M81444,1,1
M81459,1,1
M81900,1,1
M82040,1,1
M82210,1,1
M82434,1,1
M82543,1,1
M82572,1,1
M82609,1,1
M82635,1,1
M82653,1,1
M82901,1,1
M83104,1,1
M83130,1,1
M83231,1,1
M84010,1,1
M84304,1,1
M84402,1,1
M84415,1,1
M84702,1,1
M84712,1,1
M84807,1,1
M84813,1,1
M85013,1,1
M85200,1,1
M85213,1,1
M85704,1,1
M85833,1,1
M85853,1,1
M86314,1,1
M86401,1,1
M86500,1,1
M86931,1,1
M87140,1,1
M87217,1,1
M87220,1,1
M87436,1,1
M88014,1,1
M88106,1,1
M88153,1,1
M88240,1,1
M88351,1,1
M88423,1,1
M88509,1,1
M88911,1,1
M88950,1,1
M89013,1,1
M89040,1,1
M89307,1,1
M89504,1,1
M89633,1,1
M89643,1,1
M89733,1,1
M89807,1,1
M89821,1,1
M90006,1,1
M90150,1,1
M90206,1,1
M90300,1,1
M90583,1,1
M90634,1,1
M91041,1,1
M91250,1,1
M91303,1,1
M91373,1,1
M91836,1,1
M91873,1,1
M92101,1,1
M92120,1,1
M92130,1,1
M92207,1,1
M92213,1,1
M92403,1,1
M92406,1,1
M92701,1,1
M93700,1,1
M93901,1,1
M94253,1,1
M94920,1,1
M95090,1,1
M95380,1,1
M95383,1,1
M95401,1,1
M95710,1,1
M95909,1,1
M95934,1,1
M96323,1,1
M96783,1,1
M96923,1,1
M96973,1,1
M97263,1,1
M97306,1,1
M97423,1,1
M98218,1,1
M98333,1,1
M99693,1,1
MYYX33,1,1
MYYXY3,1,1
T 060,1,1
T 1X0,1,1
T 250,1,1
T 350,1,1
T 710,1,1
T 720,1,1
T 800,1,1
T 940,1,1
T00040,1,1
T00600,1,1
T01301,1,1
T01310,1,1
T01520,1,1
T01613,1,1
T01620,1,1
T02000,1,1
T02109,1,1
T02211,1,1
T02414,1,1
T02421,1,1
T02484,1,1
T02488,1,1
T02635,1,1
T02660,1,1
T02690,1,1
T03105,1,1
T03106,1,1
T03112,1,1
T03113,1,1
T03132,1,1
T03151,1,1
T03152,1,1
T03305,1,1
T03390,1,1
T03412,1,1
T03421,1,1
T03461,1,1
T03463,1,1
T03483,1,1
T03507,1,1
T03545,1,1
T03612,1,1
T03651,1,1
T03662,1,1
T03666,1,1
T03834,1,1
T03854,1,1
T03880,1,1
T04023,1,1
T05000,1,1
T05050,1,1
T05200,1,1
T06001,1,1
T08370,1,1
T08454,1,1
T08460,1,1
T08470,1,1
T08630,1,1
T08660,1,1
T08670,1,1
T08690,1,1
T08760,1,1
T08800,1,1
T08830,1,1
T09770,1,1
T10102,1,1
T10156,1,1
T10190,1,1
T10196,1,1
T10318,1,1
T10352,1,1
T10354,1,1
T10400,1,1
T10514,1,1
T10630,1,1
T10720,1,1
T10748,1,1
T10830,1,1
T11301,1,1
T11366,1,1
T11370,1,1
T11431,1,1
T11590,1,1
T11600,1,1
T11660,1,1
T1170X,1,1
T11714,1,1
T11753,1,1
T11755,1,1
T11790,1,1
T11850,1,1
T11890,1,1
T11910,1,1
T12010,1,1
T12013,1,1
T12020,1,1
T12092,1,1
T12292,1,1
T12430,1,1
T12460,1,1
T12690,1,1
T13160,1,1
T13250,1,1
T13281,1,1
T13300,1,1
T13330,1,1
T13390,1,1
T13495,1,1
T13520,1,1
T14140,1,1
T14173,1,1
T14310,1,1
T14440,1,1
T14460,1,1
T14490,1,1
T14530,1,1
T14550,1,1
T14630,1,1
T14730,1,1
T17220,1,1
T17860,1,1
T18020,1,1
T18358,1,1
T18951,1,1
T18969,1,1
T1X020,1,1
T1X140,1,1
T1X300,1,1
T21080,1,1
T21110,1,1
T21310,1,1
T21390,1,1
T21430,1,1
T22220,1,1
T22310,1,1
T23010,1,1
T24000,1,1
T24011,1,1
T24341,1,1
T26210,1,1
T26220,1,1
T26440,1,1
T26710,1,1
T27000,1,1
T27600,1,1
T28090,1,1
T28190,1,1
T28210,1,1
T29210,1,1
T2Y031,1,1
T2Y310,1,1
T2Y411,1,1
T2Y450,1,1
T2Y470,1,1
T2Y480,1,1
T2Y510,1,1
T2Y601,1,1
T31040,1,1
T32040,1,1
T32190,1,1
T33410,1,1
T33460,1,1
T33510,1,1
T37000,1,1
T38010,1,1
T38100,1,1
T38200,1,1
T38300,1,1
T38500,1,1
T40010,1,1
T40050,1,1
T40910,1,1
T44110,1,1
T45240,1,1
T45298,1,1
T46720,1,1
T46910,1,1
T46911,1,1
T46912,1,1
T47420,1,1
T48170,1,1
T48200,1,1
T48340,1,1
T48723,1,1
T48783,1,1
T48910,1,1
T49080,1,1
T49530,1,1
T51600,1,1
T52030,1,1
T53220,1,1
T54300,1,1
T54930,1,1
T55130,1,1
T55220,1,1
T56210,1,1
T58200,1,1
T58300,1,1
T59900,1,1
T59950,1,1
T60110,1,1
T61210,1,1
T61240,1,1
T62900,1,1
T63140,1,1
T63230,1,1
T63520,1,1
T63710,1,1
T63810,1,1
T64070,1,1
T65000,1,1
T65400,1,1
T67010,1,1
T67060,1,1
T67900,1,1
T67960,1,1
T68100,1,1
T6X410,1,1
T6X930,1,1
T70210,1,1
T71031,1,1
T71040,1,1
T71161,1,1
T72100,1,1
T72800,1,1
T73002,1,1
T73900,1,1
T73910,1,1
T73920,1,1
T74130,1,1
T74200,1,1
T74321,1,1
T74800,1,1
T74910,1,1
T74920,1,1
T74930,1,1
T75050,1,1
T75210,1,1
T76211,1,1
T76220,1,1
T76331,1,1
T77000,1,1
T77102,1,1
T77560,1,1
T78300,1,1
T78900,1,1
T79180,1,1
T79181,1,1
T7X220,1,1
T7X410,1,1
T80120,1,1
T80130,1,1
T82200,1,1
T82920,1,1
T82922,1,1
T83200,1,1
T83220,1,1
T83320,1,1
T84100,1,1
T85400,1,1
T86220,1,1
T86971,1,1
T86972,1,1
T87200,1,1
T87670,1,1
T88260,1,1
T89710,1,1
T89720,1,1
T8X120,1,1
T8X510,1,1
T93300,1,1
T94000,1,1
T96500,1,1
T97800,1,1
TX0950,1,1
TX0975,1,1
TX1150,1,1
TX1180,1,1
TX1200,1,1
TX1231,1,1
TX1300,1,1
TX1420,1,1
TX2210,1,1
TX2220,1,1
TX2293,1,1
TX2310,1,1
TX2400,1,1
TX2494,1,1
TX2598,1,1
TX2910,1,1
TX3010,1,1
TX3100,1,1
TX3400,1,1
TX3530,1,1
TX5160,1,1
TX6040,1,1
TX7700,1,1
TX7800,1,1
TX8320,1,1
TX8330,1,1
TX8550,1,1
TX8570,1,1
TX9010,1,1
TX9170,1,1
TX9380,1,1
TX9810,1,1
TXX207,1,1
TXX553,1,1
TXX617,1,1
TXX700,1,1
TXX757,1,1
TXX812,1,1
TXX814,1,1
TXX917,1,1
TXX961,1,1
TXX962,1,1
TXY120,1,1
TXY201,1,1
TXY202,1,1
TXY205,1,1
TXY410,1,1
TXY490,1,1
TXY520,1,1
TXY600,1,1
TXY951,1,1
TY0111,1,1
TY0120,1,1
TY0140,1,1
TY0205,1,1
TY0206,1,1
TY0207,1,1
TY0310,1,1
TY0420,1,1
TY0450,1,1
TY0602,1,1
TY1120,1,1
TY1300,1,1
TY2130,1,1
TY4410,1,1
TY4432,1,1
TY4540,1,1
TY4580,1,1
TY4650,1,1
TY6240,1,1
TY8010,1,1
TY8202,1,1
TY8203,1,1
TY8730,1,1
TY8802,1,1
TY8804,1,1
TY8841,1,1
TY9010,1,1
TY9060,1,1
TY9401,1,1
TY9420,1,1
TY9510,1,1
TY9520,1,1
TY9600,1,1
TY9730,1,1
TY9814,1,1
TY9822,1,1
