code,freq_finngen,freq_tays,freq_total
C07AB07,1310852,29082,1339934
C10AA01,1191498,10827,1202325
M01AE01,1046168,65553,1111721
H03AA01,982283,17231,999514
G03CA03,983867,7635,991502
N02BE01,745653,177303,922956
A10BA02,741412,8135,749547
A02BC02,604510,55882,660392
C08CA01,635322,18706,654028
C10AA05,634283,10388,644671
C07AB02,580267,18721,598988
N05CF01,547613,27886,575499
A12AX,487037,33588,520625
R03AC02,499136,12563,511699
C09AA05,489318,10995,500313
J01DB01,441928,35488,477416
J01CA04,460867,11482,472349
C03CA01,403983,61586,465569
B01AA03,430802,11273,442075
A02BC05,422635,13832,436467
C09AA02,429607,4541,434148
J01AA02,399364,6485,405849
C09CA01,379285,7269,386554
N05BA04,351236,28624,379860
M01AB05,368404,7417,375821
N06AB04,361229,2929,364158
N05AH02,359096,1214,360310
H02AB06,308718,44323,353041
C09CA06,340492,5127,345619
R06AE07,321156,15778,336934
M03BX02,326604,3326,329930
N05AH04,317467,9153,326620
S01XA20,313342,9866,323208
N06AX11,302472,9006,311478
N02AA59,271018,27644,298662
C01DA14,289761,7145,296906
N02AX02,266208,24899,291107
M01AH05,275178,7496,282674
M01AE02,266852,4568,271420
R01AD09,262075,2151,264226
R03AK06,258273,3774,262047
N03AX16,250506,10442,260948
G04CA02,249524,10549,260073
A02BC03,256147,2376,258523
C03EA01,255471,1679,257150
J01CE02,246410,3295,249705
N06AB10,235817,4100,239917
J01FA10,238163,910,239073
C10AA07,235946,2859,238805
N05BA01,195559,33494,229053
R03AK07,215705,2454,218159
R03BA05,216025,1560,217585
A02BC01,202368,14389,216757
N02AA05,80499,135690,216189
N06AX16,209656,5228,214884
N05CF02,210334,3935,214269
C09DA01,211418,2064,213482
C09BA02,205265,1301,206566
A10AE04,201283,4978,206261
J02AC01,200352,5696,206048
N05AH03,197914,2055,199969
C08CA02,195354,1948,197302
A10AC01,194212,2829,197041
C08CA13,191021,3538,194559
R03BA02,189302,1890,191192
R01AD08,181945,1913,183858
N05BA12,179752,1464,181216
G03FA01,178644,647,179291
C01DA08,168807,10188,178995
C07AA05,168542,3930,172472
N05CD07,156062,14312,170374
J01CR02,159939,9150,169089
N03AG01,165209,1933,167142
J01CA08,161029,5965,166994
A07EC02,162436,2665,165101
M04AA01,155613,9412,165025
N02CC01,163299,975,164274
A10AB05,136123,17733,153856
N06AB03,152203,630,152833
C01DA02,143843,4301,148144
N05AX08,143938,4124,148062
G04CB01,144668,1813,146481
B01AB05,95328,50653,145981
L04AX03,139418,5654,145072
C09DA06,143675,1230,144905
R03DC03,143279,1587,144866
R03BA01,140406,1057,141463
A07EC01,138794,2502,141296
R03BB04,136895,3284,140179
M01AE03,132293,5044,137337
R06AX27,132879,2128,135007
M01AC06,133094,741,133835
C09CA03,129668,2798,132466
S01ED51,125143,3749,128892
N02AJ06,113215,13883,127098
A10BB12,125775,624,126399
B01AC04,120403,5894,126297
N06AB06,124524,1334,125858
D07AC01,119408,5899,125307
J01MA02,109811,14764,124575
A10BH01,121995,2516,124511
C07AG02,121881,882,122763
N05BA06,106973,15588,122561
A10AB04,120726,846,121572
G03FB05,120206,134,120340
A06AC01,114948,4882,119830
C07AB03,117203,504,117707
G03HB01,117351,135,117486
A10AE05,110815,2796,113611
C01AA05,103898,8440,112338
C03DA01,106786,4829,111615
R01BA52,108868,1805,110673
R01AD12,106202,3907,110109
M02AA07,109076,591,109667
N06AX21,105902,2687,108589
A03FA01,50785,54609,105394
N03AE01,103247,1685,104932
C10AA04,103865,707,104572
N03AX09,101649,1347,102996
C09CA07,100692,1140,101832
A06AD11,80060,21435,101495
J01FA06,100161,334,100495
R06AX22,99487,802,100289
M05BA04,98909,915,99824
N06CA01,98996,719,99715
P01AB01,88475,9995,98470
A02BA02,96720,1742,98462
B01AC30,96065,1967,98032
R03AC03,96620,590,97210
R05FA02,93634,3304,96938
C08DB01,95002,1115,96117
C09DA03,93910,913,94823
P01BA02,90721,3799,94520
N03AX12,90799,3654,94453
J01EA01,87103,6843,93946
G04CA01,91270,2232,93502
M01AX05,91517,1827,93344
D07AC13,90837,1642,92479
N02AE01,85497,5577,91074
C03AA03,85609,3877,89486
C08CA05,87899,1558,89457
G03FB06,88762,25,88787
J05AB01,82570,5583,88153
C10AX09,84965,1068,86033
N06AA09,78650,7053,85703
N03AF01,83951,585,84536
R06AE09,83223,1192,84415
C09AA03,83762,614,84376
S01EE01,81319,2276,83595
C09AA04,80487,1087,81574
H02AB04,68643,12006,80649
S01GX01,79869,780,80649
M03BC51,78221,675,78896
R05FB02,78555,8,78563
C07BB07,78050,460,78510
N04BC05,76842,1472,78314
N05AB03,77090,349,77439
R06AX13,76962,474,77436
N05AA02,76119,989,77108
C10AA03,76324,774,77098
D07AB02,75264,1722,76986
L04AX01,73653,2776,76429
S01CA01,71789,4442,76231
N06AB05,75771,232,76003
D01BA02,75380,438,75818
NA,40881,34518,75399
A10AB01,74392,846,75238
J01FA09,74106,364,74470
J01FF01,66673,5065,71738
C09DA07,70480,550,71030
G03FA12,70763,240,71003
N05AX12,69093,840,69933
H02AB07,66487,296,66783
G04CA52,64127,1629,65756
R01AD01,64283,424,64707
G03BA03,62379,1241,63620
J01EE02,61205,2340,63545
J01MA12,38314,24530,62844
N05AN01,61449,205,61654
M01AH01,60421,566,60987
C10AA02,59431,160,59591
C01BC04,58872,643,59515
N06DX01,56329,2236,58565
C07FB02,57805,334,58139
N02CC03,57895,126,58021
A12BA01,36387,20107,56494
N07CA01,55226,884,56110
B01AC07,55369,199,55568
M03BC01,52151,2888,55039
C07AB05,54366,138,54504
L01BA01,51958,1846,53804
A04AA01,11112,42635,53747
R03AC12,52690,145,52835
A10BB01,52486,15,52501
C02AC05,50786,1143,51929
N05AF03,51071,415,51486
H02AB02,17811,33448,51259
D07AD01,48266,2917,51183
N03AF02,49500,1405,50905
M01AG02,50470,118,50588
D01AC20,48435,2054,50489
B01AB10,11914,37930,49844
J01DC02,7780,41648,49428
A10BD07,48530,658,49188
N06DA02,46833,1780,48613
D07XC01,47030,1097,48127
NA,40881,6789,47670
J05AB11,45635,1768,47403
C07AB08,46920,199,47119
R03AC13,46645,335,46980
J01AA07,46114,833,46947
B03BA03,43244,3244,46488
G03FB08,46076,327,46403
G04CB02,45292,728,46020
R05DA20,45447,374,45821
G04BD08,44185,1365,45550
C09BA03,45236,184,45420
L04AD01,40702,3695,44397
N04BA02,42070,1722,43792
B01AF01,40416,3315,43731
N06AA12,43183,365,43548
C07AA07,43362,181,43543
R03DA04,42816,405,43221
C08DA01,42468,420,42888
G03DB01,42287,440,42727
J02AC02,42372,145,42517
G03FA14,42042,310,42352
R03BA08,41089,1247,42336
C05AA08,37219,4564,41783
B02AA02,34614,7031,41645
R01AD58,40324,913,41237
N04AA02,40292,304,40596
S01ED01,40112,339,40451
N02CC04,39596,126,39722
N02AB03,23142,16313,39455
G04BD12,35871,3352,39223
N05AD01,31700,7011,38711
N06AX12,37556,875,38431
C03EB01,37955,438,38393
L02BG04,28749,9394,38143
N02CC06,37662,92,37754
C09DB01,37081,385,37466
B01AF02,32935,3723,36658
R01AD11,35966,104,36070
R01AD05,35894,86,35980
N06AX03,35184,232,35416
G03DA02,34245,111,34356
A04AA02,10054,23846,33900
B01AC06,12977,20880,33857
M02AA10,33536,283,33819
A02BC04,32989,471,33460
D07AA02,31107,2328,33435
M05BA07,32989,294,33283
G03DC02,32127,1036,33163
N03AX11,32183,619,32802
L02BA01,28183,4049,32232
S01EC04,30635,1225,31860
H02AB09,19803,11663,31466
N06DA03,29993,1396,31389
A10AD01,31272,1,31273
N06AG02,30833,90,30923
N03AX14,25382,4543,29925
J01AA04,29327,285,29612
N05AF05,29184,410,29594
J01MA06,29226,237,29463
A10BH05,28122,1170,29292
D07AB08,26861,2099,28960
L02AE02,22976,5881,28857
G04BD04,28314,358,28672
L04AA06,26358,2269,28627
G04BD07,28080,243,28323
C03BA11,27795,220,28015
N02CC05,27742,136,27878
D10BA01,27375,294,27669
R06AX26,26939,268,27207
D06BX01,26187,624,26811
G03CX01,26575,116,26691
G01AA10,26245,170,26415
A05AA02,24751,831,25582
C09AA01,25548,26,25574
D07CC01,25077,475,25552
C08CA10,25222,248,25470
R03AK03,24290,924,25214
N02CC07,24897,160,25057
D05AX52,24501,515,25016
A10BG03,24787,224,25011
D07BB04,24274,553,24827
C07AB04,24599,76,24675
J01EE01,15892,8213,24105
B01AE07,22489,1494,23983
A07DA03,7740,16030,23770
M01AB01,23453,317,23770
B05DA,23097,602,23699
C01BD01,20942,2468,23410
M05BX04,17617,5318,22935
N05BE01,22711,51,22762
D07BC01,22485,152,22637
A12AA04,17469,5156,22625
C09CA08,22062,123,22185
A11CC03,20603,1303,21906
C07BB02,21780,121,21901
L04AB04,21087,665,21752
C09BA04,21259,179,21438
D01AE16,21324,88,21412
M01CB01,21055,223,21278
A10BK03,20251,996,21247
D07BA04,20479,656,21135
D07CA01,20423,565,20988
G03CA04,19716,1257,20973
L04AA13,20222,656,20878
A03FA02,20747,61,20808
C03EA02,20642,38,20680
C09BA05,20289,213,20502
M01AB55,20417,66,20483
M05BB03,20051,174,20225
N07BB01,19759,165,19924
D02AE01,19127,710,19837
R03BB01,15069,4744,19813
N05BA02,19637,168,19805
C01CA24,18485,1189,19674
R01BA51,19323,4,19327
N06BA04,18555,765,19320
A01AB09,18388,884,19272
N05BB01,9747,9343,19090
N06AB08,19039,14,19053
A10BH02,18178,844,19022
N02AA01,1924,17066,18990
S01EE03,18677,298,18975
S01EE04,18417,324,18741
B01AB04,13493,5220,18713
S01EE05,17728,953,18681
N05CD08,7371,11208,18579
A10AD05,18058,474,18532
G03FA17,18462,59,18521
L02BB03,16321,2162,18483
D10AX03,18203,74,18277
A07AA02,13311,4625,17936
C07AB12,17430,438,17868
R03BC03,17713,34,17747
G04BD11,17059,556,17615
H05BA01,17310,303,17613
J01FA01,17335,253,17588
D05AX02,17527,34,17561
S01EA05,16596,955,17551
H03BB01,16368,1163,17531
L04AD02,15655,1834,17489
C08CA03,17132,179,17311
N05AA01,16869,149,17018
A03CA02,16410,549,16959
M01AB08,16720,68,16788
J01MA14,12814,3845,16659
H01BA02,15132,1352,16484
N06AA06,16384,50,16434
L01BC06,10271,6161,16432
A10BX01,16235,14,16249
N06AA04,16088,107,16195
N02CC02,16131,22,16153
N06AX26,15484,504,15988
A09AA02,12638,3342,15980
L04AB01,15419,446,15865
J01MA01,15651,82,15733
D06AX01,12436,3000,15436
L03AA13,10018,5269,15287
C09DX01,15021,179,15200
J01FA15,15161,35,15196
N06AX05,14885,108,14993
C07AA03,14582,26,14608
B05DB,14329,257,14586
L03AA02,7245,7316,14561
B03XA02,11129,3353,14482
N06DA04,14012,442,14454
M05BA06,13075,1203,14278
R03AL02,3413,10852,14265
G03AC03,14042,18,14060
M02AA15,12725,1295,14020
A06AC51,13464,362,13826
A10BB07,13720,29,13749
R05DA01,12569,1109,13678
N05AL01,13553,43,13596
N04BC04,13076,484,13560
A07EA06,12924,604,13528
C09CA02,13427,70,13497
R03AK08,12005,1452,13457
N04BD01,13109,241,13350
G02BA03,12821,314,13135
G04BD09,12852,204,13056
R03AK11,12550,488,13038
M03BX01,12405,584,12989
C10AB05,12838,136,12974
A10BK01,12573,242,12815
G04BE03,8657,3571,12228
L01XX05,10071,1876,11947
A10BJ02,11633,288,11921
C02CA01,10159,1694,11853
L02BG03,10581,1266,11847
B01AC24,9731,1980,11711
R03AK10,10999,562,11561
N05AF01,11341,46,11387
D01AC02,10175,1011,11186
C08CA07,11121,42,11163
S01BA01,8444,2567,11011
S01GX02,10978,30,11008
A04AD12,4776,6213,10989
D05BB02,10124,802,10926
C09BB04,10789,113,10902
S01ED02,10775,106,10881
G04BE01,9762,1038,10800
N04BA03,10236,564,10800
S01EC03,10552,205,10757
G03DA04,10008,668,10676
R03DC01,10440,22,10462
C10AC01,9702,712,10414
H04AA01,9995,309,10304
S01EC01,9408,882,10290
A02BA03,9876,241,10117
A10BD03,10108,9,10117
J01CE08,9703,318,10021
R03AL01,7660,2356,10016
D06BB04,9866,58,9924
A07EA02,9500,398,9898
N06AA10,8814,1052,9866
M09AA72,9346,337,9683
N05CD02,9383,222,9605
H01CB02,7579,1943,9522
D06BB03,9182,314,9496
G01AF05,9483,7,9490
D10AF01,8612,863,9475
N01BB02,673,8785,9458
D02AX,8914,530,9444
M01AX01,9354,20,9374
N02CA52,9330,5,9335
M09AX01,9210,29,9239
A10AB06,8890,342,9232
D01AE15,8574,598,9172
L03AB07,8968,58,9026
C10AB02,8948,44,8992
C05AA01,8773,181,8954
G03DC03,8701,243,8944
H02BX01,8899,37,8936
N03AB02,8795,119,8914
C09DA02,8869,43,8912
R03CC02,8818,52,8870
S01AA01,2853,5920,8773
N07BA03,6654,2067,8721
V03AE01,4809,3909,8718
D01AC03,8470,21,8491
A11CC05,108,8323,8431
D07AC14,8300,31,8331
A02BX02,6958,1293,8251
G01AF01,7493,606,8099
N07AA02,7752,341,8093
A10BD08,7862,189,8051
A01AB04,6646,1155,7801
C09AA06,7705,18,7723
G03GA06,7528,192,7720
N05AE04,7617,26,7643
J01XE01,3640,3803,7443
S01GX08,7272,143,7415
G03GA01,6821,592,7413
N02AC04,7409,2,7411
L02AE03,6509,837,7346
A10BX02,7205,113,7318
R03AK04,4402,2906,7308
A10BG02,7276,5,7281
L04AB06,7051,181,7232
A02BD03,7030,157,7187
N06AX17,7026,53,7079
C09BB05,6943,16,6959
C10AB04,6907,12,6919
A10BX04,6769,91,6860
B03XA01,6216,632,6848
R06AX18,6778,18,6796
S01BC05,6570,80,6650
R01BA01,6575,60,6635
R01AC01,6599,23,6622
N05BA09,5953,659,6612
M01AG01,6529,24,6553
N06AX18,6451,33,6484
B03BA02,6266,105,6371
C09DA08,6281,34,6315
S01AD03,6009,296,6305
N05AD03,6286,13,6299
G02CB01,5989,244,6233
S01BA04,4329,1882,6211
N03AX18,4451,1542,5993
G03GA05,5274,677,5951
S02CA02,5382,569,5951
N05AX13,5828,83,5911
A10BX07,5660,229,5889
J01DB05,5766,3,5769
A10BJ01,5605,32,5637
L03AA14,3321,2316,5637
D06BB10,5276,285,5561
S01GX09,5541,14,5555
H02AA02,5234,320,5554
L03AX13,5454,62,5516
N06AX22,5342,166,5508
C07AG01,3571,1923,5494
L02BX02,4139,1327,5466
N04BD02,5020,350,5370
D07AB01,5136,21,5157
L01AX03,2315,2824,5139
C10BA02,5090,36,5126
L02BG06,2680,2344,5024
A11CC02,4854,49,4903
H01CB03,4328,568,4896
R05CB01,1547,3308,4855
R03AC18,4680,158,4838
C09BA06,4749,12,4761
H01CA02,4614,138,4752
H01AC01,4463,251,4714
M01AE52,4210,467,4677
A02BD07,4031,558,4589
C01BA03,4571,4,4575
C01BD07,4433,139,4572
R03BC01,4541,3,4544
C02AC01,1614,2888,4502
D11AH01,3737,739,4476
M01CB03,4457,4,4461
M01AB51,4333,41,4374
M01AE51,4358,1,4359
L03AB05,3726,603,4329
A10BD05,4282,23,4305
S01BC03,4225,50,4275
S01BA07,3507,735,4242
N05AE03,4200,31,4231
S01AX11,4137,18,4155
L04AX04,2422,1729,4151
S01EB01,3979,104,4083
R01AX03,3832,231,4063
R03AL06,3674,384,4058
N05AB04,3918,131,4049
J06BA01,3346,676,4022
L01BB02,3114,905,4019
G03GA02,3632,361,3993
A10AD04,3892,19,3911
L01CA04,2132,1765,3897
G01AF04,3811,84,3895
H05BX01,3214,668,3882
B03XA03,3326,510,3836
M03AX01,3666,120,3786
A04AA55,2416,1326,3742
C09BB02,3661,42,3703
J02AB02,3665,19,3684
N07BC02,3475,138,3613
D05AX03,3546,45,3591
J01XX05,2871,677,3548
J01CF02,2979,520,3499
R05DB05,3469,23,3492
L01XE01,2690,752,3442
C01BA01,3429,6,3435
L03AB08,3395,22,3417
D01AC07,3355,55,3410
L02BB04,2398,954,3352
N05CD05,3304,39,3343
C04AE01,3330,12,3342
A02BDXX,3299,35,3334
N05AC01,3209,19,3228
R01AC02,3198,8,3206
H01CC01,2780,418,3198
V03AE02,2619,466,3085
D09AB01,2760,318,3078
M05BA02,2805,272,3077
B05BB01,115,2952,3067
N04BC06,2537,505,3042
C01CA01,2719,310,3029
N05AB02,3019,1,3020
N04BB01,2872,77,2949
J05AH02,489,2443,2932
A08AB01,2898,26,2924
M05BX03,2870,45,2915
D07AC03,2895,10,2905
A10BX09,2840,62,2902
J01CF05,2547,354,2901
R03BA07,2862,16,2878
S01EC54,2737,112,2849
G04BD10,2822,25,2847
R03AL03,2611,185,2796
H05AA02,2602,186,2788
S03CA04,2585,177,2762
D10AD01,2162,530,2692
L02BA03,1702,960,2662
N03AX15,2500,151,2651
L04AX05,2570,48,2618
M05BA08,215,2376,2591
L04AA27,2422,80,2502
R05DA09,1540,864,2404
A07AA09,1649,753,2402
N04BC09,2201,182,2383
L01XE04,1469,908,2377
L02BX03,1530,832,2362
A10AE06,1975,374,2349
C10AC02,2319,8,2327
L04AB05,2241,48,2289
B01AX06,2260,24,2284
J04BA02,1852,378,2230
J01XX01,2194,30,2224
R03AL04,2072,88,2160
C09DX04,1570,576,2146
G03HA01,1965,176,2141
J04AB02,1471,619,2090
L04AA24,1859,160,2019
L01AA01,842,1173,2015
A02BD02,1979,16,1995
N04BX02,1924,66,1990
R03BB06,1905,82,1987
G02CB03,1901,85,1986
L01CB,1962,3,1965
A07EC03,1956,4,1960
L04AC05,1726,226,1952
R03DA05,1920,8,1928
D01AA02,1897,25,1922
G03GB02,1882,36,1918
S03CA01,1917,1,1918
L04AC10,1759,149,1908
C09DB02,1839,13,1852
R03DX07,1738,108,1846
V01AA05,1817,3,1820
S01GX06,1798,17,1815
R03BB07,1694,119,1813
A11DB,294,1512,1806
D11AX14,1796,7,1803
M04AA03,1472,255,1727
G03XC01,1714,8,1722
A02BB01,1204,513,1717
A12AA06,1175,540,1715
R05CA10,1701,2,1703
A01AC01,1624,65,1689
L01XX35,1399,287,1686
A03BB01,344,1310,1654
B01AF03,1215,435,1650
J01XC01,1631,12,1643
B03BA01,300,1342,1642
A06AH03,429,1200,1629
R06AE53,1571,6,1577
L02AE01,1533,13,1546
R05CB03,1526,16,1542
R03AC19,1435,96,1531
A10BD11,1478,25,1503
L01CB01,509,989,1498
N07XX09,1447,46,1493
L01XE11,576,872,1448
N06BA07,1388,52,1440
N02AA03,1346,77,1423
V01AA02,1401,15,1416
S01AA13,1090,323,1413
C03BA08,57,1334,1391
B05D,1308,73,1381
A10BJ05,1337,36,1373
B01AC22,1212,157,1369
L04AX07,1332,23,1355
L04AA31,1294,45,1339
V03AE03,1035,279,1314
L01AA02,885,423,1308
L02AB02,810,474,1284
A10BD15,1258,24,1282
N02CA01,1269,5,1274
A10BD20,1179,91,1270
J01DC04,1251,14,1265
R02AD02,1252,2,1254
L04AC07,1173,79,1252
A10BH03,1238,13,1251
S01EA03,1187,58,1245
P01BA01,1240,2,1242
C01BB02,1194,33,1227
C09BX01,1210,14,1224
A12AA12,1185,21,1206
V03AF03,216,961,1177
N03AA03,1159,14,1173
B01AX05,1044,105,1149
G04BE08,337,797,1134
R05CB02,950,182,1132
A04AD01,221,889,1110
S01FA04,1084,25,1109
J01XX08,732,373,1105
N07AA03,1071,24,1095
R03AL05,1060,35,1095
N05AH05,1048,25,1073
J05AB09,1054,13,1067
D01AC08,787,257,1044
L03AB04,908,136,1044
R03AL09,717,308,1025
N03AG04,997,27,1024
L01XE31,966,44,1010
J01CE01,29,964,993
C02KX01,920,37,957
H05BX02,828,109,937
S01FA02,686,240,926
N01BB20,535,387,922
G03XB02,654,250,904
L01BC53,528,376,904
V03AG01,598,306,904
L01XE03,571,331,902
S01CA03,160,730,890
D06BX02,859,29,888
N02AJ13,497,382,879
J02AC03,503,357,860
L01AA03,420,430,850
A04AA03,667,180,847
D11AH02,622,209,831
L01XE05,408,409,817
G02CB04,797,17,814
J02AC04,190,609,799
B02BD02,292,504,796
N07BC51,700,92,792
S01XA18,700,61,761
G03DB08,694,64,758
R03BB05,728,25,753
L02AE04,379,358,737
N06BA09,594,134,728
R03DA54,674,44,718
S01FA06,84,634,718
R03CA02,682,14,696
L01XE33,99,576,675
N07XX02,630,45,675
N07BB04,630,40,670
C07BB12,653,15,668
S01AA30,659,2,661
C02KX04,613,33,646
N06BA12,567,67,634
H02AB01,568,54,622
N04BC01,531,91,622
L01XE10,237,373,610
L04AA10,550,60,610
N03AX22,540,63,603
L02BB01,351,250,601
J01CF01,593,2,595
L01XE23,292,300,592
R03AL08,423,160,583
N05AE05,557,21,578
G04BXXX,552,17,569
A14AB01,539,26,565
C08CA06,481,74,555
A07AA11,237,313,550
J01CE09,343,202,545
L01XE08,406,139,545
B01AB01,52,490,542
C02KX05,518,1,519
R01AC03,484,25,509
H01CC02,395,110,505
J01GB01,168,329,497
S01FA01,374,108,482
B02BX05,185,296,481
L02BA02,399,78,477
J01CR50,459,17,476
L01XE07,252,219,471
L01XE06,361,109,470
L01XE18,346,117,463
D11AX15,446,4,450
M04AB01,439,7,446
L04AX02,272,164,436
L01XX11,375,59,434
N04AA01,422,1,423
V03AE04,400,20,420
L01BB05,241,177,418
H02AB08,376,26,402
L01XE17,258,143,401
G03AC06,398,1,399
N06BA02,388,7,395
G03GA30,252,135,387
L04AA29,322,62,384
A06AX04,362,19,381
L04AA32,345,34,379
L01XE02,223,142,365
N07XX04,361,3,364
G04BE09,332,21,353
L01XE25,131,219,350
L03AA10,27,323,350
L01XX47,162,169,331
C03DB01,291,30,321
L04AA37,271,50,321
N03AF04,258,50,308
D03BA02,261,46,307
R05CB13,293,11,304
S01AA12,217,73,290
D11AH04,227,62,289
G01AF08,284,5,289
B06AC02,84,202,286
L01XE21,167,114,281
N05AG02,266,1,267
A07EB01,248,1,249
R03AA01,22,226,248
L04AC13,215,31,246
L03AB13,231,11,242
D04AB01,76,163,239
A10BX12,130,107,237
V03AC03,107,123,230
L01XE13,86,140,226
V07AB,37,188,225
J01XB01,212,11,223
N03AA02,212,9,221
B01AC11,95,124,219
L01XE26,36,182,218
L01XE27,125,90,215
G03GA09,210,3,213
L01BC59,81,129,210
G02AB01,200,2,202
L01XE15,170,32,202
C09XA02,190,8,198
N03AX23,24,174,198
A10BH04,187,6,193
C02KX02,169,17,186
H03AA02,82,103,185
N06BX03,182,2,184
J01DD54,12,171,183
B02BX04,143,39,182
L01XX23,106,62,168
N03AD01,153,15,168
D10AE01,105,60,165
L01XE16,111,50,161
H03BA02,126,30,156
L04AC03,140,16,156
P01BC02,138,15,153
N03AX17,151,1,152
B05CB01,144,6,150
G04BE30,56,89,145
L01XX17,35,107,142
R03DX05,111,25,136
R06AE03,118,16,134
V03AH01,98,23,121
A07AA12,34,81,115
B05XA03,55,57,112
C01EB17,86,26,112
D06BA01,59,49,108
N03AF03,95,2,97
A10BD09,92,2,94
D03AX01,85,1,86
A10BD19,79,5,84
C02DC01,77,3,80
N07BB05,76,4,80
N04BC07,69,9,78
C10AX13,59,16,75
S01GX07,58,3,61
R06AE05,48,11,59
N07XX06,52,5,57
A04AD14,16,40,56
L04AC16,32,24,56
V04CD01,27,29,56
L03AB01,27,26,53
A11JC,50,2,52
N02CX01,46,5,51
D11A,36,7,43
S01FB01,26,12,38
L04AC14,32,5,37
N01BX04,23,11,34
J04AB04,18,12,30
1A1,4246,NA,NA
A01AB10,2940,NA,NA
A01AB17,7,NA,NA
A02AG,143,NA,NA
A02BA01,173,NA,NA
A02BA04,18372,NA,NA
A02BA07,344,NA,NA
A02BD,113,NA,NA
A02BD01,599,NA,NA
A02BX,1134,NA,NA
A02BX05,569,NA,NA
A03AX03,24,NA,NA
A03BA03,1852,NA,NA
A03CA05,2474,NA,NA
A06AC07,344,NA,NA
A06AD12,212,NA,NA
A07DA02,134,NA,NA
A07EA01,1150,NA,NA
A08AA02,868,NA,NA
A08AA04,233,NA,NA
A08AA10,1263,NA,NA
A08AX01,84,NA,NA
A10AA01,10816,NA,NA
A10AA02,12019,NA,NA
A10AA03,2489,NA,NA
A10AA04,40,NA,NA
A10AC30,711,NA,NA
A10AE01,458,NA,NA
A10BD10,166,NA,NA
A10BD13,63,NA,NA
A10BX03,232,NA,NA
B01AC05,49,NA,NA
B01AC14,171,NA,NA
B01AE05,128,NA,NA
B04AB01,1925,NA,NA
B04AB02,3560,NA,NA
B04AB03,150,NA,NA
B04AC01,129,NA,NA
B04AC02,658,NA,NA
B04AC04,686,NA,NA
B04AD01,169,NA,NA
B04AD02,234,NA,NA
B04AX03,68,NA,NA
B05XA09,91,NA,NA
B06AA55,137,NA,NA
C01BC03,1970,NA,NA
C01DA70,1176,NA,NA
C02AB01,178,NA,NA
C02LA01,173,NA,NA
C03AA09,38,NA,NA
C03BA04,12,NA,NA
C03CA02,51,NA,NA
C03DB02,148,NA,NA
C04AX01,746,NA,NA
C05AA05,601,NA,NA
C07AA01,254,NA,NA
C07AA02,228,NA,NA
C07AA06,1844,NA,NA
C07AB52,87,NA,NA
C07FB03,2955,NA,NA
C08CX01,46,NA,NA
C09AA08,180,NA,NA
C09AA16,209,NA,NA
C09BB10,215,NA,NA
C09BX02,33,NA,NA
C09CA,630,NA,NA
C10AA06,780,NA,NA
C10AB01,225,NA,NA
C10AD06,222,NA,NA
C10BX11,136,NA,NA
D01BA01,80,NA,NA
D03AX02,41,NA,NA
D03BA52,434,NA,NA
D05AA,967,NA,NA
D05AC01,32,NA,NA
D05AD01,27,NA,NA
D05AX,82,NA,NA
D05AX05,198,NA,NA
D05BA02,32,NA,NA
D06AX07,19,NA,NA
D06AX11,25,NA,NA
D06BB06,406,NA,NA
D07AB03,7,NA,NA
D07AB07,17,NA,NA
D07AB09,377,NA,NA
D07AB10,254,NA,NA
D07AC04,83,NA,NA
D07AC08,39,NA,NA
D07AC09,102,NA,NA
D07BA01,42,NA,NA
D07BB01,254,NA,NA
D07CB01,1937,NA,NA
D07XA01,260,NA,NA
D07XB01,718,NA,NA
D07XB02,1233,NA,NA
D07XB05,3082,NA,NA
D07XC02,10,NA,NA
D09AA01,8,NA,NA
D09AA12,6,NA,NA
E000001,126123,NA,NA
E000002,53278,NA,NA
E000003,14248,NA,NA
E000004,4275,NA,NA
E000005,160,NA,NA
E000006,20537,NA,NA
E000007,21913,NA,NA
E000008,321,NA,NA
G01AE10,76,NA,NA
G01AG02,448,NA,NA
G01AX03,329,NA,NA
G02CA02,77,NA,NA
G03BB01,1089,NA,NA
G03CA57,1478,NA,NA
G03CB01,2903,NA,NA
G03CC04,4585,NA,NA
G03DB02,9582,NA,NA
G03DC05,30761,NA,NA
G03FB01,4162,NA,NA
G03FB09,13890,NA,NA
G03FB11,1120,NA,NA
G03GA04,874,NA,NA
G03XA01,34,NA,NA
G04AA01,2070,NA,NA
G04AB01,10,NA,NA
G04AB05,2404,NA,NA
G04AC01,4416,NA,NA
G04BD,293,NA,NA
G04BD01,1201,NA,NA
G04BDXX,443,NA,NA
G04BE04,1456,NA,NA
G04BX04,1867,NA,NA
G04BX05,1632,NA,NA
G04BX08,564,NA,NA
H01BB02,20,NA,NA
J01CA02,1537,NA,NA
J01CA06,85,NA,NA
J01DA01,212106,NA,NA
J01DA06,17662,NA,NA
J01DA08,14310,NA,NA
J01DA09,43863,NA,NA
J01DA23,103,NA,NA
J01DA39,272,NA,NA
J01DA63,15,NA,NA
J01EB05,120,NA,NA
J01MA00,33,NA,NA
J01MA04,1003,NA,NA
J01MA08,110,NA,NA
J01MA11,98,NA,NA
J01X,389,NA,NA
L01BC04,94,NA,NA
L01XX28,235,NA,NA
L02AA02,192,NA,NA
L02AB01,50,NA,NA
L03AA04,491,NA,NA
L04AA01,29573,NA,NA
L04AA05,2090,NA,NA
L04AA11,3355,NA,NA
L04AA14,80,NA,NA
L04AA17,2145,NA,NA
L04AA21,59,NA,NA
M01AA01,74,NA,NA
M01AB02,89,NA,NA
M01AB16,5676,NA,NA
M01AC01,24206,NA,NA
M01AC02,5480,NA,NA
M01AC05,58,NA,NA
M01AE11,6842,NA,NA
M01AE14,340,NA,NA
M01AH02,30956,NA,NA
M01AH03,9873,NA,NA
M01AX17,58960,NA,NA
M01CC01,792,NA,NA
M03BA03,115,NA,NA
M03BA52,16222,NA,NA
M03BA53,42,NA,NA
M03BB02,140,NA,NA
M03BB52,1453,NA,NA
M03BB53,1299,NA,NA
M05BA01,2784,NA,NA
M05BB04,713,NA,NA
M05XX,78,NA,NA
N02AC02,234,NA,NA
N02BA11,778,NA,NA
N02BA71,2728,NA,NA
N02CA72,588,NA,NA
N02CC,48,NA,NA
N02CX04,3752,NA,NA
N03A,181,NA,NA
N03AB52,98,NA,NA
N03AG06,370,NA,NA
N04AB02,79,NA,NA
N04AC01,135,NA,NA
N04BC02,800,NA,NA
N04BX01,41,NA,NA
N05AB01,4610,NA,NA
N05AB08,216,NA,NA
N05AC02,32349,NA,NA
N05AC04,57,NA,NA
N05AE02,111,NA,NA
N05AG03,193,NA,NA
N05BA05,3067,NA,NA
N05BB51,303,NA,NA
N05CB02,3710,NA,NA
N05CG01,131,NA,NA
N05CM02,158,NA,NA
N06AA02,195,NA,NA
N06AA03,85,NA,NA
N06AA21,523,NA,NA
N06AA22,2069,NA,NA
N06AX,64,NA,NA
N07AA05,74,NA,NA
N07AB01,819,NA,NA
N07AB02,69,NA,NA
P01AB02,1200,NA,NA
P01BA05,210,NA,NA
R01AB01,117,NA,NA
R01AC07,717,NA,NA
R01AD,937,NA,NA
R01AD04,420,NA,NA
R03AC04,2644,NA,NA
R03AK,549,NA,NA
R03BB02,1165,NA,NA
R03CC03,2697,NA,NA
R03DA74,81,NA,NA
R03DB04,265,NA,NA
R05DA05,144,NA,NA
R05DB03,25,NA,NA
R05DB20,2595,NA,NA
R06AB03,15,NA,NA
R06AE02,10,NA,NA
R06AE08,942,NA,NA
R06AX11,2954,NA,NA
R06AX12,6530,NA,NA
R06AX25,721,NA,NA
S01AA02,448,NA,NA
S01AX12,105,NA,NA
S01BA09,96,NA,NA
S01BC01,110,NA,NA
S01CA02,1920,NA,NA
S01CB01,291,NA,NA
S01CB02,17,NA,NA
S01EA02,1598,NA,NA
S01EB02,85,NA,NA
S01EX,102,NA,NA
S01EX03,16212,NA,NA
S01EX05,107,NA,NA
S01EXXX,14,NA,NA
S01GA51,63,NA,NA
S01GA55,87,NA,NA
S01GX04,2566,NA,NA
S01GX05,3042,NA,NA
S01KA02,2523,NA,NA
S02AA30,2328,NA,NA
S02CA06,748,NA,NA
V01AA11,130,NA,NA
V03AA01,2227,NA,NA
V03AA02,156,NA,NA
V03AB30,1251,NA,NA
V03AX01,753,NA,NA
V06DD,62,NA,NA
N02AA55,NA,40896,NA
A03DA02,NA,29792,NA
A06AD15,NA,29256,NA
J01DD04,NA,16506,NA
N01AH01,NA,11868,NA
A06AB08,NA,10235,NA
G04BX01,NA,10019,NA
N05CH01,NA,9309,NA
B03AC,NA,9067,NA
J01XD01,NA,9023,NA
B02BA01,NA,8099,NA
A02BX13,NA,7903,NA
N05AD08,NA,7812,NA
J01CR05,NA,7394,NA
B03AA01,NA,6560,NA
V03AB25,NA,6011,NA
A11DA01,NA,5795,NA
A02AA04,NA,4939,NA
J01DH02,NA,4912,NA
A03AX13,NA,4681,NA
R05CB15,NA,4586,NA
A07FA01,NA,4184,NA
B03BB01,NA,3963,NA
N07BA01,NA,3567,NA
A06AD65,NA,3367,NA
A07FA02,NA,3011,NA
N01AH02,NA,2942,NA
N02BA01,NA,2936,NA
J01XA01,NA,2816,NA
N01BB09,NA,2661,NA
D02AM,NA,2427,NA
D02AL,NA,2399,NA
A06AG10,NA,2273,NA
V08AB02,NA,2179,NA
N02AB02,NA,2155,NA
A06AG11,NA,2119,NA
V03AF,NA,2051,NA
J07AL02,NA,1984,NA
A03AB02,NA,1950,NA
A11EA,NA,1940,NA
B05AA01,NA,1915,NA
J06BA02,NA,1901,NA
B02BD01,NA,1612,NA
J07BB02,NA,1606,NA
A11AA04,NA,1430,NA
V06DB30,NA,1338,NA
J07AM51,NA,1315,NA
B05BA10,NA,1312,NA
A06AB02,NA,1310,NA
N01AX01,NA,1303,NA
V06DB65,NA,1291,NA
A01A,NA,1288,NA
B05XA01,NA,1278,NA
M01AE17,NA,1259,NA
D02AN,NA,1193,NA
A11EB,NA,1162,NA
A03BA01,NA,1159,NA
H01AB01,NA,1134,NA
B03AC01,NA,1126,NA
A01AD,NA,1088,NA
B05XC,NA,1058,NA
A02AH,NA,1024,NA
B03AA07,NA,1019,NA
B05XA05,NA,945,NA
L01XC02,NA,924,NA
A01AB03,NA,912,NA
A07XA04,NA,877,NA
R02AB30,NA,864,NA
S01AE05,NA,816,NA
C05AA04,NA,719,NA
V08AA01,NA,691,NA
C01CX08,NA,690,NA
R01AX02,NA,677,NA
N01BB01,NA,656,NA
V03AB15,NA,656,NA
B05XA31,NA,641,NA
C01CA03,NA,612,NA
P01CX01,NA,578,NA
S02CA05,NA,569,NA
L01BC01,NA,563,NA
N05CM18,NA,550,NA
S02CA03,NA,547,NA
R05CB06,NA,546,NA
A11GA01,NA,545,NA
B01AD02,NA,543,NA
G03AC09,NA,538,NA
B03AB05,NA,530,NA
M01AX25,NA,524,NA
B03BB51,NA,511,NA
A04AA05,NA,496,NA
S02AA03,NA,493,NA
S01XA02,NA,492,NA
V03AN01,NA,490,NA
A06AH01,NA,487,NA
J02AX04,NA,474,NA
G03XB01,NA,467,NA
N01AX14,NA,459,NA
L04AB02,NA,458,NA
V06DB63,NA,457,NA
J01XX09,NA,451,NA
C05BA01,NA,449,NA
J02AX06,NA,446,NA
J05AB14,NA,442,NA
R01AX06,NA,435,NA
N01AX10,NA,432,NA
B01AB02,NA,431,NA
R06AD02,NA,427,NA
J07AL01,NA,417,NA
A12CA01,NA,406,NA
J01DD02,NA,401,NA
R01AA07,NA,400,NA
J07AG01,NA,371,NA
R05C,NA,367,NA
L03AX16,NA,364,NA
A07BA01,NA,363,NA
W,NA,357,NA
A12CC04,NA,351,NA
L01XX32,NA,335,NA
J05AR03,NA,326,NA
G03AA12,NA,307,NA
J07AH08,NA,307,NA
C01EB10,NA,306,NA
N02A,NA,303,NA
A06AG02,NA,301,NA
B05XA14,NA,300,NA
A06AB58,NA,295,NA
D08AG02,NA,290,NA
J02AA01,NA,288,NA
N01BB52,NA,285,NA
D06AX09,NA,278,NA
D03AX03,NA,270,NA
C10AX06,NA,269,NA
J05AE03,NA,269,NA
B02BD06,NA,262,NA
J02AX05,NA,260,NA
V03AF07,NA,249,NA
J01CA01,NA,235,NA
J04AC01,NA,227,NA
L01DB06,NA,227,NA
N01BB10,NA,226,NA
A12BA51,NA,223,NA
A11HA02,NA,220,NA
M01AH04,NA,220,NA
A01AD11,NA,219,NA
J05AR17,NA,217,NA
J05AX08,NA,211,NA
A02AD01,NA,210,NA
V08AB10,NA,209,NA
S01BC10,NA,207,NA
B03AC02,NA,203,NA
J01AA12,NA,196,NA
J04AK02,NA,196,NA
J05AX12,NA,193,NA
V04CX,NA,192,NA
A11EX,NA,191,NA
B03AD01,NA,189,NA
J01DH03,NA,187,NA
L01BC07,NA,187,NA
L01CA02,NA,187,NA
B05CB02,NA,184,NA
G03AA10,NA,181,NA
J05AE10,NA,180,NA
A10BJ06,NA,178,NA
M02AC,NA,176,NA
J01GB06,NA,173,NA
V06DB57,NA,168,NA
L01AA09,NA,164,NA
G03GA08,NA,159,NA
J06BB01,NA,150,NA
S01AX19,NA,149,NA
V,NA,149,NA
V06DB03,NA,149,NA
V03AF01,NA,148,NA
L01XX24,NA,144,NA
B06AC01,NA,140,NA
N03AB05,NA,133,NA
J04AK01,NA,130,NA
G01AF02,NA,128,NA
J07BC20,NA,127,NA
C04AD03,NA,126,NA
D10AF51,NA,121,NA
J01DH51,NA,120,NA
H01AA02,NA,118,NA
P01BA03,NA,116,NA
J05AB06,NA,115,NA
G03AB08,NA,113,NA
S01BA02,NA,113,NA
B05XA06,NA,111,NA
A01AA03,NA,110,NA
B05CX10,NA,110,NA
C01CA02,NA,108,NA
D11AX22,NA,108,NA
V06DB58,NA,108,NA
G03AA14,NA,106,NA
S01BA13,NA,105,NA
B02BC30,NA,104,NA
G03AA09,NA,104,NA
J05AR02,NA,104,NA
J05AG04,NA,100,NA
M05BA03,NA,99,NA
G02BB01,NA,98,NA
V06DB60,NA,98,NA
S01AE01,NA,97,NA
C02DB01,NA,92,NA
C01BG11,NA,91,NA
L01XD04,NA,90,NA
V06DB12,NA,89,NA
A11CB,NA,88,NA
M04AC01,NA,88,NA
D06AX04,NA,87,NA
V03AB23,NA,87,NA
A12AA02,NA,85,NA
L01BB03,NA,85,NA
A11HA30,NA,84,NA
L01DB01,NA,83,NA
L01XB01,NA,82,NA
R06AA09,NA,80,NA
V06DB04,NA,80,NA
B05XA30,NA,78,NA
C01CA04,NA,78,NA
J05AG01,NA,78,NA
J05AE08,NA,77,NA
S02DC,NA,77,NA
C04AX02,NA,76,NA
B05BC01,NA,72,NA
J05AR13,NA,70,NA
J05AR06,NA,69,NA
R01AX10,NA,69,NA
P02CF01,NA,67,NA
A01AA01,NA,65,NA
C05AE01,NA,65,NA
N05CC01,NA,65,NA
R06AX29,NA,65,NA
C05AX,NA,64,NA
G01AC05,NA,64,NA
V04CE,NA,64,NA
J07BC02,NA,63,NA
R06AA04,NA,63,NA
V06DC03,NA,62,NA
A01AA51,NA,61,NA
V10XA01,NA,61,NA
A07CA,NA,60,NA
B02BB01,NA,60,NA
V06DB05,NA,60,NA
B02BD10,NA,58,NA
V03AB14,NA,58,NA
B05BB02,NA,57,NA
V06DB53,NA,56,NA
J07BC01,NA,55,NA
L04AA33,NA,55,NA
A11CC01,NA,54,NA
D11AX21,NA,54,NA
L04AX06,NA,54,NA
A07DA53,NA,52,NA
N07BC04,NA,52,NA
B05BA03,NA,50,NA
B05XX,NA,50,NA
J05AD01,NA,50,NA
V06DB64,NA,50,NA
L01XX14,NA,49,NA
N02AJ08,NA,49,NA
G03AC08,NA,46,NA
J07BK01,NA,46,NA
L01XX52,NA,46,NA
V06DB56,NA,45,NA
A06AB56,NA,44,NA
V06DB02,NA,44,NA
A11HA03,NA,43,NA
B01AC17,NA,43,NA
D01AC01,NA,43,NA
G01AD,NA,43,NA
G04BX,NA,43,NA
L04AA18,NA,43,NA
V03AB21,NA,43,NA
G02CA,NA,42,NA
L01DB07,NA,42,NA
D10AD53,NA,41,NA
L01XE35,NA,41,NA
C01BB01,NA,40,NA
H01BA04,NA,40,NA
N01BB58,NA,40,NA
V04CF01,NA,40,NA
L01XX50,NA,39,NA
L03AX03,NA,39,NA
G04BE10,NA,38,NA
J01XA02,NA,38,NA
J06BB21,NA,38,NA
B05AA06,NA,37,NA
C02KB01,NA,37,NA
S02AA15,NA,37,NA
B02BD09,NA,36,NA
L01XY,NA,36,NA
P01AX06,NA,36,NA
V06DB70,NA,36,NA
S01XA12,NA,34,NA
B05AA02,NA,33,NA
C02DD01,NA,33,NA
J02AC05,NA,33,NA
A14AA07,NA,32,NA
D11AX16,NA,32,NA
H03AA03,NA,32,NA
J07AH09,NA,32,NA
J07BA01,NA,32,NA
L01XE46,NA,32,NA
V06DB15,NA,32,NA
A12CC,NA,31,NA
B02BD04,NA,31,NA
B06AC04,NA,31,NA
L01AD02,NA,31,NA
L01BB04,NA,31,NA
L01XX45,NA,31,NA
P03AC04,NA,31,NA
J05AF07,NA,30,NA
V06DB50,NA,30,NA
A12CC10,NA,29,NA
B02BD07,NA,29,NA
H01AX01,NA,29,NA
L01XE41,NA,29,NA
P02CA01,NA,29,NA
R03DX09,NA,29,NA
C03DA04,NA,28,NA
D08AJ03,NA,28,NA
G03AA07,NA,27,NA
J05AE06,NA,27,NA
L01XC03,NA,27,NA
A06AD10,NA,26,NA
A11CA01,NA,26,NA
D10AD03,NA,26,NA
G03AC01,NA,26,NA
L01DB02,NA,26,NA
N02CX07,NA,26,NA
N05AL05,NA,26,NA
D08AC02,NA,25,NA
J01GA01,NA,25,NA
L01XX43,NA,25,NA
N02BE51,NA,25,NA
A04AD11,NA,24,NA
J07AH04,NA,24,NA
A09AA04,NA,23,NA
B02BD08,NA,23,NA
J05AR20,NA,23,NA
J06BB16,NA,23,NA
L01XE14,NA,23,NA
L01XX46,NA,23,NA
N05AA03,NA,23,NA
V03AB06,NA,23,NA
V06DB59,NA,23,NA
J01DI02,NA,22,NA
L01XE29,NA,22,NA
N07BC01,NA,22,NA
A01AA30,NA,21,NA
G03AA13,NA,21,NA
J05AR18,NA,21,NA
M03AC09,NA,20,NA
P02CA03,NA,20,NA
V03AC01,NA,20,NA
V06DB51,NA,20,NA
C01B,NA,19,NA
J01DB04,NA,19,NA
J07BM01,NA,19,NA
A11BA,NA,18,NA
G04B,NA,18,NA
J05AR19,NA,18,NA
L01XE36,NA,18,NA
S01GA02,NA,18,NA
V06DB13,NA,18,NA
L01XD,NA,17,NA
N07AA01,NA,17,NA
N07AX01,NA,17,NA
R01AB06,NA,17,NA
A11CC07,NA,16,NA
A12CE,NA,16,NA
J05AR08,NA,16,NA
P01BB51,NA,16,NA
D02AE51,NA,15,NA
D02AR,NA,15,NA
D11AX01,NA,15,NA
J04BA01,NA,15,NA
J05AG03,NA,15,NA
L01XC07,NA,15,NA
S01AA26,NA,15,NA
V06DB09,NA,15,NA
V06DB24,NA,15,NA
A06AB06,NA,14,NA
B05,NA,14,NA
G03AC10,NA,14,NA
J01DI54,NA,14,NA
J07AJ52,NA,14,NA
J07BM03,NA,14,NA
L01XC04,NA,14,NA
L04AA26,NA,14,NA
N02CD01,NA,14,NA
N06BC01,NA,14,NA
V06DB55,NA,14,NA
A11JB,NA,13,NA
B02AB03,NA,13,NA
J01GB07,NA,13,NA
V06DF02,NA,13,NA
A16AA,NA,12,NA
B02BD03,NA,12,NA
D01AE,NA,12,NA
D01AE14,NA,12,NA
G04CA53,NA,12,NA
J05AE01,NA,12,NA
J06BB02,NA,12,NA
J07BF03,NA,12,NA
L01XE39,NA,12,NA
V03AB37,NA,12,NA
V06DB08,NA,12,NA
A11HA05,NA,11,NA
C02AC02,NA,11,NA
G04CX02,NA,11,NA
J01DF01,NA,11,NA
J07BG01,NA,11,NA
J07CA06,NA,11,NA
L01XC15,NA,11,NA
M02AA13,NA,11,NA
N01AF03,NA,11,NA
N02AX52,NA,11,NA
P01AX11,NA,11,NA
P02CX01,NA,11,NA
S02BA08,NA,11,NA
V03AF09,NA,11,NA
V04C,NA,11,NA
V04CD04,NA,11,NA
B01AB09,NA,10,NA
B02BDXX,NA,10,NA
D11AX18,NA,10,NA
J05AB12,NA,10,NA
J07BK02,NA,10,NA
L01XA03,NA,10,NA
L01XX54,NA,10,NA
V03AC02,NA,10,NA
V06DB31,NA,10,NA
A03FA03,NA,9,NA
A07AA06,NA,9,NA
A08AA62,NA,9,NA
B01AC25,NA,9,NA
D02AP,NA,9,NA
G03AA16,NA,9,NA
G04BX14,NA,9,NA
J05AF13,NA,9,NA
J05AR01,NA,9,NA
J06BB03,NA,9,NA
L01AB01,NA,9,NA
L01XX02,NA,9,NA
S02DA04,NA,9,NA
B01AD11,NA,8,NA
C03XA01,NA,8,NA
D08AC,NA,8,NA
D08AX,NA,8,NA
D08AX06,NA,8,NA
G03D,NA,8,NA
J01GB03,NA,8,NA
J05AB04,NA,8,NA
J05AG05,NA,8,NA
J05AP01,NA,8,NA
M01CX,NA,8,NA
N05CF03,NA,8,NA
R03DX10,NA,8,NA
S01BC11,NA,8,NA
V03AB16,NA,8,NA
V06DB20,NA,8,NA
V06DB62,NA,8,NA
V06DX06,NA,8,NA
V30,NA,8,NA
A07EC,NA,7,NA
A07FA,NA,7,NA
B05XB02,NA,7,NA
C03DA02,NA,7,NA
C05BB01,NA,7,NA
D02A,NA,7,NA
D11AC03,NA,7,NA
D11AH05,NA,7,NA
J05AF05,NA,7,NA
J05AR10,NA,7,NA
J07AN01,NA,7,NA
L01AA07,NA,7,NA
L01CA01,NA,7,NA
M03AB01,NA,7,NA
N07AA51,NA,7,NA
V06DB22,NA,7,NA
V06DX09,NA,7,NA
A06AX05,NA,6,NA
A10BF01,NA,6,NA
A11JA,NA,6,NA
A14AA08,NA,6,NA
B01AC27,NA,6,NA
B03AB10,NA,6,NA
B05BA01,NA,6,NA
B05CA,NA,6,NA
B06AA03,NA,6,NA
C01CA17,NA,6,NA
D02AB,NA,6,NA
D02AF,NA,6,NA
D09AA02,NA,6,NA
D11AX,NA,6,NA
G03AB,NA,6,NA
G03DA03,NA,6,NA
J05AG06,NA,6,NA
L01BB06,NA,6,NA
L01XA02,NA,6,NA
N02BA51,NA,6,NA
N07,NA,6,NA
V06DB52,NA,6,NA
A01AB11,NA,5,NA
A12CB,NA,5,NA
B05CA10,NA,5,NA
C01CA07,NA,5,NA
C01EB19,NA,5,NA
H03BC,NA,5,NA
J01DD01,NA,5,NA
J05AP54,NA,5,NA
J05AP55,NA,5,NA
J06AA03,NA,5,NA
J07BL01,NA,5,NA
L01XC09,NA,5,NA
L01XC17,NA,5,NA
L01XX25,NA,5,NA
L04AA04,NA,5,NA
L04AA23,NA,5,NA
L04AA34,NA,5,NA
L04AC,NA,5,NA
N02BG10,NA,5,NA
N02CD03,NA,5,NA
N05CM09,NA,5,NA
R02AA03,NA,5,NA
S01JA01,NA,5,NA
V03AE05,NA,5,NA
V06BA01,NA,5,NA
V06DB21,NA,5,NA
V06DB23,NA,5,NA
V06DB61,NA,5,NA
V06DF03,NA,5,NA
V08CA01,NA,5,NA
B03AA03,NA,4,NA
B05X,NA,4,NA
C01EB09,NA,4,NA
C05AX03,NA,4,NA
D11AF,NA,4,NA
G03AD01,NA,4,NA
H01AA,NA,4,NA
J05AH01,NA,4,NA
J05AX65,NA,4,NA
J07AL52,NA,4,NA
L01AA06,NA,4,NA
L01XE50,NA,4,NA
N01AX03,NA,4,NA
N07XX07,NA,4,NA
P01AX05,NA,4,NA
S01HA02,NA,4,NA
S03AA06,NA,4,NA
V03AB17,NA,4,NA
V03AB24,NA,4,NA
V04CE01,NA,4,NA
V04CX06,NA,4,NA
V06,NA,4,NA
V07AF,NA,4,NA
V08AB09,NA,4,NA
A16AX,NA,3,NA
A16AX04,NA,3,NA
A16AX10,NA,3,NA
A16AX15,NA,3,NA
B06AB04,NA,3,NA
C01CA26,NA,3,NA
C07AB09,NA,3,NA
C10AX14,NA,3,NA
D03A,NA,3,NA
G03XX01,NA,3,NA
H01CB05,NA,3,NA
H02AB13,NA,3,NA
H03BC01,NA,3,NA
J01CE10,NA,3,NA
J02AX01,NA,3,NA
J06BA,NA,3,NA
J07BB03,NA,3,NA
L01BC05,NA,3,NA
L01BC08,NA,3,NA
L01XE24,NA,3,NA
L01XX19,NA,3,NA
L03AB10,NA,3,NA
L04AC06,NA,3,NA
M01AB15,NA,3,NA
N07BB,NA,3,NA
R05CA03,NA,3,NA
S01LA05,NA,3,NA
V04CK01,NA,3,NA
V04CM01,NA,3,NA
V06DB01,NA,3,NA
V06DB40,NA,3,NA
V07AK,NA,3,NA
V10XX03,NA,3,NA
A03AX,NA,2,NA
A11HA04,NA,2,NA
A16AB02,NA,2,NA
A16AB03,NA,2,NA
B01AC13,NA,2,NA
B01AC21,NA,2,NA
B01AD01,NA,2,NA
B01AE03,NA,2,NA
B01AX01,NA,2,NA
B02BX06,NA,2,NA
B05BA02,NA,2,NA
B05CA05,NA,2,NA
B05ZA,NA,2,NA
B06AC05,NA,2,NA
C01CE02,NA,2,NA
C01EB18,NA,2,NA
C05BB02,NA,2,NA
D11AX10,NA,2,NA
G01AD03,NA,2,NA
G01AX,NA,2,NA
G02CX01,NA,2,NA
G03AB06,NA,2,NA
G03B,NA,2,NA
J01CA20,NA,2,NA
J01XA04,NA,2,NA
J05AR24,NA,2,NA
J05AX18,NA,2,NA
J06BB05,NA,2,NA
J07AP01,NA,2,NA
J07AP03,NA,2,NA
J07BM02,NA,2,NA
J07CA02,NA,2,NA
L01XA01,NA,2,NA
L01XC10,NA,2,NA
L01XE,NA,2,NA
L01XE42,NA,2,NA
L01XX38,NA,2,NA
L02AE05,NA,2,NA
L03AB03,NA,2,NA
L04AC12,NA,2,NA
N01BB51,NA,2,NA
N03AX21,NA,2,NA
N07CA52,NA,2,NA
P01BD01,NA,2,NA
R03AL07,NA,2,NA
R06AA02,NA,2,NA
R07AA02,NA,2,NA
S02DA02,NA,2,NA
V03AB35,NA,2,NA
V03AE09,NA,2,NA
V06BA02,NA,2,NA
V06DB07,NA,2,NA
V06DB11,NA,2,NA
V06DF01,NA,2,NA
V08DA05,NA,2,NA
A01AA,NA,1,NA
A07XA05,NA,1,NA
A10AE02,NA,1,NA
A10BD21,NA,1,NA
A10BJ03,NA,1,NA
A16AA01,NA,1,NA
B01AD04,NA,1,NA
B05CX,NA,1,NA
B05Z,NA,1,NA
C01EB02,NA,1,NA
C05AD04,NA,1,NA
C10AC04,NA,1,NA
D06BB53,NA,1,NA
D08AL01,NA,1,NA
D08AX01,NA,1,NA
G02AD05,NA,1,NA
G02BA02,NA,1,NA
G03AA11,NA,1,NA
G03CC07,NA,1,NA
G04BX13,NA,1,NA
J01CF,NA,1,NA
J01DD52,NA,1,NA
J05AF08,NA,1,NA
J05AX,NA,1,NA
J05AX14,NA,1,NA
J05AX15,NA,1,NA
J06BB04,NA,1,NA
J07AE01,NA,1,NA
J07AH03,NA,1,NA
J07AH07,NA,1,NA
L01BA04,NA,1,NA
L01DB03,NA,1,NA
L01XC18,NA,1,NA
L01XC19,NA,1,NA
L01XC32,NA,1,NA
L01XE12,NA,1,NA
L01XE28,NA,1,NA
L01XX,NA,1,NA
L01XX01,NA,1,NA
L01XX09,NA,1,NA
L01XX27,NA,1,NA
L01XX59,NA,1,NA
L03AB11,NA,1,NA
L04AA25,NA,1,NA
L04AA36,NA,1,NA
M09AB02,NA,1,NA
N01BA03,NA,1,NA
N02AJ14,NA,1,NA
N02BG08,NA,1,NA
N05AX15,NA,1,NA
P01BD51,NA,1,NA
P01BF01,NA,1,NA
P02BA01,NA,1,NA
R02AA05,NA,1,NA
R02AA20,NA,1,NA
R05X,NA,1,NA
S01AA10,NA,1,NA
S01X,NA,1,NA
S01XA,NA,1,NA
V01AA07,NA,1,NA
V03AB,NA,1,NA
V03AB33,NA,1,NA
V03AF05,NA,1,NA
V03AF10,NA,1,NA
V03AZ,NA,1,NA
V04CH02,NA,1,NA
V06CB01,NA,1,NA
V06DB66,NA,1,NA
