"","CODE1","n_codes","n_patients"
"1","6500B",25827,17711
"2","V252A",8223,8097
"3","7890A",6404,5256
"4","2500B",5945,2465
"5","4549X",5619,4962
"6","2180A",5237,4425
"7","7227C",4493,2714
"8","6350C",4361,3870
"9","4019X",3404,2139
"10","3039X",3153,1188
"11","4273A",2891,1231
"12","5409X",2799,2698
"13","7140A",2778,788
"14","4740A",2776,2702
"15","6266A",2773,2488
"16","V700A",2747,2398
"17","7151F",2589,1919
"18","2500A",2500,1240
"19","4859X",2204,1774
"20","4939X",2140,1220
"21","4659X",2117,1803
"22","5509B",2106,1970
"23","6488A",2006,981
"24","3472A",1972,892
"25","3018D",1963,559
"26","6262A",1950,1706
"27","2989X",1912,991
"28","5742A",1830,1611
"29","4130B",1795,991
"30","7170A",1772,1576
"31","7350A",1722,1522
"32","6340A",1688,1536
"33","4610A",1663,1420
"34","6440A",1622,1254
"35","4130X",1573,1097
"36","7865A",1557,1264
"37","4742A",1542,1497
"38","3812A",1540,1148
"39","4730A",1528,1258
"40","4930A",1452,892
"41","2968A",1438,832
"42","V220A",1353,1203
"43","3018X",1335,621
"44","3820A",1286,1060
"45","6310A",1276,1187
"46","4741B",1235,1197
"47","4100X",1231,1038
"48","6480A",1217,325
"49","2957A",1212,321
"50","6563B",1210,1173
"51","4120X",1208,639
"52","4630A",1189,1075
"53","7177A",1169,982
"54","2959C",1155,383
"55","7804A",1129,961
"56","3540A",1113,847
"57","4700A",1109,1056
"58","4120B",1071,588
"59","6918B",1067,624
"60","7245A",1050,759
"61","7803A",1040,792
"62","2959E",1015,366
"63","6522B",1013,956
"64","5509A",1012,949
"65","3050A",1011,636
"66","5921A",994,736
"67","6331A",989,849
"68","6202X",982,896
"69","0093A",981,883
"70","6256A",940,856
"71","0092A",937,865
"72","7840A",935,762
"73","6440B",931,885
"74","6171A",921,792
"75","6441A",920,823
"76","2953E",902,279
"77","7819X",900,675
"78","8450B",893,808
"79","6000A",872,665
"80","7231A",866,655
"81","5901A",865,715
"82","4750B",852,735
"83","4931A",843,493
"84","7261X",843,652
"85","8360A",837,760
"86","2961C",832,475
"87","3661A",829,609
"88","7151E",827,527
"89","4779A",825,588
"90","2959A",817,341
"91","6423A",813,594
"92","4660A",794,705
"93","6320A",786,738
"94","4340A",785,433
"95","7849C",785,635
"96","0088X",784,701
"97","6370A",778,715
"98","6173B",777,693
"99","4511A",775,623
"100","V230A",766,634
"101","2953C",762,223
"102","2200A",752,688
"103","4402A",741,334
"104","4600A",738,656
"105","3004A",735,333
"106","4930B",732,435
"107","6271A",728,654
"108","6146A",726,651
"109","4111X",717,466
"110","2951C",709,204
"111","9694A",704,542
"112","6170A",703,678
"113","6424A",702,580
"114","6400A",687,610
"115","2040A",678,33
"116","7860A",678,559
"117","7806A",668,549
"118","2954A",662,380
"119","8242A",659,544
"120","4556A",657,638
"121","8404A",652,404
"122","8442A",651,475
"123","6611B",628,620
"124","0350X",627,515
"125","7240B",620,383
"126","4640A",613,478
"127","6542B",607,551
"128","2961D",606,369
"129","9054A",603,475
"130","9981A",594,533
"131","7221A",589,443
"132","7140B",586,277
"133","9985A",575,474
"134","2008X",566,56
"135","6140A",558,488
"136","2780A",553,357
"137","4140B",543,398
"138","6050A",538,516
"139","6270A",537,494
"140","9057A",531,427
"141","3000A",529,285
"142","6622B",528,519
"143","0086X",527,477
"144","6173A",524,476
"145","6289A",524,449
"146","7862A",523,436
"147","5650B",522,485
"148","4550A",521,493
"149","5301A",518,429
"150","7200A",517,237
"151","5740A",515,447
"152","2501B",505,337
"153","6227A",505,478
"154","4380A",493,217
"155","4931B",492,264
"156","1744A",490,330
"157","7174A",489,454
"158","6180A",486,461
"159","0781C",476,369
"160","5990B",475,429
"161","7143C",475,92
"162","5741A",469,445
"163","6210A",458,419
"164","6660A",450,439
"165","6350D",442,436
"166","2971A",441,219
"167","7290A",441,296
"168","7263A",435,352
"169","4741A",431,418
"170","6180C",428,405
"171","6467A",427,312
"172","2956C",423,125
"173","1350A",422,204
"174","6282B",417,241
"175","6450B",417,400
"176","5562A",415,166
"177","2507B",414,156
"178","3651A",414,231
"179","6200A",412,388
"180","2961E",407,271
"181","7286A",407,300
"182","6420X",405,264
"183","7100A",405,98
"184","3459X",403,210
"185","5621B",403,305
"186","7260A",403,326
"187","8363A",400,332
"188","6534B",399,373
"189","8244A",398,318
"190","7183F",396,253
"191","8246A",396,292
"192","3454A",394,146
"193","8441A",393,323
"194","8232C",392,280
"195","2951E",389,103
"196","2140A",388,378
"197","4939A",386,207
"198","7802X",386,336
"199","4148X",378,214
"200","6851A",377,340
"201","7274A",377,345
"202","7228C",376,208
"203","1830A",374,54
"204","5243A",374,328
"205","6961A",368,177
"206","1888X",367,90
"207","2170A",367,356
"208","3870A",362,272
"209","7188E",362,340
"210","2503B",361,91
"211","3451A",359,170
"212","4029A",359,224
"213","3090A",356,258
"214","6581A",356,340
"215","2988A",355,264
"216","3012C",355,123
"217","6960A",354,140
"218","7225A",352,216
"219","3400A",350,110
"220","4270A",348,229
"221","2504B",346,155
"222","4276B",344,244
"223","5561A",343,184
"224","5951A",343,153
"225","3074A",339,284
"226","4711A",339,271
"227","9052A",339,261
"228","5997A",338,272
"229","7210A",338,238
"230","0086A",337,321
"231","5770D",337,211
"232","6700A",337,326
"233","9691A",337,274
"234","3810A",336,318
"235","8449X",336,311
"236","6253A",333,319
"237","4900A",332,272
"238","4912A",332,195
"239","6181A",330,317
"240","9690A",330,264
"241","4140X",328,243
"242","7354A",326,299
"243","6582B",325,320
"244","8448X",322,290
"245","8500B",322,316
"246","7870A",320,274
"247","6289B",318,276
"248","6510B",316,312
"249","V624A",315,103
"250","2790C",314,13
"251","5621A",314,254
"252","9058A",312,236
"253","6531B",311,280
"254","7213A",311,219
"255","7242A",311,278
"256","7225B",309,190
"257","8230A",309,206
"258","5509D",306,268
"259","6610B",305,298
"260","5308A",304,257
"261","8070A",304,259
"262","3660C",301,232
"263","5568X",300,158
"264","6264A",300,292
"265","6510A",298,219
"266","8500A",298,288
"267","2411A",293,279
"268","6201A",292,280
"269","0340A",291,266
"270","8024A",291,237
"271","6522A",290,266
"272","7183A",290,207
"273","5509X",289,281
"274","5410X",288,279
"275","4553A",287,274
"276","6117B",287,275
"277","3049X",286,112
"278","3610A",286,183
"279","4151A",286,196
"280","5920A",285,130
"281","8134A",283,233
"282","4110X",281,229
"283","2392A",278,238
"284","6528B",278,273
"285","5531A",276,262
"286","7178C",274,205
"287","8100A",273,183
"288","7233A",272,201
"289","0786A",271,248
"290","8450C",271,249
"291","2500X",270,189
"292","5608A",270,215
"293","7352A",270,241
"294","8361A",270,245
"295","3821A",268,203
"296","8210A",266,144
"297","1930A",264,119
"298","4620A",264,249
"299","6341A",264,248
"300","3016A",263,111
"301","4741D",263,251
"302","5770A",263,185
"303","6565A",263,209
"304","5119X",261,144
"305","7879X",260,237
"306","6430A",259,191
"307","2961A",257,125
"308","6030A",257,238
"309","3153A",254,99
"310","7244A",254,196
"311","7807A",251,210
"312","5640A",249,199
"313","2393A",248,236
"314","7847A",248,201
"315","6533B",247,216
"316","V628A",247,96
"317","5401A",246,197
"318","5790A",246,114
"319","5937A",246,102
"320","6620B",244,240
"321","4912B",241,101
"322","6111A",241,212
"323","6213B",241,201
"324","6101A",239,231
"325","5400B",238,234
"326","6542A",238,224
"327","3460A",237,182
"328","4658X",236,222
"329","8124A",234,154
"330","4559X",232,221
"331","8020A",232,204
"332","6282A",231,152
"333","6929B",231,163
"334","4254A",230,66
"335","2507A",229,115
"336","3092E",229,164
"337","6670A",228,221
"338","6671A",228,220
"339","7143D",227,70
"340","3094A",226,108
"341","4300A",226,117
"342","5651A",226,189
"343","7274X",226,215
"344","3454B",224,94
"345","6660C",224,211
"346","7227A",224,147
"347","1820A",223,90
"348","3842A",222,191
"349","6598B",218,205
"350","6661A",218,214
"351","7152F",217,174
"352","3000B",216,106
"353","4289X",216,145
"354","5355X",216,198
"355","5910A",216,128
"356","7270X",216,199
"357","6929X",214,150
"358","7327A",214,154
"359","2800A",211,168
"360","4351A",211,158
"361","5781A",210,176
"362","6419A",210,180
"363","7931A",210,147
"364","2000B",209,30
"365","3650A",209,179
"366","2419X",207,203
"367","4781C",207,202
"368","9800A",207,181
"369","2918A",206,162
"370","8832A",205,169
"371","3793C",204,174
"372","2962E",203,96
"373","5818X",203,10
"374","6535B",203,196
"375","9241A",203,189
"376","3092D",202,156
"377","6660B",201,192
"378","7809X",201,180
"379","5530A",199,197
"380","8022A",199,144
"381","4829X",198,182
"382","8470A",197,169
"383","8730A",197,185
"384","5350A",194,179
"385","4618A",193,151
"386","5120A",193,123
"387","8310B",193,150
"388","3041A",192,117
"389","7531A",192,43
"390","7860C",190,166
"391","8120A",190,141
"392","9200A",190,186
"393","4540A",189,148
"394","7863A",189,142
"395","8232A",189,154
"396","2390A",188,142
"397","5552A",188,62
"398","8500C",188,170
"399","1850A",187,80
"400","5660A",186,152
"401","8220A",186,123
"402","9221A",185,178
"403","7288A",184,150
"404","5609X",183,144
"405","7267A",183,151
"406","3000C",182,112
"407","3853A",182,143
"408","6424B",182,175
"409","8200A",182,111
"410","4940A",181,86
"411","5532A",181,163
"412","5828A",181,57
"413","6150A",181,168
"414","7080A",181,155
"415","2809X",180,140
"416","2961B",180,94
"417","2505A",179,94
"418","3542A",179,158
"419","2910A",178,126
"420","2967A",178,105
"421","6489X",177,154
"422","2449X",176,114
"423","3071A",176,67
"424","5641A",176,149
"425","2280A",175,95
"426","3430A",175,34
"427","4611A",175,144
"428","9070A",175,67
"429","7651B",174,131
"430","6425A",173,149
"431","7261A",173,131
"432","7199F",172,160
"433","2953A",170,90
"434","7148X",170,119
"435","7373A",170,104
"436","7525A",170,146
"437","6182A",169,160
"438","V500A",169,158
"439","0388X",168,135
"440","4784A",168,144
"441","0499X",167,138
"442","2962C",167,87
"443","3620B",167,75
"444","5645A",167,152
"445","7249X",167,152
"446","2410A",165,158
"447","V200A",165,152
"448","0750X",164,158
"449","0799X",163,156
"450","3861A",163,153
"451","2956E",162,57
"452","4278X",162,135
"453","4565A",162,158
"454","3663A",161,124
"455","7543A",161,74
"456","3009X",160,121
"457","3891A",160,117
"458","4538X",160,143
"459","5770F",160,74
"460","5990C",160,130
"461","6268X",160,147
"462","9056A",160,134
"463","6162A",159,145
"464","5400A",158,143
"465","7214A",158,121
"466","2505B",157,84
"467","5900A",157,41
"468","2713A",156,119
"469","3320A",156,49
"470","3461A",155,126
"471","6531A",155,144
"472","9351A",155,140
"473","3017A",154,71
"474","3170B",154,50
"475","6288A",152,121
"476","6850A",152,127
"477","1742A",151,97
"478","3478X",151,86
"479","3743B",151,144
"480","4109X",151,139
"481","7287A",151,126
"482","3782B",149,128
"483","4110B",149,98
"484","7384A",149,80
"485","9964A",148,89
"486","4241A",147,74
"487","4732A",147,136
"488","7270B",147,125
"489","2873A",146,53
"490","3170A",146,67
"491","3651B",146,82
"492","4267A",146,68
"493","4939B",146,108
"494","5950A",146,135
"495","6208X",146,141
"496","3141A",145,61
"497","4240B",145,82
"498","5819X",145,37
"499","5829A",145,34
"500","7151D",145,113
"501","8130A",145,108
"502","9223A",145,140
"503","0350A",144,124
"504","4278A",143,85
"505","4564A",143,131
"506","6462A",143,109
"507","7856A",143,119
"508","4359X",141,121
"509","3781B",140,116
"510","5353A",140,96
"511","6568B",140,138
"512","7442C",140,133
"513","0084F",139,98
"514","2273A",139,51
"515","3882A",139,122
"516","2420A",137,89
"517","6654B",137,135
"518","7224A",137,89
"519","9213A",137,126
"520","6565B",135,130
"521","7152E",135,106
"522","4950A",134,61
"523","5690A",134,115
"524","6466A",133,121
"525","6601B",133,128
"526","6631A",133,128
"527","7276F",133,122
"528","7707A",133,22
"529","3138C",132,30
"530","3431A",132,33
"531","4760A",132,107
"532","5550A",132,66
"533","7275A",132,117
"534","2913A",131,88
"535","7151L",131,80
"536","9693X",131,99
"537","4331A",130,61
"538","4350A",130,106
"539","6584B",130,128
"540","8134B",130,109
"541","8448A",130,105
"542","1749X",129,86
"543","4341A",129,69
"544","6748X",129,124
"545","2859X",128,110
"546","4240A",128,66
"547","2740A",127,82
"548","4552A",127,115
"549","1748X",126,74
"550","2720X",126,95
"551","5210A",126,116
"552","5560A",126,79
"553","7143B",126,38
"554","7062A",125,118
"555","2962D",124,54
"556","3530A",124,86
"557","3860A",124,75
"558","5551A",124,59
"559","7089X",123,108
"560","7178X",123,118
"561","7270A",123,117
"562","2506B",122,54
"563","6830A",122,103
"564","7455A",122,54
"565","4310A",121,44
"566","4464A",121,14
"567","4557A",121,113
"568","8054A",121,97
"569","8734A",121,119
"570","2959D",120,54
"571","3580A",120,33
"572","5850B",120,31
"573","2016A",119,13
"574","6081A",119,115
"575","6418A",119,111
"576","6468X",119,112
"577","8421B",119,115
"578","4650A",118,111
"579","5712A",118,24
"580","6141A",118,102
"581","9240A",118,111
"582","2395A",117,101
"583","4271A",117,67
"584","4750A",117,113
"585","5839X",117,53
"586","5322A",116,93
"587","6412B",116,112
"588","0609X",115,107
"589","1541A",115,39
"590","5745A",115,103
"591","7199X",115,94
"592","7288X",115,99
"593","3490A",114,111
"594","5781B",114,102
"595","7802A",114,99
"596","4059B",113,48
"597","4661A",113,105
"598","5322B",113,98
"599","5739X",113,90
"600","7882A",113,98
"601","0030A",112,99
"602","2000A",112,18
"603","3781A",112,103
"604","6160A",112,109
"605","3018B",111,49
"606","3044A",111,55
"607","3153X",111,65
"608","7030A",111,95
"609","7169X",111,97
"610","8132X",111,88
"611","2770A",110,9
"612","2953D",110,51
"613","4720C",110,77
"614","4809X",110,102
"615","6178X",110,98
"616","6213C",110,88
"617","6350B",110,107
"618","6608B",110,109
"619","V654A",110,95
"620","3453A",109,43
"621","4276A",109,100
"622","5740B",109,97
"623","2102A",108,97
"624","3640A",108,95
"625","4130A",108,89
"626","6425B",108,98
"627","7859X",108,95
"628","7910X",108,94
"629","8831A",108,72
"630","2137A",107,79
"631","3780A",107,94
"632","4029B",106,69
"633","4059X",106,77
"634","4229X",106,80
"635","6545A",106,58
"636","6918C",106,62
"637","8240A",106,95
"638","2953B",105,38
"639","3829X",105,96
"640","4331X",105,67
"641","6481B",105,57
"642","6641B",105,104
"643","6600B",104,104
"644","2391A",103,76
"645","3755A",103,90
"646","5716A",103,24
"647","6221B",103,93
"648","6533A",103,95
"649","7266E",103,98
"650","7396A",103,96
"651","7410D",103,10
"652","7881A",103,88
"653","8122A",103,75
"654","8134X",103,87
"655","0529X",102,101
"656","5110B",102,75
"657","6349X",102,99
"658","6482A",102,92
"659","6524B",102,102
"660","7860B",102,92
"661","2252A",101,55
"662","2260A",101,99
"663","3557X",101,95
"664","5188X",101,64
"665","6280A",101,88
"666","7000A",101,88
"667","3641A",100,35
"668","7176A",100,93
"669","4149X",99,77
"670","4260A",99,62
"671","7234A",99,71
"672","7180F",98,92
"673","7901A",98,75
"674","5780A",97,93
"675","7220A",97,80
"676","2165A",96,91
"677","2959B",96,57
"678","6563A",96,94
"679","6603B",96,96
"680","8310A",96,84
"681","9982A",96,80
"682","2002A",95,7
"683","4241B",95,48
"684","5240A",95,70
"685","5589X",95,80
"686","6534A",95,89
"687","8450A",95,92
"688","9222A",95,93
"689","3469X",94,71
"690","8233D",94,38
"691","1733A",93,72
"692","2030A",93,10
"693","2448A",93,66
"694","3780B",93,81
"695","6221C",93,85
"696","7179X",93,90
"697","7950A",92,88
"698","4120C",91,61
"699","4476A",91,30
"700","5275A",91,76
"701","5691A",91,73
"702","5828B",91,19
"703","7358X",91,79
"704","1330A",90,64
"705","1745A",90,56
"706","3010A",90,44
"707","7199L",90,77
"708","7545B",90,24
"709","6568A",89,82
"710","7263B",89,77
"711","7330A",89,37
"712","9060A",89,55
"713","4309X",88,63
"714","7071A",88,65
"715","0769C",87,85
"716","5680A",87,82
"717","6609B",87,86
"718","7241A",87,72
"719","9953A",87,72
"720","3093A",86,46
"721","3159X",86,56
"722","3793A",86,56
"723","8233C",86,51
"724","3003A",85,36
"725","3429X",85,51
"726","7165A",85,58
"727","7842A",85,75
"728","6102A",84,78
"729","6532B",84,72
"730","6690A",84,81
"731","2121A",83,42
"732","2952C",83,30
"733","3813X",83,77
"734","4251A",83,39
"735","6350A",83,82
"736","6411A",83,62
"737","7263C",83,73
"738","8132A",83,68
"739","9061A",83,59
"740","1890B",82,46
"741","3499X",82,29
"742","4100B",82,74
"743","5233A",82,74
"744","6288B",82,72
"745","6409X",82,72
"746","6525B",82,80
"747","7188F",82,78
"748","8450X",82,77
"749","3160A",81,33
"750","8082A",81,70
"751","1890A",80,13
"752","2009X",80,28
"753","2790B",80,14
"754","5586X",80,52
"755","6564A",80,77
"756","8026A",80,68
"757","2962A",79,44
"758","4272A",79,61
"759","4878X",79,76
"760","5750A",79,70
"761","6461A",79,65
"762","7211A",79,50
"763","2964C",78,28
"764","3454X",78,39
"765","3824A",78,63
"766","4810A",78,68
"767","4910A",78,64
"768","7444B",78,71
"769","8202A",78,48
"770","8250A",78,62
"771","0750A",77,70
"772","2251A",77,44
"773","2451A",77,66
"774","5650C",77,72
"775","5714X",77,23
"776","6142X",77,71
"777","6221A",77,71
"778","6339X",77,70
"779","9059A",77,35
"780","2500C",76,49
"781","3784B",76,70
"782","5772A",76,35
"783","7893A",76,67
"784","8252E",76,63
"785","8500X",76,72
"786","8822A",76,65
"787","2952E",75,25
"788","3008A",75,46
"789","4720A",75,71
"790","5225A",75,74
"791","5354X",75,65
"792","5742B",75,67
"793","6269X",75,69
"794","7561A",75,46
"795","2510B",74,64
"796","2512X",74,53
"797","2768A",74,47
"798","3012A",74,36
"799","3138B",74,38
"800","3801A",74,65
"801","4373A",74,41
"802","6566B",74,74
"803","6570A",74,58
"804","8832B",74,62
"805","1048A",73,43
"806","1380A",73,38
"807","3002B",73,40
"808","4059A",73,37
"809","5307A",73,65
"810","5756A",73,71
"811","7250A",73,48
"812","7834C",73,48
"813","8232D",73,49
"814","8501B",73,67
"815","2773B",72,15
"816","6752A",72,72
"817","6930B",72,69
"818","7543B",72,25
"819","7872A",72,65
"820","8052A",72,56
"821","8084A",72,54
"822","8821A",72,55
"823","8860A",72,61
"824","4719X",71,58
"825","6110A",71,62
"826","6163A",71,64
"827","7118L",71,52
"828","7490A",71,35
"829","7869X",71,59
"830","8830A",71,56
"831","V614A",71,68
"832","3140B",70,23
"833","3510A",70,58
"834","3556A",70,67
"835","6078B",70,47
"836","7178A",70,58
"837","7273A",70,64
"838","7291A",70,57
"839","7492A",70,25
"840","2520A",69,40
"841","2920A",69,51
"842","4131X",69,47
"843","4360A",69,53
"844","4871A",69,67
"845","4919X",69,52
"846","5509C",69,67
"847","6450A",69,69
"848","6653B",69,69
"849","6661X",69,68
"850","7151H",69,62
"851","7823A",69,60
"852","9050A",69,54
"853","3548X",68,64
"854","5241A",68,59
"855","5965F",68,51
"856","6140B",68,66
"857","7151A",68,61
"858","7850A",68,60
"859","3079X",67,22
"860","3314A",67,25
"861","3808A",67,51
"862","4259X",67,45
"863","7058C",67,40
"864","7102B",67,40
"865","7851A",67,62
"866","9663A",67,52
"867","V240A",67,64
"868","0384B",66,57
"869","2015X",66,17
"870","2900A",66,32
"871","2951A",66,45
"872","3792A",66,48
"873","3811A",66,60
"874","4414A",66,38
"875","9051A",66,44
"876","2250A",65,25
"877","4241C",65,28
"878","4781A",65,62
"879","5272A",65,61
"880","6049X",65,60
"881","7166A",65,58
"882","8110A",65,54
"883","8820A",65,60
"884","0110A",64,31
"885","0781A",64,52
"886","2398X",64,56
"887","2860A",64,7
"888","3002D",64,27
"889","3076C",64,27
"890","5180A",64,41
"891","5649X",64,54
"892","5761C",64,17
"893","6423B",64,62
"894","7088A",64,41
"895","7110F",64,50
"896","7175A",64,59
"897","7471A",64,33
"898","8212A",64,51
"899","8910A",64,60
"900","1741A",63,41
"901","2331A",63,51
"902","2506A",63,29
"903","2722A",63,47
"904","4830A",63,62
"905","5150X",63,24
"906","5301X",63,56
"907","5368A",63,57
"908","6228X",63,58
"909","7232A",63,44
"910","2535A",62,20
"911","3450A",62,39
"912","6114A",62,59
"913","7109X",62,39
"914","7820X",62,48
"915","8320A",62,56
"916","2377A",61,30
"917","3950A",61,28
"918","7246A",61,31
"919","7321A",61,28
"920","7340A",61,54
"921","7526B",61,25
"922","9657A",61,52
"923","1743A",60,34
"924","1889X",60,24
"925","3001A",60,28
"926","3700A",60,38
"927","4510A",60,58
"928","6598A",60,59
"929","7143X",60,35
"930","7580A",60,20
"931","9651A",60,56
"932","V400A",60,49
"933","2964E",59,23
"934","3338X",59,35
"935","3468X",59,50
"936","3570A",59,22
"937","3680A",59,45
"938","4111B",59,48
"939","5719X",59,48
"940","6216A",59,54
"941","7108X",59,14
"942","7143A",59,23
"943","7532A",59,20
"944","7756A",59,55
"945","8510A",59,47
"946","9228X",59,57
"947","V251A",59,59
"948","2050A",58,10
"949","2503A",58,27
"950","2720A",58,35
"951","3043A",58,41
"952","3716A",58,33
"953","4039A",58,24
"954","4911A",58,33
"955","6523B",58,57
"956","7061A",58,40
"957","7189F",58,56
"958","7338A",58,45
"959","8600A",58,55
"960","2409X",57,56
"961","2440A",57,35
"962","2530A",57,16
"963","3591A",57,10
"964","4311A",57,32
"965","6088X",57,51
"966","6840A",57,50
"967","6931A",57,34
"968","7324B",57,43
"969","7436A",57,50
"970","0705A",56,39
"971","3720A",56,53
"972","4349A",56,39
"973","4828X",56,50
"974","5280A",56,51
"975","5584A",56,55
"976","5745B",56,44
"977","6011A",56,49
"978","6186A",56,54
"979","6566A",56,49
"980","6612B",56,55
"981","6729X",56,56
"982","7192F",56,54
"983","7452A",56,23
"984","7454B",56,35
"985","7545C",56,41
"986","2956A",55,23
"987","4209X",55,43
"988","5932A",55,42
"989","6038X",55,51
"990","6342A",55,54
"991","7178E",55,52
"992","7276C",55,45
"993","7327X",55,47
"994","7533X",55,20
"995","7564A",55,19
"996","9072A",55,26
"997","0310A",54,14
"998","0539X",54,53
"999","2120A",54,40
"1000","3150A",54,17
"1001","3313A",54,22
"1002","3868X",54,52
"1003","5356X",54,49
"1004","5559X",54,31
"1005","5770C",54,31
"1006","6564B",54,52
"1007","6640B",54,53
"1008","7070A",54,17
"1009","7293A",54,54
"1010","7834D",54,29
"1011","7884A",54,47
"1012","8064A",54,37
"1013","8210B",54,34
"1014","8811A",54,49
"1015","9895A",54,53
"1016","0382A",53,47
"1017","0578A",53,53
"1018","1623A",53,16
"1019","2851A",53,50
"1020","3419X",53,23
"1021","3783A",53,47
"1022","4959X",53,46
"1023","5532B",53,47
"1024","6591A",53,50
"1025","7102A",53,32
"1026","7690A",53,39
"1027","8080A",53,34
"1028","9720A",53,44
"1029","4555A",52,51
"1030","4785A",52,44
"1031","5191A",52,33
"1032","5428X",52,51
"1033","5650A",52,49
"1034","5829B",52,10
"1035","5989X",52,30
"1036","6280B",52,47
"1037","7556D",52,21
"1038","7651A",52,28
"1039","8160A",52,47
"1040","8245A",52,40
"1041","8440A",52,44
"1042","2504A",51,35
"1043","3078A",51,35
"1044","3501A",51,34
"1045","3543A",51,42
"1046","3553A",51,41
"1047","3671A",51,42
"1048","3718X",51,27
"1049","4276X",51,44
"1050","4430A",51,29
"1051","4731A",51,41
"1052","5694X",51,17
"1053","6580A",51,43
"1054","6609C",51,50
"1055","7268X",51,44
"1056","8501C",51,49
"1057","0709X",50,43
"1058","2135A",50,45
"1059","4319X",50,29
"1060","5100A",50,26
"1061","7168A",50,39
"1062","7270C",50,48
"1063","7331A",50,16
"1064","7877A",50,45
"1065","8812A",50,41
"1066","0419X",49,43
"1067","3040A",49,31
"1068","3455A",49,26
"1069","3652B",49,30
"1070","3883A",49,31
"1071","5587A",49,40
"1072","6411B",49,48
"1073","7151B",49,41
"1074","7470A",49,31
"1075","8132B",49,35
"1076","1104A",48,41
"1077","2014A",48,13
"1078","3138X",48,25
"1079","3229X",48,38
"1080","3897A",48,28
"1081","6082A",48,41
"1082","6209X",48,47
"1083","6468B",48,34
"1084","6602B",48,48
"1085","7092A",48,48
"1086","7182F",48,40
"1087","8130B",48,43
"1088","9053A",48,42
"1089","V629A",48,30
"1090","2041A",47,15
"1091","3123D",47,12
"1092","3656X",47,20
"1093","4560A",47,19
"1094","4738X",47,38
"1095","5718X",47,37
"1096","6300A",47,29
"1097","6561A",47,15
"1098","7385A",47,27
"1099","7523A",47,42
"1100","9988X",47,45
"1101","2191A",46,42
"1102","2397A",46,37
"1103","2508B",46,22
"1104","2951B",46,23
"1105","3199A",46,23
"1106","3743A",46,37
"1107","3785A",46,36
"1108","4442A",46,34
"1109","4481A",46,31
"1110","6952A",46,39
"1111","7190F",46,38
"1112","7339X",46,37
"1113","7500A",46,46
"1114","7889X",46,35
"1115","8911A",46,41
"1116","V590A",46,35
"1117","2448X",45,31
"1118","2564A",45,42
"1119","5672A",45,22
"1120","5798A",45,23
"1121","6749X",45,41
"1122","8010A",45,40
"1123","8710A",45,37
"1124","9432A",45,42
"1125","9583A",45,41
"1126","1869B",44,9
"1127","1890X",44,29
"1128","2462A",44,43
"1129","2959F",44,23
"1130","5070A",44,39
"1131","5563A",44,20
"1132","5751A",44,43
"1133","6408X",44,42
"1134","6484X",44,31
"1135","6826A",44,40
"1136","7088B",44,40
"1137","7328B",44,38
"1138","7534X",44,15
"1139","7561D",44,29
"1140","9950A",44,43
"1141","0381A",43,31
"1142","1707A",43,6
"1143","1801A",43,12
"1144","2429X",43,38
"1145","2859A",43,18
"1146","2870A",43,29
"1147","3018C",43,27
"1148","4274A",43,32
"1149","4558X",43,40
"1150","4960A",43,16
"1151","5310A",43,35
"1152","5813A",43,15
"1153","5988X",43,21
"1154","8362A",43,42
"1155","9248X",43,42
"1156","2163A",42,32
"1157","2370A",42,22
"1158","3015A",42,13
"1159","3599X",42,17
"1160","3690A",42,13
"1161","3724A",42,39
"1162","4330A",42,29
"1163","4580A",42,29
"1164","4619X",42,41
"1165","4784B",42,33
"1166","5228A",42,41
"1167","5585A",42,38
"1168","5770E",42,27
"1169","6391A",42,40
"1170","6558A",42,32
"1171","6662A",42,42
"1172","6939X",42,37
"1173","7423A",42,11
"1174","7454A",42,30
"1175","7810A",42,32
"1176","V260A",42,42
"1177","1800A",41,21
"1178","2963D",41,28
"1179","3120A",41,24
"1180","4210A",41,22
"1181","5260A",41,36
"1182","5501B",41,38
"1183","5965D",41,34
"1184","6010A",41,33
"1185","6145A",41,38
"1186","6261A",41,40
"1187","7235A",41,38
"1188","8072A",41,38
"1189","0788X",40,40
"1190","2551A",40,21
"1191","2962B",40,26
"1192","2964D",40,15
"1193","3099X",40,29
"1194","3152A",40,16
"1195","3369X",40,15
"1196","5198X",40,23
"1197","5321A",40,35
"1198","5512A",40,37
"1199","5532C",40,32
"1200","5583A",40,29
"1201","5692A",40,38
"1202","6049A",40,31
"1203","6820A",40,40
"1204","6900A",40,34
"1205","7151C",40,32
"1206","7151G",40,34
"1207","7191F",40,38
"1208","7198F",40,37
"1209","7208A",40,17
"1210","7247A",40,37
"1211","7248X",40,34
"1212","7397A",40,30
"1213","7615A",40,37
"1214","8054B",40,23
"1215","8408X",40,36
"1216","9230A",40,38
"1217","9678X",40,30
"1218","9698X",40,37
"1219","0120X",39,21
"1220","1990X",39,13
"1221","2167A",39,35
"1222","2948X",39,19
"1223","3075B",39,18
"1224","3101A",39,14
"1225","5183A",39,20
"1226","5226A",39,39
"1227","5308X",39,31
"1228","5310B",39,31
"1229","5711A",39,29
"1230","5771C",39,18
"1231","6180B",39,39
"1232","6549A",39,34
"1233","7292A",39,32
"1234","7548A",39,19
"1235","8736A",39,39
"1236","1101A",38,29
"1237","2384A",38,11
"1238","2554A",38,14
"1239","2761A",38,31
"1240","2951D",38,26
"1241","3075A",38,22
"1242","3652A",38,32
"1243","3754A",38,32
"1244","4920A",38,8
"1245","5163A",38,10
"1246","5303A",38,22
"1247","5714B",38,16
"1248","5744A",38,34
"1249","5850A",38,21
"1250","6038A",38,36
"1251","6205A",38,37
"1252","6562A",38,15
"1253","6951A",38,28
"1254","7014A",38,32
"1255","7088X",38,28
"1256","7101A",38,12
"1257","7119F",38,35
"1258","7267C",38,37
"1259","7463A",38,18
"1260","7522A",38,32
"1261","7746X",38,36
"1262","7906X",38,31
"1263","7942A",38,26
"1264","8421D",38,35
"1265","8510B",38,28
"1266","8921A",38,29
"1267","9670A",38,24
"1268","2258X",37,27
"1269","2998A",37,6
"1270","3002X",37,32
"1271","3154A",37,22
"1272","3551A",37,30
"1273","4412A",37,18
"1274","5538X",37,34
"1275","5741B",37,33
"1276","5820A",37,14
"1277","5820B",37,8
"1278","5965B",37,22
"1279","6478X",37,36
"1280","7151K",37,34
"1281","7328A",37,33
"1282","7686A",37,36
"1283","7824A",37,32
"1284","8150A",37,32
"1285","8231A",37,24
"1286","8243A",37,31
"1287","8442B",37,30
"1288","8510X",37,22
"1289","8810A",37,35
"1290","9556A",37,31
"1291","0084C",36,34
"1292","2123A",36,28
"1293","2153C",36,34
"1294","2330A",36,29
"1295","2452A",36,22
"1296","3018E",36,14
"1297","3773B",36,31
"1298","4787A",36,24
"1299","5710A",36,32
"1300","5743A",36,34
"1301","6050B",36,32
"1302","6262B",36,34
"1303","6595B",36,35
"1304","6645B",36,35
"1305","6924B",36,21
"1306","7227B",36,30
"1307","7538X",36,11
"1308","7597A",36,7
"1309","8260A",36,32
"1310","2114X",35,30
"1311","2507X",35,21
"1312","2888B",35,32
"1313","3059X",35,24
"1314","3076A",35,21
"1315","3534A",35,34
"1316","3625A",35,19
"1317","4378A",35,17
"1318","5320A",35,32
"1319","5511A",35,35
"1320","6185A",35,33
"1321","6469X",35,29
"1322","7118F",35,32
"1323","7276X",35,29
"1324","7309X",35,14
"1325","7320A",35,27
"1326","7361A",35,34
"1327","7380A",35,32
"1328","7444C",35,28
"1329","7453B",35,6
"1330","7461A",35,6
"1331","7510A",35,32
"1332","8000A",35,33
"1333","8233A",35,26
"1334","8252A",35,22
"1335","9180A",35,32
"1336","9412A",35,33
"1337","9934A",35,34
"1338","3092A",34,23
"1339","3951A",34,20
"1340","4408X",34,20
"1341","4642A",34,30
"1342","5933A",34,19
"1343","6071X",34,34
"1344","6078X",34,30
"1345","6118X",34,29
"1346","6621B",34,34
"1347","6860A",34,30
"1348","7271A",34,33
"1349","7451A",34,14
"1350","7845A",34,12
"1351","7904A",34,31
"1352","8140A",34,25
"1353","8438A",34,33
"1354","8522B",34,18
"1355","8750A",34,33
"1356","8822B",34,26
"1357","V612A",34,23
"1358","0541A",33,33
"1359","1534A",33,19
"1360","2113C",33,18
"1361","2594A",33,21
"1362","2810X",33,28
"1363","3014A",33,20
"1364","3458X",33,20
"1365","3550A",33,29
"1366","3800A",33,25
"1367","3940A",33,15
"1368","4261C",33,19
"1369","4409X",33,23
"1370","5320B",33,29
"1371","5770B",33,23
"1372","6039X",33,33
"1373","6535A",33,32
"1374","6604B",33,33
"1375","7265A",33,29
"1376","7436B",33,19
"1377","7513A",33,11
"1378","7556X",33,24
"1379","8028X",33,28
"1380","8232B",33,29
"1381","8501A",33,31
"1382","0172A",32,17
"1383","1610A",32,12
"1384","1906B",32,12
"1385","2233A",32,14
"1386","2510A",32,28
"1387","2953F",32,15
"1388","2963C",32,24
"1389","3077A",32,19
"1390","3098X",32,21
"1391","3662A",32,31
"1392","4301A",32,10
"1393","5314B",32,31
"1394","5608X",32,27
"1395","5793A",32,8
"1396","6630A",32,32
"1397","6642B",32,32
"1398","7119L",32,30
"1399","7433A",32,18
"1400","7456A",32,22
"1401","7742A",32,30
"1402","7834B",32,25
"1403","8160E",32,28
"1404","9063A",32,29
"1405","9452A",32,30
"1406","0542A",31,31
"1407","0769X",31,31
"1408","1740A",31,19
"1409","2138A",31,28
"1410","2422A",31,25
"1411","2531A",31,19
"1412","3046A",31,9
"1413","3239X",31,21
"1414","3532A",31,23
"1415","4120A",31,29
"1416","4830X",31,30
"1417","5234A",31,30
"1418","5601A",31,28
"1419","5743B",31,25
"1420","5960A",31,26
"1421","6212A",31,27
"1422","6412A",31,29
"1423","6929A",31,28
"1424","6989X",31,27
"1425","7113L",31,18
"1426","7151X",31,30
"1427","7202A",31,24
"1428","7212A",31,26
"1429","7261B",31,27
"1430","7353A",31,31
"1431","7524A",31,20
"1432","7551A",31,11
"1433","7712X",31,31
"1434","7812A",31,25
"1435","7866A",31,26
"1436","8150C",31,29
"1437","8411A",31,29
"1438","8510C",31,23
"1439","9695X",31,28
"1440","0110X",30,19
"1441","0340X",30,30
"1442","0798X",30,26
"1443","2210A",30,29
"1444","2963E",30,21
"1445","3519X",30,22
"1446","3890A",30,28
"1447","4478X",30,20
"1448","4589X",30,22
"1449","5522A",30,27
"1450","5771D",30,19
"1451","5990A",30,28
"1452","6358C",30,29
"1453","6743A",30,29
"1454","6970A",30,25
"1455","7209X",30,21
"1456","7230A",30,23
"1457","7482A",30,9
"1458","7876A",30,22
"1459","7899X",30,28
"1460","7915A",30,26
"1461","8400A",30,25
"1462","8812B",30,25
"1463","9281A",30,26
"1464","9983A",30,29
"1465","V828A",30,21
"1466","0084E",29,28
"1467","2399X",29,25
"1468","2441A",29,20
"1469","2512B",29,20
"1470","2724A",29,23
"1471","2773A",29,7
"1472","3011D",29,19
"1473","3092C",29,27
"1474","4130C",29,24
"1475","4410A",29,14
"1476","5838X",29,12
"1477","5982A",29,17
"1478","6019X",29,23
"1479","6100A",29,27
"1480","6338X",29,26
"1481","6431A",29,25
"1482","7230B",29,19
"1483","7279X",29,28
"1484","7451B",29,6
"1485","7492C",29,14
"1486","8062A",29,27
"1487","8221A",29,18
"1488","8650A",29,24
"1489","8660A",29,26
"1490","9658X",29,27
"1491","2459X",28,21
"1492","2999A",28,9
"1493","3665A",28,26
"1494","5648X",28,26
"1495","5759X",28,24
"1496","6248X",28,28
"1497","6869X",28,23
"1498","7041A",28,18
"1499","7181B",28,26
"1500","7289X",28,24
"1501","7336A",28,25
"1502","7444D",28,23
"1503","7448X",28,16
"1504","7460C",28,14
"1505","7540A",28,23
"1506","7561X",28,9
"1507","7998X",28,27
"1508","8208X",28,15
"1509","8212X",28,18
"1510","8472A",28,26
"1511","8510E",28,10
"1512","8700A",28,27
"1513","9952A",28,28
"1514","9974A",28,23
"1515","0701A",27,24
"1516","1369X",27,22
"1517","1370A",27,18
"1518","1370X",27,13
"1519","1533A",27,19
"1520","2165X",27,27
"1521","2383A",27,27
"1522","2532A",27,16
"1523","4431A",27,10
"1524","5246A",27,24
"1525","5322F",27,25
"1526","5500B",27,26
"1527","5621D",27,18
"1528","5651B",27,20
"1529","5822B",27,8
"1530","6150B",27,26
"1531","6476A",27,25
"1532","6487A",27,25
"1533","6588A",27,26
"1534","6638X",27,26
"1535","6827A",27,23
"1536","7079X",27,18
"1537","7266D",27,24
"1538","7298X",27,22
"1539","7490C",27,17
"1540","7800A",27,23
"1541","7941A",27,21
"1542","8203B",27,17
"1543","8850A",27,15
"1544","0780A",26,26
"1545","2270A",26,9
"1546","3432B",26,8
"1547","3555A",26,24
"1548","3881A",26,24
"1549","4378X",26,16
"1550","4643A",26,23
"1551","5276A",26,20
"1552","5322X",26,25
"1553","5698C",26,22
"1554","5809A",26,17
"1555","5959X",26,22
"1556","5965X",26,21
"1557","5991A",26,23
"1558","6213A",26,26
"1559","6595A",26,26
"1560","7014B",26,25
"1561","7081A",26,25
"1562","7093X",26,24
"1563","7199E",26,23
"1564","7378X",26,17
"1565","7444A",26,22
"1566","7483C",26,6
"1567","8364A",26,23
"1568","8421C",26,22
"1569","8900A",26,23
"1570","0350B",25,25
"1571","0418X",25,10
"1572","0981A",25,24
"1573","1623C",25,7
"1574","2019X",25,13
"1575","2113X",25,23
"1576","2190A",25,25
"1577","2396A",25,18
"1578","2502B",25,21
"1579","2956F",25,13
"1580","3331A",25,18
"1581","3682A",25,19
"1582","3740A",25,22
"1583","3869X",25,24
"1584","3942A",25,9
"1585","4148B",25,19
"1586","4263A",25,21
"1587","4298A",25,19
"1588","4789X",25,22
"1589","4808X",25,25
"1590","5420A",25,22
"1591","5929X",25,23
"1592","5941A",25,16
"1593","5952A",25,23
"1594","5965A",25,14
"1595","6161A",25,24
"1596","6224A",25,21
"1597","6923B",25,17
"1598","6928X",25,15
"1599","7118X",25,22
"1600","7152D",25,17
"1601","7178D",25,21
"1602","7392A",25,15
"1603","7456C",25,11
"1604","7844L",25,13
"1605","8511E",25,8
"1606","9422A",25,22
"1607","9630A",25,23
"1608","9860A",25,24
"1609","9986A",25,22
"1610","V250A",25,25
"1611","0541B",24,23
"1612","2114C",24,15
"1613","2830A",24,10
"1614","3238B",24,16
"1615","3321A",24,10
"1616","3480A",24,15
"1617","3483X",24,13
"1618","3538X",24,15
"1619","3664A",24,16
"1620","3681A",24,22
"1621","3952A",24,15
"1622","4168X",24,11
"1623","4220A",24,21
"1624","4462A",24,14
"1625","4512A",24,24
"1626","4710A",24,23
"1627","4782A",24,22
"1628","5262A",24,22
"1629","5283A",24,22
"1630","5521A",24,24
"1631","5602C",24,22
"1632","5761X",24,10
"1633","5911A",24,12
"1634","6109X",24,24
"1635","6172A",24,24
"1636","6175A",24,23
"1637","6238X",24,24
"1638","6481A",24,20
"1639","6549B",24,22
"1640","6584A",24,24
"1641","6619X",24,24
"1642","6658B",24,24
"1643","6805A",24,21
"1644","7138X",24,18
"1645","7278X",24,22
"1646","7490B",24,15
"1647","7598X",24,14
"1648","7685A",24,23
"1649","7892A",24,13
"1650","8121A",24,16
"1651","8211A",24,15
"1652","8213A",24,8
"1653","8248X",24,21
"1654","8792A",24,23
"1655","8861A",24,19
"1656","9692A",24,24
"1657","0086C",23,22
"1658","0703A",23,22
"1659","2134A",23,17
"1660","2362A",23,21
"1661","2394A",23,18
"1662","2508A",23,16
"1663","2808X",23,19
"1664","2875A",23,20
"1665","2963A",23,15
"1666","3054A",23,21
"1667","3076B",23,15
"1668","3432A",23,10
"1669","3544A",23,16
"1670","3620A",23,22
"1671","3626A",23,19
"1672","3656F",23,10
"1673","3899X",23,16
"1674","4140A",23,17
"1675","5111B",23,16
"1676","5282A",23,23
"1677","5321B",23,23
"1678","5321C",23,22
"1679","5713X",23,18
"1680","5758X",23,19
"1681","5771B",23,19
"1682","5968X",23,14
"1683","6119X",23,20
"1684","6261B",23,23
"1685","6532A",23,22
"1686","6594B",23,21
"1687","7078X",23,11
"1688","7083A",23,19
"1689","7119X",23,20
"1690","7131A",23,6
"1691","7182A",23,21
"1692","7188A",23,22
"1693","7266X",23,19
"1694","7276B",23,21
"1695","7569X",23,8
"1696","7650A",23,14
"1697","7721A",23,9
"1698","8050X",23,12
"1699","8133X",23,17
"1700","8150X",23,18
"1701","8241A",23,17
"1702","8247A",23,15
"1703","8350A",23,21
"1704","9093A",23,21
"1705","9231A",23,20
"1706","9242A",23,21
"1707","9832A",23,20
"1708","9951A",23,19
"1709","0360A",22,17
"1710","0380A",22,20
"1711","1121A",22,20
"1712","2166A",22,19
"1713","2212A",22,22
"1714","2501A",22,19
"1715","2511A",22,14
"1716","2550X",22,7
"1717","2776A",22,7
"1718","2864A",22,18
"1719","2961F",22,10
"1720","3180A",22,9
"1721","3456B",22,12
"1722","4250A",22,6
"1723","5252A",22,20
"1724","5301B",22,17
"1725","5351X",22,15
"1726","5439X",22,21
"1727","5510A",22,21
"1728","5890A",22,7
"1729","6108X",22,21
"1730","6220B",22,22
"1731","6237A",22,22
"1732","6255A",22,21
"1733","6260A",22,20
"1734","6418B",22,22
"1735","6526B",22,22
"1736","6570B",22,22
"1737","6759X",22,22
"1738","6806A",22,21
"1739","6808X",22,14
"1740","6961D",22,16
"1741","7099X",22,20
"1742","7240A",22,20
"1743","7323B",22,17
"1744","7478X",22,13
"1745","7852A",22,21
"1746","7909X",22,21
"1747","8030A",22,21
"1748","8160D",22,19
"1749","8421X",22,22
"1750","8522A",22,16
"1751","8602A",22,15
"1752","9552A",22,17
"1753","9654A",22,22
"1754","9882A",22,21
"1755","0579X",21,20
"1756","2880B",21,18
"1757","2912A",21,8
"1758","2949X",21,14
"1759","2952A",21,15
"1760","2959X",21,12
"1761","3138A",21,10
"1762","3310A",21,9
"1763","3339X",21,16
"1764","3449X",21,13
"1765","4294A",21,18
"1766","4318X",21,13
"1767","5253A",21,20
"1768","5320X",21,10
"1769","5520A",21,20
"1770","5738X",21,16
"1771","5768X",21,15
"1772","5978X",21,17
"1773","5998X",21,20
"1774","6164A",21,21
"1775","6220A",21,20
"1776","6233A",21,21
"1777","6272A",21,20
"1778","6410A",21,19
"1779","6802A",21,19
"1780","6811B",21,20
"1781","6832A",21,20
"1782","7010B",21,15
"1783","7111L",21,14
"1784","7269X",21,20
"1785","7299X",21,19
"1786","7322A",21,11
"1787","7328X",21,18
"1788","7337A",21,9
"1789","7359X",21,20
"1790","7432A",21,7
"1791","7530A",21,15
"1792","7835A",21,15
"1793","7849A",21,19
"1794","8050C",21,19
"1795","8510D",21,13
"1796","9330A",21,21
"1797","9341A",21,17
"1798","9360A",21,19
"1799","9453A",21,16
"1800","V611A",21,19
"1801","0119X",20,11
"1802","0498X",20,19
"1803","1731A",20,15
"1804","1869A",20,10
"1805","2153A",20,19
"1806","2505X",20,11
"1807","2512A",20,19
"1808","2891A",20,18
"1809","2930A",20,18
"1810","2964A",20,9
"1811","3074F",20,16
"1812","3471A",20,14
"1813","3619X",20,10
"1814","3627A",20,13
"1815","3651D",20,13
"1816","3702A",20,19
"1817","4261A",20,16
"1818","4370A",20,12
"1819","4644A",20,17
"1820","5169X",20,11
"1821","5311A",20,20
"1822","5744B",20,17
"1823","5990X",20,20
"1824","6083A",20,19
"1825","6168X",20,19
"1826","6213X",20,19
"1827","6332A",20,20
"1828","6350X",20,20
"1829","7152G",20,17
"1830","7178B",20,19
"1831","7183K",20,19
"1832","7219X",20,16
"1833","7287X",20,15
"1834","7351A",20,18
"1835","7542A",20,14
"1836","7553B",20,7
"1837","7576A",20,20
"1838","7849X",20,19
"1839","7905X",20,18
"1840","8050A",20,16
"1841","8050D",20,14
"1842","8123A",20,15
"1843","8135A",20,17
"1844","8161B",20,18
"1845","8735A",20,12
"1846","9968A",20,14
"1847","0381B",19,14
"1848","0781B",19,18
"1849","0790A",19,19
"1850","2104A",19,18
"1851","2130A",19,19
"1852","2152A",19,19
"1853","2167X",19,19
"1854","2243A",19,19
"1855","2350A",19,12
"1856","2508X",19,13
"1857","2754A",19,15
"1858","3541A",19,17
"1859","3575A",19,11
"1860","3760A",19,15
"1861","4040A",19,10
"1862","4264A",19,16
"1863","4718X",19,18
"1864","5199X",19,19
"1865","5314A",19,18
"1866","5322E",19,16
"1867","5368X",19,11
"1868","5771A",19,13
"1869","5958X",19,17
"1870","5964A",19,15
"1871","5978A",19,17
"1872","6213D",19,17
"1873","6250A",19,19
"1874","7098X",19,17
"1875","7265X",19,13
"1876","7367A",19,18
"1877","7481A",19,10
"1878","7511A",19,7
"1879","7555X",19,11
"1880","7640A",19,18
"1881","7706A",19,19
"1882","7832A",19,14
"1883","8101A",19,14
"1884","8135X",19,15
"1885","8161E",19,16
"1886","8390A",19,11
"1887","8670A",19,12
"1888","8726A",19,19
"1889","8793A",19,19
"1890","9074A",19,16
"1891","9090A",19,6
"1892","9442A",19,18
"1893","9989X",19,15
"1894","V202A",19,15
"1895","0538X",18,17
"1896","1625A",18,7
"1897","1725A",18,15
"1898","2111X",18,9
"1899","2152X",18,17
"1900","2230A",18,16
"1901","2400A",18,17
"1902","2801A",18,18
"1903","2928B",18,16
"1904","3558X",18,12
"1905","3598X",18,6
"1906","3600A",18,12
"1907","3618X",18,13
"1908","3710A",18,14
"1909","3741A",18,15
"1910","3788X",18,9
"1911","4240X",18,11
"1912","4261B",18,13
"1913","4299X",18,11
"1914","4465A",18,8
"1915","4539X",18,16
"1916","5733A",18,17
"1917","5909X",18,17
"1918","6060A",18,15
"1919","6174A",18,13
"1920","6188X",18,17
"1921","6243A",18,18
"1922","6278X",18,16
"1923","6348X",18,18
"1924","6351C",18,17
"1925","6419B",18,18
"1926","7199A",18,15
"1927","7226X",18,17
"1928","7261C",18,13
"1929","7293X",18,12
"1930","7368X",18,16
"1931","7528X",18,7
"1932","7820A",18,14
"1933","8060D",18,9
"1934","8125A",18,11
"1935","8161A",18,17
"1936","8421A",18,16
"1937","8738X",18,16
"1938","9067A",18,12
"1939","9244X",18,14
"1940","9391A",18,17
"1941","9623A",18,11
"1942","9699X",18,17
"1943","9721A",18,18
"1944","0039X",17,16
"1945","0380X",17,15
"1946","0540A",17,17
"1947","0994A",17,14
"1948","1725B",17,16
"1949","2136A",17,7
"1950","2164A",17,17
"1951","2428X",17,11
"1952","2728X",17,6
"1953","2765A",17,16
"1954","3051A",17,9
"1955","3318X",17,9
"1956","3319X",17,9
"1957","3569X",17,9
"1958","3578A",17,14
"1959","3613A",17,15
"1960","3656C",17,11
"1961","3656E",17,13
"1962","3730A",17,10
"1963","3801X",17,15
"1964","3851A",17,15
"1965","4219X",17,8
"1966","4518X",17,16
"1967","4739X",17,13
"1968","5185A",17,11
"1969","5242A",17,13
"1970","5301D",17,12
"1971","5302A",17,11
"1972","5306A",17,12
"1973","5351C",17,8
"1974","5821B",17,9
"1975","6084A",17,16
"1976","6159X",17,16
"1977","6218X",17,17
"1978","6219X",17,17
"1979","6226A",17,14
"1980","6432A",17,17
"1981","6540B",17,17
"1982","6606B",17,17
"1983","6983B",17,14
"1984","7110E",17,10
"1985","7218X",17,14
"1986","7238X",17,14
"1987","7284A",17,12
"1988","7332X",17,15
"1989","7419D",17,6
"1990","7600B",17,17
"1991","7830A",17,16
"1992","7831A",17,14
"1993","8134C",17,13
"1994","8151X",17,8
"1995","8253E",17,13
"1996","8711A",17,14
"1997","9211A",17,16
"1998","9224A",17,16
"1999","9280A",17,16
"2000","9411A",17,17
"2001","9462A",17,14
"2002","9967A",17,11
"2003","1725D",16,15
"2004","2153X",16,14
"2005","2254A",16,9
"2006","2387B",16,7
"2007","2513A",16,6
"2008","2680A",16,11
"2009","2721X",16,11
"2010","3057A",16,14
"2011","3342A",16,11
"2012","3489X",16,11
"2013","3518X",16,12
"2014","3623A",16,14
"2015","3703A",16,13
"2016","3773A",16,11
"2017","3782A",16,14
"2018","4131A",16,16
"2019","4269X",16,12
"2020","4410B",16,7
"2021","4423A",16,7
"2022","4598X",16,13
"2023","4612A",16,12
"2024","4721A",16,13
"2025","4733A",16,14
"2026","5300A",16,9
"2027","5321E",16,15
"2028","5678X",16,15
"2029","5679X",16,12
"2030","5765A",16,11
"2031","5821A",16,6
"2032","5870A",16,6
"2033","5934A",16,11
"2034","5938A",16,13
"2035","5939X",16,10
"2036","5981A",16,12
"2037","5992A",16,11
"2038","6230A",16,16
"2039","6299X",16,16
"2040","6410B",16,16
"2041","6569A",16,15
"2042","6698X",16,16
"2043","6742A",16,16
"2044","6924D",16,8
"2045","6928B",16,14
"2046","6940A",16,12
"2047","6984A",16,11
"2048","7104A",16,9
"2049","7183G",16,14
"2050","7294A",16,16
"2051","7442B",16,6
"2052","7560A",16,11
"2053","7786A",16,16
"2054","7951A",16,15
"2055","7969X",16,16
"2056","8131A",16,12
"2057","8251A",16,13
"2058","8732A",16,14
"2059","9232A",16,15
"2060","9233A",16,16
"2061","9250A",16,14
"2062","9881A",16,13
"2063","9915A",16,16
"2064","9975A",16,14
"2065","1570A",15,10
"2066","1869X",15,7
"2067","2160A",15,15
"2068","2163X",15,15
"2069","2167G",15,13
"2070","2211A",15,15
"2071","2352A",15,11
"2072","2892A",15,14
"2073","2951F",15,7
"2074","2963B",15,8
"2075","3007A",15,13
"2076","3670A",15,12
"2077","3684A",15,11
"2078","3772A",15,8
"2079","3784A",15,13
"2080","3793B",15,8
"2081","3941A",15,11
"2082","4267B",15,13
"2083","4590A",15,12
"2084","4599X",15,15
"2085","5206A",15,15
"2086","5268X",15,15
"2087","5312B",15,12
"2088","5322C",15,10
"2089","5500A",15,15
"2090","5769X",15,12
"2091","5953A",15,14
"2092","5999X",15,8
"2093","6040A",15,13
"2094","6104A",15,14
"2095","6179X",15,14
"2096","6206A",15,13
"2097","6214A",15,13
"2098","6252A",15,15
"2099","6258X",15,14
"2100","6429A",15,13
"2101","6468C",15,13
"2102","6511A",15,13
"2103","6599B",15,15
"2104","6613B",15,14
"2105","6751A",15,14
"2106","6800A",15,14
"2107","6823A",15,13
"2108","6983A",15,8
"2109","7082A",15,9
"2110","7119E",15,14
"2111","7119G",15,10
"2112","7152H",15,11
"2113","7181F",15,15
"2114","7188K",15,14
"2115","7267X",15,14
"2116","7276G",15,12
"2117","7324X",15,12
"2118","7424A",15,8
"2119","7545D",15,12
"2120","7611A",15,13
"2121","7683A",15,13
"2122","7690B",15,13
"2123","7701A",15,15
"2124","7843C",15,6
"2125","7891A",15,11
"2126","8083A",15,6
"2127","8150B",15,14
"2128","8161C",15,14
"2129","8340B",15,14
"2130","8409X",15,15
"2131","8633A",15,9
"2132","8635A",15,6
"2133","8920A",15,14
"2134","8922A",15,13
"2135","9079X",15,15
"2136","9348X",15,10
"2137","9380A",15,12
"2138","9422B",15,14
"2139","9433A",15,10
"2140","9462B",15,11
"2141","9898X",15,15
"2142","9966A",15,11
"2143","0785B",14,9
"2144","2100A",14,14
"2145","2421A",14,11
"2146","2724X",14,13
"2147","2938D",14,11
"2148","3579X",14,14
"2149","3611A",14,12
"2150","3623C",14,11
"2151","3650B",14,13
"2152","3659X",14,12
"2153","3795A",14,10
"2154","3831A",14,6
"2155","4100C",14,13
"2156","4209A",14,12
"2157","4242A",14,10
"2158","4255A",14,7
"2159","4339X",14,9
"2160","4561A",14,6
"2161","4720B",14,11
"2162","4801A",14,14
"2163","5118X",14,12
"2164","5284A",14,12
"2165","5324A",14,10
"2166","5351A",14,12
"2167","5501A",14,14
"2168","5621C",14,13
"2169","5698X",14,13
"2170","6265A",14,13
"2171","6420A",14,9
"2172","6511B",14,13
"2173","6529B",14,14
"2174","6541A",14,13
"2175","6558B",14,14
"2176","6657B",14,14
"2177","6712B",14,14
"2178","6868X",14,14
"2179","6925B",14,11
"2180","6930A",14,14
"2181","7118G",14,13
"2182","7152A",14,14
"2183","7189A",14,10
"2184","7275X",14,13
"2185","7325X",14,12
"2186","7464A",14,11
"2187","7598B",14,6
"2188","7750A",14,14
"2189","7802B",14,13
"2190","7808A",14,11
"2191","7814A",14,13
"2192","7839X",14,9
"2193","8011A",14,10
"2194","8064B",14,10
"2195","8160C",14,13
"2196","8430A",14,13
"2197","8501X",14,13
"2198","8604A",14,13
"2199","8612A",14,12
"2200","8720A",14,14
"2201","8733A",14,10
"2202","8737A",14,13
"2203","8751A",14,11
"2204","9352A",14,11
"2205","9911A",14,9
"2206","V602A",14,10
"2207","0031A",13,13
"2208","0479X",13,13
"2209","0528X",13,12
"2210","0559X",13,11
"2211","0769A",13,13
"2212","0785A",13,13
"2213","0840A",13,9
"2214","1322A",13,10
"2215","1401A",13,8
"2216","1536A",13,9
"2217","1911X",13,10
"2218","1930B",13,6
"2219","1930X",13,10
"2220","2114A",13,13
"2221","2114B",13,10
"2222","2115X",13,10
"2223","2139X",13,9
"2224","2168A",13,12
"2225","2550B",13,8
"2226","2754B",13,7
"2227","2776B",13,6
"2228","2811A",13,9
"2229","2819X",13,11
"2230","2839X",13,9
"2231","2849X",13,12
"2232","2883X",13,7
"2233","2928X",13,12
"2234","2962F",13,7
"2235","3072A",13,11
"2236","3592A",13,7
"2237","3762A",13,8
"2238","3763A",13,8
"2239","4379X",13,6
"2240","4591A",13,8
"2241","4783A",13,11
"2242","4958X",13,8
"2243","5311B",13,12
"2244","5600A",13,12
"2245","5761A",13,8
"2246","6148X",13,12
"2247","6232A",13,9
"2248","6567A",13,13
"2249","6580B",13,13
"2250","6651B",13,13
"2251","6810A",13,11
"2252","6925X",13,7
"2253","7090H",13,11
"2254","7118E",13,10
"2255","7152K",13,11
"2256","7188D",13,9
"2257","7224B",13,10
"2258","7266A",13,13
"2259","7276A",13,12
"2260","7545A",13,12
"2261","7630A",13,13
"2262","7672A",13,12
"2263","7718A",13,11
"2264","7718X",13,13
"2265","7829X",13,13
"2266","8050E",13,9
"2267","8062B",13,6
"2268","8085A",13,10
"2269","8151C",13,11
"2270","8171A",13,10
"2271","8253X",13,7
"2272","8311A",13,10
"2273","8511C",13,11
"2274","8640A",13,13
"2275","8731A",13,12
"2276","9064A",13,10
"2277","9238X",13,10
"2278","9300A",13,13
"2279","9963A",13,12
"2280","0059X",12,12
"2281","0544B",12,11
"2282","0980A",12,12
"2283","1522B",12,7
"2284","1625X",12,10
"2285","1727D",12,10
"2286","2113A",12,10
"2287","2152D",12,12
"2288","2161X",12,12
"2289","2165G",12,8
"2290","2259X",12,12
"2291","2281A",12,10
"2292","2423X",12,11
"2293","2443X",12,10
"2294","2550A",12,10
"2295","2590A",12,10
"2296","2914A",12,10
"2297","2921C",12,11
"2298","3561A",12,7
"2299","3656B",12,11
"2300","3723A",12,10
"2301","3732A",12,12
"2302","3781X",12,12
"2303","3960A",12,8
"2304","4519X",12,12
"2305","4786A",12,12
"2306","5128X",12,12
"2307","5264A",12,9
"2308","5369X",12,12
"2309","5699X",12,9
"2310","5779X",12,12
"2311","5809B",12,8
"2312","5938X",12,10
"2313","5993A",12,11
"2314","6190A",12,8
"2315","6229X",12,11
"2316","6245A",12,12
"2317","6463A",12,11
"2318","6599A",12,11
"2319","6924N",12,8
"2320","6927F",12,10
"2321","6988X",12,9
"2322","7188G",12,11
"2323","7283X",12,10
"2324","7296A",12,12
"2325","7300G",12,8
"2326","7332A",12,10
"2327","7443X",12,9
"2328","7463D",12,9
"2329","7512X",12,7
"2330","7821A",12,12
"2331","7841A",12,12
"2332","7844C",12,11
"2333","7910A",12,11
"2334","7929X",12,8
"2335","7999X",12,12
"2336","8150D",12,12
"2337","8261A",12,8
"2338","8340A",12,12
"2339","8715A",12,9
"2340","8717X",12,10
"2341","8840A",12,11
"2342","8851A",12,6
"2343","9100A",12,10
"2344","9229X",12,11
"2345","9421A",12,11
"2346","9664A",12,10
"2347","9724A",12,9
"2348","9757A",12,12
"2349","V702A",12,12
"2350","0085X",11,11
"2351","0112A",11,9
"2352","0340G",11,11
"2353","0410A",11,10
"2354","0411A",11,10
"2355","0913A",11,11
"2356","1252A",11,11
"2357","1726B",11,10
"2358","1727B",11,9
"2359","1732A",11,10
"2360","1880A",11,6
"2361","2113B",11,7
"2362","2220A",11,7
"2363","2271A",11,8
"2364","3200A",11,8
"2365","3438X",11,7
"2366","3628X",11,9
"2367","3630A",11,8
"2368","3632A",11,10
"2369","3642X",11,9
"2370","3651C",11,10
"2371","3660A",11,9
"2372","3672A",11,9
"2373","3673A",11,10
"2374","3714A",11,6
"2375","3715A",11,7
"2376","4372A",11,7
"2377","4419X",11,8
"2378","4748X",11,11
"2379","4749X",11,10
"2380","4785B",11,7
"2381","4928X",11,6
"2382","5010A",11,9
"2383","5088A",11,7
"2384","5224A",11,11
"2385","5251A",11,10
"2386","5320C",11,9
"2387","5321X",11,10
"2388","5351B",11,10
"2389","5378C",11,9
"2390","5512C",11,7
"2391","5602A",11,7
"2392","5760A",11,9
"2393","6103A",11,11
"2394","6236A",11,9
"2395","6392A",11,10
"2396","6426B",11,9
"2397","6467X",11,6
"2398","6801A",11,9
"2399","6810B",11,9
"2400","6822A",11,9
"2401","6918A",11,9
"2402","6951D",11,10
"2403","6953A",11,8
"2404","7018X",11,9
"2405","7019X",11,9
"2406","7183X",11,10
"2407","7199G",11,10
"2408","7330B",11,9
"2409","7334B",11,10
"2410","7364A",11,7
"2411","7395A",11,8
"2412","7790A",11,6
"2413","7844A",11,9
"2414","7844X",11,9
"2415","8130X",11,9
"2416","8131B",11,9
"2417","8135B",11,10
"2418","8451X",11,11
"2419","8511X",11,6
"2420","8630A",11,11
"2421","8702A",11,10
"2422","8801A",11,11
"2423","8901A",11,9
"2424","8940A",11,11
"2425","8941A",11,9
"2426","9062A",11,9
"2427","9642B",11,9
"2428","9679X",11,9
"2429","9809X",11,10
"2430","9810A",11,11
"2431","9819X",11,11
"2432","0527A",10,10
"2433","1309X",10,6
"2434","1540A",10,7
"2435","1541X",10,9
"2436","1725C",10,9
"2437","1922A",10,8
"2438","2101A",10,8
"2439","2150A",10,10
"2440","2166X",10,10
"2441","2223A",10,10
"2442","2241A",10,9
"2443","2430A",10,8
"2444","2521A",10,7
"2445","2580A",10,6
"2446","2731A",10,8
"2447","2888A",10,8
"2448","2938B",10,6
"2449","3092B",10,8
"2450","3123X",10,6
"2451","3199B",10,7
"2452","3209X",10,8
"2453","3312X",10,9
"2454","3452A",10,9
"2455","3502A",10,10
"2456","3545A",10,8
"2457","3651E",10,6
"2458","3699X",10,8
"2459","3705A",10,7
"2460","3725A",10,9
"2461","3745A",10,8
"2462","3780X",10,9
"2463","4308X",10,8
"2464","4321A",10,10
"2465","4401A",10,7
"2466","4448X",10,7
"2467","4568X",10,9
"2468","4571A",10,8
"2469","5130A",10,7
"2470","5260B",10,7
"2471","5273A",10,10
"2472","5278A",10,7
"2473","5518X",10,10
"2474","5799X",10,9
"2475","5902A",10,8
"2476","5990D",10,10
"2477","6079X",10,10
"2478","6254A",10,9
"2479","6259X",10,10
"2480","6426A",10,10
"2481","6500A",10,10
"2482","6528A",10,10
"2483","6538B",10,10
"2484","6540A",10,9
"2485","6567B",10,10
"2486","6648B",10,10
"2487","6758X",10,10
"2488","6807A",10,7
"2489","6809X",10,9
"2490","6824A",10,10
"2491","6831A",10,10
"2492","6925A",10,8
"2493","6961B",10,7
"2494","7018B",10,10
"2495","7029X",10,7
"2496","7150F",10,10
"2497","7183E",10,8
"2498","7229X",10,10
"2499","7266B",10,9
"2500","7266G",10,10
"2501","7276E",10,9
"2502","7282A",10,7
"2503","7505A",10,8
"2504","7546B",10,6
"2505","7550A",10,9
"2506","7562A",10,6
"2507","7764A",10,9
"2508","7801A",10,10
"2509","7860X",10,10
"2510","7864A",10,9
"2511","7880A",10,7
"2512","7902A",10,10
"2513","7934A",10,9
"2514","7964A",10,10
"2515","8001A",10,7
"2516","8056X",10,10
"2517","8060A",10,7
"2518","8160B",10,9
"2519","8160X",10,8
"2520","8161D",10,10
"2521","8522X",10,6
"2522","8524A",10,10
"2523","8603A",10,9
"2524","8641A",10,10
"2525","8701A",10,10
"2526","8800A",10,10
"2527","8802A",10,7
"2528","8841A",10,9
"2529","8932A",10,10
"2530","9245X",10,10
"2531","9261A",10,10
"2532","9273A",10,10
"2533","9452B",10,7
"2534","9551A",10,9
"2535","9563A",10,8
"2536","9941A",10,9
"2537","V450A",10,9
"2538","0544C",9,8
"2539","1120A",9,9
"2540","1122A",9,6
"2541","1623X",9,7
"2542","1727A",9,6
"2543","1727C",9,8
"2544","1733C",9,6
"2545","1891X",9,6
"2546","2253A",9,6
"2547","2387X",9,6
"2548","2662A",9,9
"2549","2729X",9,9
"2550","2810A",9,8
"2551","2898X",9,6
"2552","2921B",9,9
"2553","2956D",9,6
"2554","3123A",9,6
"2555","3360A",9,7
"2556","3457B",9,7
"2557","3623B",9,9
"2558","3653A",9,7
"2559","3660B",9,6
"2560","4470A",9,7
"2561","5111A",9,8
"2562","5310X",9,8
"2563","5312A",9,7
"2564","5314X",9,8
"2565","5323A",9,6
"2566","5838C",9,6
"2567","5845X",9,8
"2568","5930A",9,8
"2569","6061A",9,8
"2570","6116A",9,7
"2571","6169X",9,6
"2572","6183A",9,8
"2573","6240A",9,8
"2574","6263A",9,8
"2575","6427A",9,9
"2576","6525A",9,9
"2577","6551A",9,7
"2578","6594A",9,7
"2579","6634A",9,9
"2580","6714A",9,7
"2581","6714B",9,7
"2582","6718B",9,9
"2583","7020X",9,6
"2584","7110A",9,7
"2585","7152B",9,8
"2586","7164A",9,8
"2587","7180A",9,9
"2588","7199C",9,9
"2589","7280A",9,9
"2590","7399X",9,7
"2591","7545X",9,8
"2592","7547X",9,6
"2593","7573A",9,9
"2594","7617B",9,8
"2595","7820B",9,6
"2596","7890X",9,8
"2597","7895A",9,9
"2598","7932A",9,6
"2599","7943A",9,9
"2600","8133A",9,8
"2601","8380A",9,7
"2602","8420B",9,7
"2603","8420X",9,9
"2604","8471A",9,9
"2605","8511D",9,7
"2606","8632A",9,9
"2607","8748X",9,9
"2608","8760A",9,9
"2609","8780A",9,8
"2610","8784A",9,8
"2611","8842A",9,9
"2612","8930A",9,7
"2613","9075A",9,8
"2614","9210A",9,8
"2615","9212A",9,9
"2616","9282A",9,7
"2617","9402A",9,9
"2618","9441A",9,9
"2619","9778X",9,9
"2620","9779X",9,9
"2621","9945A",9,9
"2622","V020A",9,6
"2623","V600A",9,9
"2624","0532A",8,8
"2625","0879X",8,7
"2626","1110A",8,6
"2627","1310A",8,6
"2628","1534X",8,7
"2629","2131A",8,7
"2630","2159X",8,8
"2631","2163G",8,8
"2632","2374A",8,7
"2633","2501X",8,6
"2634","2820A",8,7
"2635","2858X",8,7
"2636","2952B",8,6
"2637","3549X",8,7
"2638","3552A",8,8
"2639","3608A",8,7
"2640","3664C",8,6
"2641","3721A",8,8
"2642","3830A",8,8
"2643","4111A",8,8
"2644","4298X",8,8
"2645","4329X",8,6
"2646","4330X",8,6
"2647","4439X",8,8
"2648","4782B",8,7
"2649","4782X",8,7
"2650","4823A",8,6
"2651","5286A",8,7
"2652","5289X",8,7
"2653","5533A",8,7
"2654","5602B",8,7
"2655","5651C",8,8
"2656","6069X",8,7
"2657","6073A",8,6
"2658","6117D",8,7
"2659","6143A",8,8
"2660","6330A",8,7
"2661","6422X",8,8
"2662","6423C",8,8
"2663","6524A",8,8
"2664","6530A",8,8
"2665","6541B",8,6
"2666","6550A",8,6
"2667","6590A",8,8
"2668","6650A",8,7
"2669","6656B",8,8
"2670","6811A",8,7
"2671","6825A",8,7
"2672","6918X",8,7
"2673","6924L",8,6
"2674","6951B",8,7
"2675","7040X",8,6
"2676","7111X",8,8
"2677","7113F",8,8
"2678","7183B",8,7
"2679","7193F",8,6
"2680","7300A",8,6
"2681","7329X",8,6
"2682","7410B",8,7
"2683","7466A",8,6
"2684","7501X",8,7
"2685","7548B",8,6
"2686","7565A",8,6
"2687","7634A",8,8
"2688","7731A",8,7
"2689","7793A",8,6
"2690","7873C",8,8
"2691","7919X",8,8
"2692","8320X",8,8
"2693","8418X",8,8
"2694","8488X",8,8
"2695","8721A",8,8
"2696","8842B",8,7
"2697","8912A",8,7
"2698","9249X",8,7
"2699","9350A",8,8
"2700","9443A",8,7
"2701","9450A",8,7
"2702","9640A",8,8
"2703","9751A",8,7
"2704","9828X",8,8
"2705","9912A",8,8
"2706","9948A",8,8
"2707","0058X",7,7
"2708","0769D",7,7
"2709","0779X",7,7
"2710","1302A",7,7
"2711","2150X",7,6
"2712","2169X",7,7
"2713","2218X",7,7
"2714","2382A",7,7
"2715","2458X",7,6
"2716","2592A",7,7
"2717","2872B",7,7
"2718","3006A",7,6
"2719","3042A",7,6
"2720","3052A",7,6
"2721","3074G",7,6
"2722","3074H",7,6
"2723","3488X",7,7
"2724","3602A",7,6
"2725","3727A",7,7
"2726","3728X",7,7
"2727","3738X",7,7
"2728","3753A",7,7
"2729","3790A",7,6
"2730","3850A",7,7
"2731","3858X",7,7
"2732","4100A",7,7
"2733","4109B",7,7
"2734","4110C",7,6
"2735","4148A",7,7
"2736","4266X",7,6
"2737","4349X",7,6
"2738","4489A",7,6
"2739","4566A",7,7
"2740","4800A",7,6
"2741","4822A",7,7
"2742","5201A",7,7
"2743","5207A",7,7
"2744","5227A",7,7
"2745","5271A",7,6
"2746","5325B",7,6
"2747","5379X",7,7
"2748","5501D",7,7
"2749","5512B",7,6
"2750","5539X",7,7
"2751","5602D",7,7
"2752","5620A",7,7
"2753","5672B",7,7
"2754","5848X",7,7
"2755","5970A",7,7
"2756","5980A",7,7
"2757","6068A",7,7
"2758","6117A",7,7
"2759","6149X",7,7
"2760","6151B",7,7
"2761","6239X",7,7
"2762","6244A",7,7
"2763","6267A",7,7
"2764","6273A",7,7
"2765","6360A",7,7
"2766","6388X",7,7
"2767","6421X",7,6
"2768","6485A",7,7
"2769","6543B",7,7
"2770","6550B",7,7
"2771","6559A",7,7
"2772","6560B",7,7
"2773","6819X",7,6
"2774","6839X",7,7
"2775","7094A",7,7
"2776","7115F",7,6
"2777","7189X",7,6
"2778","7198G",7,6
"2779","7199D",7,7
"2780","7266C",7,7
"2781","7393A",7,7
"2782","7442A",7,7
"2783","7541A",7,7
"2784","7573X",7,6
"2785","7578X",7,6
"2786","7615B",7,6
"2787","7649X",7,7
"2788","7743A",7,6
"2789","7799X",7,7
"2790","7816A",7,6
"2791","7833A",7,6
"2792","7855B",7,6
"2793","7869A",7,7
"2794","7884C",7,6
"2795","8031A",7,6
"2796","8050B",7,6
"2797","8341A",7,6
"2798","8380B",7,6
"2799","8524B",7,6
"2800","8661A",7,6
"2801","8794A",7,7
"2802","8931A",7,7
"2803","9410A",7,7
"2804","9421B",7,6
"2805","9451A",7,7
"2806","9553A",7,6
"2807","9659X",7,7
"2808","9725A",7,7
"2809","9729X",7,7
"2810","9752A",7,7
"2811","9773A",7,6
"2812","9899X",7,6
"2813","9979X",7,6
"2814","0084A",6,6
"2815","0340C",6,6
"2816","0341X",6,6
"2817","0384A",6,6
"2818","0520B",6,6
"2819","0531A",6,6
"2820","1102A",6,6
"2821","1735A",6,6
"2822","2108A",6,6
"2823","2155X",6,6
"2824","2164F",6,6
"2825","2165C",6,6
"2826","2165D",6,6
"2827","2450A",6,6
"2828","2519X",6,6
"2829","2598X",6,6
"2830","3742A",6,6
"2831","3801B",6,6
"2832","3804A",6,6
"2833","3840A",6,6
"2834","4339A",6,6
"2835","4461A",6,6
"2836","4578X",6,6
"2837","4610B",6,6
"2838","4870A",6,6
"2839","5245A",6,6
"2840","5309X",6,6
"2841","5322D",6,6
"2842","5409A",6,6
"2843","5522C",6,6
"2844","5969X",6,6
"2845","6028X",6,6
"2846","6029X",6,6
"2847","6141B",6,6
"2848","6151A",6,6
"2849","6203A",6,6
"2850","6225A",6,6
"2851","6230B",6,6
"2852","6234A",6,6
"2853","6249X",6,6
"2854","6284A",6,6
"2855","6523A",6,6
"2856","6530C",6,6
"2857","6538A",6,6
"2858","6583B",6,6
"2859","6639X",6,6
"2860","6694X",6,6
"2861","6699X",6,6
"2862","6703A",6,6
"2863","6828X",6,6
"2864","6920A",6,6
"2865","7085A",6,6
"2866","7115L",6,6
"2867","7180G",6,6
"2868","7184F",6,6
"2869","7198A",6,6
"2870","7199H",6,6
"2871","7228A",6,6
"2872","7239X",6,6
"2873","7383A",6,6
"2874","7450A",6,6
"2875","7640B",6,6
"2876","7702D",6,6
"2877","7708C",6,6
"2878","7822A",6,6
"2879","7938A",6,6
"2880","8012A",6,6
"2881","8054X",6,6
"2882","8252B",6,6
"2883","8252C",6,6
"2884","8610A",6,6
"2885","8651A",6,6
"2886","8727A",6,6
"2887","9164A",6,6
"2888","9219X",6,6
"2889","9310A",6,6
"2890","9349X",6,6
"2891","9370A",6,6
"2892","9403A",6,6
"2893","9404A",6,6
"2894","9697A",6,6
"2895","9726X",6,6
"2896","9984A",6,6
