concept_id_1,concept_id_2,relationship_id,valid_start_date,valid_end_date,invalid_reason,tmp_mapping_type
19,196328,Maps to,1970-01-01,2099-12-31,NA,USAGI
65,46273592,Maps to,2015-07-31,2099-12-31,NA,USAGI
67,4314257,Maps to,1970-01-01,2099-12-31,NA,USAGI
68,193688,Maps to,1970-01-01,2099-12-31,NA,USAGI
70,199718,Maps to,1970-01-01,2099-12-31,NA,USAGI
73,196620,Maps to,1970-01-01,2099-12-31,NA,USAGI
74,4230249,Maps to,1970-01-01,2099-12-31,NA,USAGI
76,198337,Maps to,1970-01-01,2099-12-31,NA,USAGI
77,197484,Maps to,1970-01-01,2099-12-31,NA,USAGI
307,138346,Maps to,1970-01-01,2099-12-31,NA,USAGI
309,438338,Maps to,1970-01-01,2099-12-31,NA,USAGI
329,434277,Maps to,1970-01-01,2099-12-31,NA,USAGI
349,437779,Maps to,1970-01-01,2099-12-31,NA,USAGI
350,435459,Maps to,1970-01-01,2099-12-31,NA,USAGI
401,4110510,Maps to,1970-01-01,2099-12-31,NA,USAGI
416,437489,Maps to,1970-01-01,2099-12-31,NA,USAGI
418,137792,Maps to,1970-01-01,2099-12-31,NA,USAGI
419,4294437,Maps to,1970-01-01,2099-12-31,NA,USAGI
421,140027,Maps to,1970-01-01,2099-12-31,NA,USAGI
452,135745,Maps to,1970-01-01,2099-12-31,NA,USAGI
527,4126282,Maps to,1970-01-01,2099-12-31,NA,USAGI
530,4034002,Maps to,1970-01-01,2099-12-31,NA,USAGI
543,4345460,Maps to,1970-01-01,2099-12-31,NA,USAGI
544,140641,Maps to,1970-01-01,2099-12-31,NA,USAGI
545,4080331,Maps to,1970-01-01,2099-12-31,NA,USAGI
546,140641,Maps to,1970-01-01,2099-12-31,NA,USAGI
587,438343,Maps to,1970-01-01,2099-12-31,NA,USAGI
678,201792,Maps to,1970-01-01,2099-12-31,NA,USAGI
701,80946,Maps to,1970-01-01,2099-12-31,NA,USAGI
703,133141,Maps to,1970-01-01,2099-12-31,NA,USAGI
709,134870,Maps to,1970-01-01,2099-12-31,NA,USAGI
716,29735,Maps to,1970-01-01,2099-12-31,NA,USAGI
718,4217669,Maps to,1970-01-01,2099-12-31,NA,USAGI
782,440952,Maps to,1970-01-01,2099-12-31,NA,USAGI
812,4090114,Maps to,1970-01-01,2099-12-31,NA,USAGI
819,440653,Maps to,1970-01-01,2099-12-31,NA,USAGI
821,78073,Maps to,1970-01-01,2099-12-31,NA,USAGI
827,140961,Maps to,1970-01-01,2099-12-31,NA,USAGI
831,140949,Maps to,1970-01-01,2099-12-31,NA,USAGI
841,438688,Maps to,1970-01-01,2099-12-31,NA,USAGI
863,377802,Maps to,1970-01-01,2099-12-31,NA,USAGI
1452,4091465,Maps to,1970-01-01,2099-12-31,NA,USAGI
1476,4181351,Maps to,1970-01-01,2099-12-31,NA,USAGI
1514,197508,Maps to,1970-01-01,2099-12-31,NA,USAGI
1684,4038838,Maps to,1970-01-01,2099-12-31,NA,USAGI
1707,437233,Maps to,1970-01-01,2099-12-31,NA,USAGI
1711,134305,Maps to,1970-01-01,2099-12-31,NA,USAGI
1711,4030260,Maps to,1970-01-01,2099-12-31,NA,USAGI
1845,440358,Maps to,1970-01-01,2099-12-31,NA,USAGI
1970,72576,Maps to,1970-01-01,2099-12-31,NA,USAGI
1972,197236,Maps to,1970-01-01,2099-12-31,NA,USAGI
2033,441818,Maps to,1970-01-01,2099-12-31,NA,USAGI
2034,433997,Maps to,1970-01-01,2099-12-31,NA,USAGI
2120,135214,Maps to,1970-01-01,2099-12-31,NA,USAGI
2124,438383,Maps to,1970-01-01,2099-12-31,NA,USAGI
2182,4193704,Maps to,1970-01-01,2099-12-31,NA,USAGI
2183,443412,Maps to,1970-01-01,2099-12-31,NA,USAGI
2187,439770,Maps to,1970-01-01,2099-12-31,NA,USAGI
2195,45773688,Maps to,2015-01-31,2099-12-31,NA,USAGI
2199,42538169,Maps to,2018-01-31,2099-12-31,NA,USAGI
2211,435216,Maps to,1970-01-01,2099-12-31,NA,USAGI
2220,380688,Maps to,1970-01-01,2099-12-31,NA,USAGI
2221,4307509,Maps to,1970-01-01,2099-12-31,NA,USAGI
2222,4135819,Maps to,1970-01-01,2099-12-31,NA,USAGI
2224,24609,Maps to,1970-01-01,2099-12-31,NA,USAGI
2225,192591,Maps to,1970-01-01,2099-12-31,NA,USAGI
2236,4253197,Maps to,1970-01-01,2099-12-31,NA,USAGI
2239,4030186,Maps to,1970-01-01,2099-12-31,NA,USAGI
2241,30365,Maps to,1970-01-01,2099-12-31,NA,USAGI
2249,30968,Maps to,1970-01-01,2099-12-31,NA,USAGI
2302,199771,Maps to,1970-01-01,2099-12-31,NA,USAGI
2339,4100822,Maps to,1970-01-01,2099-12-31,NA,USAGI
2378,4029736,Maps to,1970-01-01,2099-12-31,NA,USAGI
2385,4029305,Maps to,1970-01-01,2099-12-31,NA,USAGI
2387,4120314,Maps to,1970-01-01,2099-12-31,NA,USAGI
2391,432867,Maps to,1970-01-01,2099-12-31,NA,USAGI
2399,4002359,Maps to,1970-01-01,2099-12-31,NA,USAGI
2406,74892,Maps to,1970-01-01,2099-12-31,NA,USAGI
2419,435511,Maps to,1970-01-01,2099-12-31,NA,USAGI
2420,4215809,Maps to,1970-01-01,2099-12-31,NA,USAGI
2430,4232311,Maps to,1970-01-01,2099-12-31,NA,USAGI
2434,435796,Maps to,1970-01-01,2099-12-31,NA,USAGI
2437,437833,Maps to,1970-01-01,2099-12-31,NA,USAGI
2441,441267,Maps to,1970-01-01,2099-12-31,NA,USAGI
2447,4047607,Maps to,1970-01-01,2099-12-31,NA,USAGI
2462,4183240,Maps to,1970-01-01,2099-12-31,NA,USAGI
2471,4219003,Maps to,1970-01-01,2099-12-31,NA,USAGI
2472,4219003,Maps to,1970-01-01,2099-12-31,NA,USAGI
2487,436659,Maps to,1970-01-01,2099-12-31,NA,USAGI
2540,434894,Maps to,1970-01-01,2099-12-31,NA,USAGI
2545,434007,Maps to,1970-01-01,2099-12-31,NA,USAGI
2563,4101602,Maps to,1970-01-01,2099-12-31,NA,USAGI
2567,4119134,Maps to,1970-01-01,2099-12-31,NA,USAGI
2574,432870,Maps to,1970-01-01,2099-12-31,NA,USAGI
2588,4190500,Maps to,1970-01-01,2099-12-31,NA,USAGI
2589,4170270,Maps to,1970-01-01,2099-12-31,NA,USAGI
2599,313989,Maps to,1970-01-01,2099-12-31,NA,USAGI
2642,440368,Maps to,1970-01-01,2099-12-31,NA,USAGI
2644,436385,Maps to,1970-01-01,2099-12-31,NA,USAGI
2654,436944,Maps to,1970-01-01,2099-12-31,NA,USAGI
2656,437243,Maps to,1970-01-01,2099-12-31,NA,USAGI
2658,4286201,Maps to,1970-01-01,2099-12-31,NA,USAGI
2661,436673,Maps to,1970-01-01,2099-12-31,NA,USAGI
2665,4286201,Maps to,1970-01-01,2099-12-31,NA,USAGI
2666,4008566,Maps to,1970-01-01,2099-12-31,NA,USAGI
2668,4105330,Maps to,1970-01-01,2099-12-31,NA,USAGI
2670,4194671,Maps to,1970-01-01,2099-12-31,NA,USAGI
2675,36717092,Maps to,2017-01-31,2099-12-31,NA,USAGI
2676,42872722,Maps to,2012-07-31,2099-12-31,NA,USAGI
2677,4250023,Maps to,1970-01-01,2099-12-31,NA,USAGI
2704,432590,Maps to,1970-01-01,2099-12-31,NA,USAGI
2707,4182683,Maps to,1970-01-01,2099-12-31,NA,USAGI
2708,43022060,Maps to,2013-01-31,2099-12-31,NA,USAGI
2718,442077,Maps to,1970-01-01,2099-12-31,NA,USAGI
2732,4103574,Maps to,1970-01-01,2099-12-31,NA,USAGI
2741,434010,Maps to,1970-01-01,2099-12-31,NA,USAGI
2749,434626,Maps to,1970-01-01,2099-12-31,NA,USAGI
2751,441838,Maps to,1970-01-01,2099-12-31,NA,USAGI
2775,435243,Maps to,1970-01-01,2099-12-31,NA,USAGI
2775,45877668,Maps to,1970-01-01,2099-12-31,NA,USAGI
2775,4218106,Maps to,1970-01-01,2099-12-31,NA,USAGI
2775,36310781,Maps to,1970-01-01,2099-12-31,NA,USAGI
2786,4104431,Maps to,1970-01-01,2099-12-31,NA,USAGI
2798,436675,Maps to,1970-01-01,2099-12-31,NA,USAGI
2804,435524,Maps to,1970-01-01,2099-12-31,NA,USAGI
2807,440087,Maps to,1970-01-01,2099-12-31,NA,USAGI
2820,442306,Maps to,1970-01-01,2099-12-31,NA,USAGI
2871,4240481,Maps to,1970-01-01,2099-12-31,NA,USAGI
2905,440700,Maps to,1970-01-01,2099-12-31,NA,USAGI
2920,4319906,Maps to,1970-01-01,2099-12-31,NA,USAGI
2925,436391,Maps to,1970-01-01,2099-12-31,NA,USAGI
2944,377539,Maps to,1970-01-01,2099-12-31,NA,USAGI
2954,374919,Maps to,1970-01-01,2099-12-31,NA,USAGI
2961,374022,Maps to,1970-01-01,2099-12-31,NA,USAGI
2977,374924,Maps to,1970-01-01,2099-12-31,NA,USAGI
2979,4332304,Maps to,1970-01-01,2099-12-31,NA,USAGI
2980,4216711,Maps to,1970-01-01,2099-12-31,NA,USAGI
2987,374023,Maps to,1970-01-01,2099-12-31,NA,USAGI
2990,380378,Maps to,1970-01-01,2099-12-31,NA,USAGI
2998,436100,Maps to,1970-01-01,2099-12-31,NA,USAGI
2999,442588,Maps to,1970-01-01,2099-12-31,NA,USAGI
3019,379801,Maps to,1970-01-01,2099-12-31,NA,USAGI
3040,137548,Maps to,1970-01-01,2099-12-31,NA,USAGI
3042,74635,Maps to,1970-01-01,2099-12-31,NA,USAGI
3049,380094,Maps to,1970-01-01,2099-12-31,NA,USAGI
3053,4256912,Maps to,1970-01-01,2099-12-31,NA,USAGI
3059,195259,Maps to,1970-01-01,2099-12-31,NA,USAGI
3077,4296728,Maps to,1970-01-01,2099-12-31,NA,USAGI
3077,4164770,Maps to,1970-01-01,2099-12-31,NA,USAGI
3078,378421,Maps to,1970-01-01,2099-12-31,NA,USAGI
3085,76685,Maps to,1970-01-01,2099-12-31,NA,USAGI
3100,432621,Maps to,1970-01-01,2099-12-31,NA,USAGI
3104,4107917,Maps to,1970-01-01,2099-12-31,NA,USAGI
3115,381282,Maps to,1970-01-01,2099-12-31,NA,USAGI
3120,376683,Maps to,1970-01-01,2099-12-31,NA,USAGI
3121,380096,Maps to,1970-01-01,2099-12-31,NA,USAGI
3144,437850,Maps to,1970-01-01,2099-12-31,NA,USAGI
3155,4176864,Maps to,1970-01-01,2099-12-31,NA,USAGI
3156,434926,Maps to,1970-01-01,2099-12-31,NA,USAGI
3156,441283,Maps to,1970-01-01,2099-12-31,NA,USAGI
3157,434926,Maps to,1970-01-01,2099-12-31,NA,USAGI
3168,4008573,Maps to,1970-01-01,2099-12-31,NA,USAGI
3182,4334259,Maps to,1970-01-01,2099-12-31,NA,USAGI
3185,4195502,Maps to,1970-01-01,2099-12-31,NA,USAGI
3190,4220818,Maps to,1970-01-01,2099-12-31,NA,USAGI
3192,40479994,Maps to,2009-07-31,2099-12-31,NA,USAGI
3193,381295,Maps to,1970-01-01,2099-12-31,NA,USAGI
3194,376401,Maps to,1970-01-01,2099-12-31,NA,USAGI
3195,376973,Maps to,1970-01-01,2099-12-31,NA,USAGI
3196,376979,Maps to,1970-01-01,2099-12-31,NA,USAGI
3203,376415,Maps to,1970-01-01,2099-12-31,NA,USAGI
3204,379805,Maps to,1970-01-01,2099-12-31,NA,USAGI
3205,378424,Maps to,1970-01-01,2099-12-31,NA,USAGI
3206,4109104,Maps to,1970-01-01,2099-12-31,NA,USAGI
3212,372896,Maps to,1970-01-01,2099-12-31,NA,USAGI
3214,373474,Maps to,1970-01-01,2099-12-31,NA,USAGI
3224,4290687,Maps to,1970-01-01,2099-12-31,NA,USAGI
3230,380397,Maps to,1970-01-01,2099-12-31,NA,USAGI
3239,372635,Maps to,1970-01-01,2099-12-31,NA,USAGI
3241,374362,Maps to,1970-01-01,2099-12-31,NA,USAGI
3246,376707,Maps to,1970-01-01,2099-12-31,NA,USAGI
3247,374036,Maps to,1970-01-01,2099-12-31,NA,USAGI
3248,379019,Maps to,1970-01-01,2099-12-31,NA,USAGI
3249,375552,Maps to,1970-01-01,2099-12-31,NA,USAGI
3250,381580,Maps to,1970-01-01,2099-12-31,NA,USAGI
3256,374347,Maps to,1970-01-01,2099-12-31,NA,USAGI
3256,378425,Maps to,1970-01-01,2099-12-31,NA,USAGI
3258,381581,Maps to,1970-01-01,2099-12-31,NA,USAGI
3266,374044,Maps to,1970-01-01,2099-12-31,NA,USAGI
3276,438761,Maps to,1970-01-01,2099-12-31,NA,USAGI
3277,438760,Maps to,1970-01-01,2099-12-31,NA,USAGI
3296,435269,Maps to,1970-01-01,2099-12-31,NA,USAGI
3297,379818,Maps to,1970-01-01,2099-12-31,NA,USAGI
3305,377877,Maps to,1970-01-01,2099-12-31,NA,USAGI
3306,377877,Maps to,1970-01-01,2099-12-31,NA,USAGI
3307,377877,Maps to,1970-01-01,2099-12-31,NA,USAGI
3308,4163410,Maps to,1970-01-01,2099-12-31,NA,USAGI
3310,377294,Maps to,1970-01-01,2099-12-31,NA,USAGI
3311,4100058,Maps to,1970-01-01,2099-12-31,NA,USAGI
3313,4009187,Maps to,1970-01-01,2099-12-31,NA,USAGI
3314,373212,Maps to,1970-01-01,2099-12-31,NA,USAGI
3315,380109,Maps to,1970-01-01,2099-12-31,NA,USAGI
3317,381862,Maps to,1970-01-01,2099-12-31,NA,USAGI
3322,4143372,Maps to,1970-01-01,2099-12-31,NA,USAGI
3325,381033,Maps to,1970-01-01,2099-12-31,NA,USAGI
3327,4316061,Maps to,1970-01-01,2099-12-31,NA,USAGI
3330,378165,Maps to,1970-01-01,2099-12-31,NA,USAGI
3351,374948,Maps to,1970-01-01,2099-12-31,NA,USAGI
3352,4214270,Maps to,1970-01-01,2099-12-31,NA,USAGI
3353,381592,Maps to,1970-01-01,2099-12-31,NA,USAGI
3360,439264,Maps to,1970-01-01,2099-12-31,NA,USAGI
3361,377886,Maps to,1970-01-01,2099-12-31,NA,USAGI
3365,4301700,Maps to,1970-01-01,2099-12-31,NA,USAGI
3366,372651,Maps to,1970-01-01,2099-12-31,NA,USAGI
3369,375291,Maps to,1970-01-01,2099-12-31,NA,USAGI
3371,375292,Maps to,1970-01-01,2099-12-31,NA,USAGI
3375,378765,Maps to,1970-01-01,2099-12-31,NA,USAGI
3382,437496,Maps to,1970-01-01,2099-12-31,NA,USAGI
3387,439035,Maps to,1970-01-01,2099-12-31,NA,USAGI
3393,377575,Maps to,1970-01-01,2099-12-31,NA,USAGI
3419,4313828,Maps to,1970-01-01,2099-12-31,NA,USAGI
3424,439834,Maps to,1970-01-01,2099-12-31,NA,USAGI
3434,320128,Maps to,1970-01-01,2099-12-31,NA,USAGI
3436,4111554,Maps to,1970-01-01,2099-12-31,NA,USAGI
3452,312327,Maps to,1970-01-01,2099-12-31,NA,USAGI
3471,321318,Maps to,1970-01-01,2099-12-31,NA,USAGI
3480,314666,Maps to,1970-01-01,2099-12-31,NA,USAGI
3480,4198141,Maps to,1970-01-01,2099-12-31,NA,USAGI
3484,314666,Maps to,1970-01-01,2099-12-31,NA,USAGI
3493,321318,Maps to,1970-01-01,2099-12-31,NA,USAGI
3497,321318,Maps to,1970-01-01,2099-12-31,NA,USAGI
3506,40481919,Maps to,2010-01-31,2099-12-31,NA,USAGI
3510,40481919,Maps to,2010-01-31,2099-12-31,NA,USAGI
3516,4185932,Maps to,1970-01-01,2099-12-31,NA,USAGI
3559,4190773,Maps to,1970-01-01,2099-12-31,NA,USAGI
3560,4124693,Maps to,1970-01-01,2099-12-31,NA,USAGI
3562,4163710,Maps to,1970-01-01,2099-12-31,NA,USAGI
3563,318773,Maps to,1970-01-01,2099-12-31,NA,USAGI
3575,4253363,Maps to,1970-01-01,2099-12-31,NA,USAGI
3576,437892,Maps to,1970-01-01,2099-12-31,NA,USAGI
3579,317893,Maps to,1970-01-01,2099-12-31,NA,USAGI
3580,437579,Maps to,1970-01-01,2099-12-31,NA,USAGI
3581,313792,Maps to,1970-01-01,2099-12-31,NA,USAGI
3582,4108832,Maps to,1970-01-01,2099-12-31,NA,USAGI
3583,437894,Maps to,1970-01-01,2099-12-31,NA,USAGI
3585,441872,Maps to,1970-01-01,2099-12-31,NA,USAGI
3586,4066289,Maps to,1970-01-01,2099-12-31,NA,USAGI
3591,316139,Maps to,1970-01-01,2099-12-31,NA,USAGI
3601,321588,Maps to,1970-01-01,2099-12-31,NA,USAGI
3614,4111709,Maps to,1970-01-01,2099-12-31,NA,USAGI
3624,441874,Maps to,1970-01-01,2099-12-31,NA,USAGI
3635,4278243,Maps to,1970-01-01,2099-12-31,NA,USAGI
3637,312938,Maps to,1970-01-01,2099-12-31,NA,USAGI
3646,434056,Maps to,1970-01-01,2099-12-31,NA,USAGI
3649,4140207,Maps to,1970-01-01,2099-12-31,NA,USAGI
3650,37312134,Maps to,2020-03-09,2099-12-31,NA,USAGI
3686,196431,Maps to,1970-01-01,2099-12-31,NA,USAGI
3706,4236340,Maps to,1970-01-01,2099-12-31,NA,USAGI
3710,77310,Maps to,1970-01-01,2099-12-31,NA,USAGI
3725,4181705,Maps to,1970-01-01,2099-12-31,NA,USAGI
3727,201322,Maps to,1970-01-01,2099-12-31,NA,USAGI
3731,4305808,Maps to,1970-01-01,2099-12-31,NA,USAGI
3731,201322,Maps to,1970-01-01,2099-12-31,NA,USAGI
3731,199839,Maps to,1970-01-01,2099-12-31,NA,USAGI
3734,195562,Maps to,1970-01-01,2099-12-31,NA,USAGI
3756,4070679,Maps to,1970-01-01,2099-12-31,NA,USAGI
3762,4197268,Maps to,1970-01-01,2099-12-31,NA,USAGI
3771,25297,Maps to,1970-01-01,2099-12-31,NA,USAGI
3773,24660,Maps to,1970-01-01,2099-12-31,NA,USAGI
3775,30133,Maps to,1970-01-01,2099-12-31,NA,USAGI
3777,31597,Maps to,1970-01-01,2099-12-31,NA,USAGI
3778,4141503,Maps to,1970-01-01,2099-12-31,NA,USAGI
3778,4105773,Maps to,1970-01-01,2099-12-31,NA,USAGI
3781,23798,Maps to,1970-01-01,2099-12-31,NA,USAGI
3783,257011,Maps to,1970-01-01,2099-12-31,NA,USAGI
3785,260139,Maps to,1970-01-01,2099-12-31,NA,USAGI
3786,260125,Maps to,1970-01-01,2099-12-31,NA,USAGI
3788,377910,Maps to,1970-01-01,2099-12-31,NA,USAGI
3791,4034382,Maps to,1970-01-01,2099-12-31,NA,USAGI
3795,4112497,Maps to,1970-01-01,2099-12-31,NA,USAGI
3797,4305500,Maps to,1970-01-01,2099-12-31,NA,USAGI
3798,26711,Maps to,1970-01-01,2099-12-31,NA,USAGI
3800,134668,Maps to,1970-01-01,2099-12-31,NA,USAGI
3802,132932,Maps to,1970-01-01,2099-12-31,NA,USAGI
3807,4234533,Maps to,1970-01-01,2099-12-31,NA,USAGI
3808,28457,Maps to,1970-01-01,2099-12-31,NA,USAGI
3809,28457,Maps to,1970-01-01,2099-12-31,NA,USAGI
3812,26711,Maps to,1970-01-01,2099-12-31,NA,USAGI
3817,440751,Maps to,1970-01-01,2099-12-31,NA,USAGI
3819,24970,Maps to,1970-01-01,2099-12-31,NA,USAGI
3822,257007,Maps to,1970-01-01,2099-12-31,NA,USAGI
3826,3185916,Maps to,NA,NA,NA,USAGI
3827,257008,Maps to,1970-01-01,2099-12-31,NA,USAGI
3828,437580,Maps to,1970-01-01,2099-12-31,NA,USAGI
3848,258785,Maps to,1970-01-01,2099-12-31,NA,USAGI
3852,260754,Maps to,1970-01-01,2099-12-31,NA,USAGI
3853,261324,Maps to,1970-01-01,2099-12-31,NA,USAGI
3858,440431,Maps to,1970-01-01,2099-12-31,NA,USAGI
3861,255848,Maps to,1970-01-01,2099-12-31,NA,USAGI
3863,256723,Maps to,1970-01-01,2099-12-31,NA,USAGI
3867,256451,Maps to,1970-01-01,2099-12-31,NA,USAGI
3870,257905,Maps to,1970-01-01,2099-12-31,NA,USAGI
3871,258780,Maps to,1970-01-01,2099-12-31,NA,USAGI
3879,45769441,Maps to,2015-01-31,2099-12-31,NA,USAGI
3880,257581,Maps to,1970-01-01,2099-12-31,NA,USAGI
3881,252658,Maps to,1970-01-01,2099-12-31,NA,USAGI
3882,45773005,Maps to,2015-01-31,2099-12-31,NA,USAGI
3883,317009,Maps to,1970-01-01,2099-12-31,NA,USAGI
3886,317009,Maps to,1970-01-01,2099-12-31,NA,USAGI
3888,256449,Maps to,1970-01-01,2099-12-31,NA,USAGI
3898,256450,Maps to,1970-01-01,2099-12-31,NA,USAGI
3915,4306082,Maps to,1970-01-01,2099-12-31,NA,USAGI
3925,4209859,Maps to,1970-01-01,2099-12-31,NA,USAGI
3934,255302,Maps to,1970-01-01,2099-12-31,NA,USAGI
3945,45763750,Maps to,2015-01-31,2099-12-31,NA,USAGI
4008,433243,Maps to,1970-01-01,2099-12-31,NA,USAGI
4034,29056,Maps to,1970-01-01,2099-12-31,NA,USAGI
4037,30441,Maps to,1970-01-01,2099-12-31,NA,USAGI
4044,138455,Maps to,1970-01-01,2099-12-31,NA,USAGI
4072,30753,Maps to,1970-01-01,2099-12-31,NA,USAGI
4082,316457,Maps to,1970-01-01,2099-12-31,NA,USAGI
4083,4340516,Maps to,1970-01-01,2099-12-31,NA,USAGI
4202,195300,Maps to,1970-01-01,2099-12-31,NA,USAGI
4205,433516,Maps to,1970-01-01,2099-12-31,NA,USAGI
4209,439418,Maps to,1970-01-01,2099-12-31,NA,USAGI
4230,441604,Maps to,1970-01-01,2099-12-31,NA,USAGI
4234,4243357,Maps to,1970-01-01,2099-12-31,NA,USAGI
4251,4288544,Maps to,1970-01-01,2099-12-31,NA,USAGI
4252,4288544,Maps to,1970-01-01,2099-12-31,NA,USAGI
4252,21499019,Maps to,1970-01-01,2099-12-31,NA,USAGI
4254,4288544,Maps to,1970-01-01,2099-12-31,NA,USAGI
4267,4057543,Maps to,1970-01-01,2099-12-31,NA,USAGI
4290,4166480,Maps to,1970-01-01,2099-12-31,NA,USAGI
4291,81893,Maps to,1970-01-01,2099-12-31,NA,USAGI
4294,81893,Maps to,1970-01-01,2099-12-31,NA,USAGI
4318,192357,Maps to,1970-01-01,2099-12-31,NA,USAGI
4322,197603,Maps to,1970-01-01,2099-12-31,NA,USAGI
4335,42535737,Maps to,2018-01-31,2099-12-31,NA,USAGI
4336,42536739,Maps to,2018-01-31,2099-12-31,NA,USAGI
4336,4260535,Maps to,1970-01-01,2099-12-31,NA,USAGI
4340,75860,Maps to,1970-01-01,2099-12-31,NA,USAGI
4345,80141,Maps to,1970-01-01,2099-12-31,NA,USAGI
4352,76725,Maps to,1970-01-01,2099-12-31,NA,USAGI
4355,37203984,Maps to,2019-07-31,2099-12-31,NA,USAGI
4356,193807,Maps to,1970-01-01,2099-12-31,NA,USAGI
4357,4213865,Maps to,1970-01-01,2099-12-31,NA,USAGI
4366,195581,Maps to,1970-01-01,2099-12-31,NA,USAGI
4377,193242,Maps to,1970-01-01,2099-12-31,NA,USAGI
4386,4340383,Maps to,1970-01-01,2099-12-31,NA,USAGI
4394,4135822,Maps to,1970-01-01,2099-12-31,NA,USAGI
4412,196726,Maps to,1970-01-01,2099-12-31,NA,USAGI
4414,44783016,Maps to,2014-01-31,2099-12-31,NA,USAGI
4414,196726,Maps to,1970-01-01,2099-12-31,NA,USAGI
4416,36716712,Maps to,2017-01-31,2099-12-31,NA,USAGI
4425,4145443,Maps to,1970-01-01,2099-12-31,NA,USAGI
4426,192956,Maps to,1970-01-01,2099-12-31,NA,USAGI
4435,4289018,Maps to,1970-01-01,2099-12-31,NA,USAGI
4437,4340953,Maps to,1970-01-01,2099-12-31,NA,USAGI
4438,195856,Maps to,1970-01-01,2099-12-31,NA,USAGI
4442,441067,Maps to,1970-01-01,2099-12-31,NA,USAGI
4449,4340493,Maps to,1970-01-01,2099-12-31,NA,USAGI
4456,4008556,Maps to,1970-01-01,2099-12-31,NA,USAGI
4462,26727,Maps to,1970-01-01,2099-12-31,NA,USAGI
4463,4103703,Maps to,1970-01-01,2099-12-31,NA,USAGI
4469,4131798,Maps to,1970-01-01,2099-12-31,NA,USAGI
4504,4125952,Maps to,1970-01-01,2099-12-31,NA,USAGI
4535,4269363,Maps to,1970-01-01,2099-12-31,NA,USAGI
4536,4280571,Maps to,1970-01-01,2099-12-31,NA,USAGI
4540,433811,Maps to,1970-01-01,2099-12-31,NA,USAGI
4541,4220484,Maps to,1970-01-01,2099-12-31,NA,USAGI
4543,201620,Maps to,1970-01-01,2099-12-31,NA,USAGI
4544,201916,Maps to,1970-01-01,2099-12-31,NA,USAGI
4554,192440,Maps to,1970-01-01,2099-12-31,NA,USAGI
4566,75863,Maps to,1970-01-01,2099-12-31,NA,USAGI
4568,441615,Maps to,1970-01-01,2099-12-31,NA,USAGI
4598,36714969,Maps to,2017-01-31,2099-12-31,NA,USAGI
4599,4331815,Maps to,2009-01-31,2099-12-31,NA,USAGI
4601,4167328,Maps to,1970-01-01,2099-12-31,NA,USAGI
4604,196156,Maps to,1970-01-01,2099-12-31,NA,USAGI
4609,437038,Maps to,1970-01-01,2099-12-31,NA,USAGI
4613,197032,Maps to,2009-01-31,2099-12-31,NA,USAGI
4616,200445,Maps to,1970-01-01,2099-12-31,NA,USAGI
4632,4320787,Maps to,1970-01-01,2099-12-31,NA,USAGI
4635,42709954,Maps to,2012-01-31,2099-12-31,NA,USAGI
4636,4028998,Maps to,1970-01-01,2099-12-31,NA,USAGI
4638,4143116,Maps to,1970-01-01,2099-12-31,NA,USAGI
4648,315586,Maps to,1970-01-01,2099-12-31,NA,USAGI
4655,197601,Maps to,1970-01-01,2099-12-31,NA,USAGI
4669,79072,Maps to,1970-01-01,2099-12-31,NA,USAGI
4675,4289543,Maps to,1970-01-01,2099-12-31,NA,USAGI
4676,73819,Maps to,1970-01-01,2099-12-31,NA,USAGI
4684,196468,Maps to,1970-01-01,2099-12-31,NA,USAGI
4692,37110264,Maps to,2017-07-31,2099-12-31,NA,USAGI
4702,196163,Maps to,1970-01-01,2099-12-31,NA,USAGI
4703,4180978,Maps to,1970-01-01,2099-12-31,NA,USAGI
4703,4149084,Maps to,1970-01-01,2099-12-31,NA,USAGI
4711,200461,Maps to,1970-01-01,2099-12-31,NA,USAGI
4712,199881,Maps to,1970-01-01,2099-12-31,NA,USAGI
4714,197033,Maps to,1970-01-01,2099-12-31,NA,USAGI
4715,433527,Maps to,1970-01-01,2099-12-31,NA,USAGI
4717,194421,Maps to,1970-01-01,2099-12-31,NA,USAGI
4722,198202,Maps to,1970-01-01,2099-12-31,NA,USAGI
4723,441906,Maps to,1970-01-01,2099-12-31,NA,USAGI
4723,4254781,Maps to,1970-01-01,2099-12-31,NA,USAGI
4724,40490888,Maps to,2011-01-31,2099-12-31,NA,USAGI
4727,4092565,Maps to,1970-01-01,2099-12-31,NA,USAGI
4728,197332,Maps to,1970-01-01,2099-12-31,NA,USAGI
4731,4162218,Maps to,1970-01-01,2099-12-31,NA,USAGI
4736,42536549,Maps to,2018-01-31,2099-12-31,NA,USAGI
4742,193530,Maps to,1970-01-01,2099-12-31,NA,USAGI
4744,197610,Maps to,1970-01-01,2099-12-31,NA,USAGI
4753,200779,Maps to,1970-01-01,2099-12-31,NA,USAGI
4759,195316,Maps to,1970-01-01,2099-12-31,NA,USAGI
4761,195876,Maps to,1970-01-01,2099-12-31,NA,USAGI
4763,201625,Maps to,1970-01-01,2099-12-31,NA,USAGI
4777,4280498,Maps to,1970-01-01,2099-12-31,NA,USAGI
4782,4174893,Maps to,1970-01-01,2099-12-31,NA,USAGI
4789,199068,Maps to,1970-01-01,2099-12-31,NA,USAGI
4799,4300384,Maps to,1970-01-01,2099-12-31,NA,USAGI
4804,439080,Maps to,1970-01-01,2099-12-31,NA,USAGI
4807,194696,Maps to,1970-01-01,2099-12-31,NA,USAGI
4808,439081,Maps to,1970-01-01,2099-12-31,NA,USAGI
4809,201347,Maps to,1970-01-01,2099-12-31,NA,USAGI
4810,195007,Maps to,1970-01-01,2099-12-31,NA,USAGI
4814,443800,Maps to,1970-01-01,2099-12-31,NA,USAGI
4815,4275882,Maps to,1970-01-01,2099-12-31,NA,USAGI
4816,442274,Maps to,1970-01-01,2099-12-31,NA,USAGI
4817,4302555,Maps to,1970-01-01,2099-12-31,NA,USAGI
4818,4202828,Maps to,1970-01-01,2099-12-31,NA,USAGI
4819,4028474,Maps to,1970-01-01,2099-12-31,NA,USAGI
4820,196168,Maps to,1970-01-01,2099-12-31,NA,USAGI
4822,195012,Maps to,1970-01-01,2099-12-31,NA,USAGI
4827,195012,Maps to,1970-01-01,2099-12-31,NA,USAGI
4828,195321,Maps to,1970-01-01,2099-12-31,NA,USAGI
4845,4179927,Maps to,1970-01-01,2099-12-31,NA,USAGI
4846,192370,Maps to,1970-01-01,2099-12-31,NA,USAGI
4852,4262136,Maps to,1970-01-01,2099-12-31,NA,USAGI
4854,76482,Maps to,1970-01-01,2099-12-31,NA,USAGI
4857,199076,Maps to,1970-01-01,2099-12-31,NA,USAGI
4862,436176,Maps to,1970-01-01,2099-12-31,NA,USAGI
4869,436747,Maps to,1970-01-01,2099-12-31,NA,USAGI
4870,436747,Maps to,1970-01-01,2099-12-31,NA,USAGI
4887,45768717,Maps to,2015-01-31,2099-12-31,NA,USAGI
4897,440457,Maps to,1970-01-01,2099-12-31,NA,USAGI
4914,4217486,Maps to,1970-01-01,2099-12-31,NA,USAGI
4917,4030872,Maps to,1970-01-01,2099-12-31,NA,USAGI
4920,314090,Maps to,1970-01-01,2099-12-31,NA,USAGI
4936,4030872,Maps to,1970-01-01,2099-12-31,NA,USAGI
4937,436485,Maps to,1970-01-01,2099-12-31,NA,USAGI
4943,4273560,Maps to,1970-01-01,2099-12-31,NA,USAGI
4944,4062557,Maps to,1970-01-01,2099-12-31,NA,USAGI
4947,432695,Maps to,1970-01-01,2099-12-31,NA,USAGI
4950,4006961,Maps to,1970-01-01,2099-12-31,NA,USAGI
4956,4082504,Maps to,1970-01-01,2099-12-31,NA,USAGI
4960,4311256,Maps to,1970-01-01,2099-12-31,NA,USAGI
4974,4024659,Maps to,1970-01-01,2099-12-31,NA,USAGI
4985,439403,Maps to,1970-01-01,2099-12-31,NA,USAGI
4988,441641,Maps to,1970-01-01,2099-12-31,NA,USAGI
4988,4071507,Maps to,1970-01-01,2099-12-31,NA,USAGI
4990,441919,Maps to,1970-01-01,2099-12-31,NA,USAGI
4991,435018,Maps to,1970-01-01,2099-12-31,NA,USAGI
5004,74698,Maps to,1970-01-01,2099-12-31,NA,USAGI
5023,77052,Maps to,1970-01-01,2099-12-31,NA,USAGI
5029,45757117,Maps to,2015-01-31,2099-12-31,NA,USAGI
5046,4113199,Maps to,1970-01-01,2099-12-31,NA,USAGI
5088,4184996,Maps to,1970-01-01,2099-12-31,NA,USAGI
5088,439136,Maps to,1970-01-01,2099-12-31,NA,USAGI
5107,194702,Maps to,1970-01-01,2099-12-31,NA,USAGI
5142,443435,Maps to,1970-01-01,2099-12-31,NA,USAGI
5143,192974,Maps to,1970-01-01,2099-12-31,NA,USAGI
5151,434714,Maps to,1970-01-01,2099-12-31,NA,USAGI
5183,443929,Maps to,1970-01-01,2099-12-31,NA,USAGI
5183,197625,Maps to,1970-01-01,2099-12-31,NA,USAGI
5208,4328870,Maps to,1970-01-01,2099-12-31,NA,USAGI
5242,441364,Maps to,1970-01-01,2099-12-31,NA,USAGI
5289,36685926,Maps to,2019-01-31,2099-12-31,NA,USAGI
5294,140480,Maps to,1970-01-01,2099-12-31,NA,USAGI
5297,132397,Maps to,1970-01-01,2099-12-31,NA,USAGI
5299,133547,Maps to,1970-01-01,2099-12-31,NA,USAGI
5310,4236759,Maps to,1970-01-01,2099-12-31,NA,USAGI
5311,133834,Maps to,1970-01-01,2099-12-31,NA,USAGI
5358,4216188,Maps to,1970-01-01,2099-12-31,NA,USAGI
5359,4266791,Maps to,1970-01-01,2099-12-31,NA,USAGI
5360,133285,Maps to,1970-01-01,2099-12-31,NA,USAGI
5368,140487,Maps to,1970-01-01,2099-12-31,NA,USAGI
5385,132702,Maps to,1970-01-01,2099-12-31,NA,USAGI
5386,141651,Maps to,1970-01-01,2099-12-31,NA,USAGI
5390,4318267,Maps to,1970-01-01,2099-12-31,NA,USAGI
5393,136773,Maps to,1970-01-01,2099-12-31,NA,USAGI
5405,81931,Maps to,1970-01-01,2099-12-31,NA,USAGI
5406,4307925,Maps to,1970-01-01,2099-12-31,NA,USAGI
5407,4063434,Maps to,1970-01-01,2099-12-31,NA,USAGI
5409,4100184,Maps to,1970-01-01,2099-12-31,NA,USAGI
5420,132703,Maps to,1970-01-01,2099-12-31,NA,USAGI
5430,4272156,Maps to,1970-01-01,2099-12-31,NA,USAGI
5431,4204991,Maps to,1970-01-01,2099-12-31,NA,USAGI
5436,4169287,Maps to,1970-01-01,2099-12-31,NA,USAGI
5441,4119189,Maps to,1970-01-01,2099-12-31,NA,USAGI
5455,4058388,Maps to,1970-01-01,2099-12-31,NA,USAGI
5458,4249445,Maps to,1970-01-01,2099-12-31,NA,USAGI
5475,139099,Maps to,1970-01-01,2099-12-31,NA,USAGI
5497,134718,Maps to,1970-01-01,2099-12-31,NA,USAGI
5518,4241223,Maps to,1970-01-01,2099-12-31,NA,USAGI
5525,141095,Maps to,1970-01-01,2099-12-31,NA,USAGI
5548,4200670,Maps to,1970-01-01,2099-12-31,NA,USAGI
5551,132983,Maps to,1970-01-01,2099-12-31,NA,USAGI
5553,138501,Maps to,1970-01-01,2099-12-31,NA,USAGI
5581,257628,Maps to,1970-01-01,2099-12-31,NA,USAGI
5589,80800,Maps to,1970-01-01,2099-12-31,NA,USAGI
5672,4035611,Maps to,1970-01-01,2099-12-31,NA,USAGI
5673,4083556,Maps to,1970-01-01,2099-12-31,NA,USAGI
5677,4132809,Maps to,1970-01-01,2099-12-31,NA,USAGI
5678,4132810,Maps to,1970-01-01,2099-12-31,NA,USAGI
5681,80809,Maps to,1970-01-01,2099-12-31,NA,USAGI
5687,4079749,Maps to,1970-01-01,2099-12-31,NA,USAGI
5687,72993,Maps to,1970-01-01,2099-12-31,NA,USAGI
5687,4115379,Maps to,1970-01-01,2099-12-31,NA,USAGI
5688,4079750,Maps to,1970-01-01,2099-12-31,NA,USAGI
5688,72993,Maps to,1970-01-01,2099-12-31,NA,USAGI
5707,4218311,Maps to,1970-01-01,2099-12-31,NA,USAGI
5708,44783376,Maps to,2014-01-31,2099-12-31,NA,USAGI
5712,4116323,Maps to,1970-01-01,2099-12-31,NA,USAGI
5713,4119146,Maps to,1970-01-01,2099-12-31,NA,USAGI
5716,81378,Maps to,1970-01-01,2099-12-31,NA,USAGI
5721,72415,Maps to,1970-01-01,2099-12-31,NA,USAGI
5762,77637,Maps to,1970-01-01,2099-12-31,NA,USAGI
5795,761018,Maps to,2018-01-31,2099-12-31,NA,USAGI
5881,437082,Maps to,1970-01-01,2099-12-31,NA,USAGI
5884,4223530,Maps to,1970-01-01,2099-12-31,NA,USAGI
5886,141941,Maps to,1970-01-01,2099-12-31,NA,USAGI
5890,80813,Maps to,1970-01-01,2099-12-31,NA,USAGI
5894,4227449,Maps to,1970-01-01,2099-12-31,NA,USAGI
5895,4227449,Maps to,1970-01-01,2099-12-31,NA,USAGI
5898,4347305,Maps to,1970-01-01,2099-12-31,NA,USAGI
5900,314131,Maps to,1970-01-01,2099-12-31,NA,USAGI
5902,434449,Maps to,1970-01-01,2099-12-31,NA,USAGI
5903,434449,Maps to,1970-01-01,2099-12-31,NA,USAGI
5907,4068482,Maps to,1970-01-01,2099-12-31,NA,USAGI
5910,442425,Maps to,1970-01-01,2099-12-31,NA,USAGI
5913,436785,Maps to,1970-01-01,2099-12-31,NA,USAGI
5915,24134,Maps to,1970-01-01,2099-12-31,NA,USAGI
5916,81660,Maps to,1970-01-01,2099-12-31,NA,USAGI
5917,77639,Maps to,1970-01-01,2099-12-31,NA,USAGI
5919,440814,Maps to,1970-01-01,2099-12-31,NA,USAGI
5924,4152592,Maps to,1970-01-01,2099-12-31,NA,USAGI
5926,194133,Maps to,1970-01-01,2099-12-31,NA,USAGI
5928,194133,Maps to,1970-01-01,2099-12-31,NA,USAGI
5934,255348,Maps to,1970-01-01,2099-12-31,NA,USAGI
5936,77644,Maps to,1970-01-01,2099-12-31,NA,USAGI
5939,78237,Maps to,1970-01-01,2099-12-31,NA,USAGI
5940,4164922,Maps to,1970-01-01,2099-12-31,NA,USAGI
5941,761174,Maps to,2018-01-31,2099-12-31,NA,USAGI
5943,134452,Maps to,1970-01-01,2099-12-31,NA,USAGI
5946,4297894,Maps to,1970-01-01,2099-12-31,NA,USAGI
5968,443744,Maps to,1970-01-01,2099-12-31,NA,USAGI
5969,134453,Maps to,1970-01-01,2099-12-31,NA,USAGI
5970,4003132,Maps to,1970-01-01,2099-12-31,NA,USAGI
5992,4166776,Maps to,1970-01-01,2099-12-31,NA,USAGI
5999,442315,Maps to,1970-01-01,2099-12-31,NA,USAGI
6000,442752,Maps to,1970-01-01,2099-12-31,NA,USAGI
6001,373852,Maps to,1970-01-01,2099-12-31,NA,USAGI
6003,432719,Maps to,1970-01-01,2099-12-31,NA,USAGI
6063,4217493,Maps to,1970-01-01,2099-12-31,NA,USAGI
6065,435903,Maps to,1970-01-01,2099-12-31,NA,USAGI
6067,437359,Maps to,1970-01-01,2099-12-31,NA,USAGI
6074,80502,Maps to,1970-01-01,2099-12-31,NA,USAGI
6093,437969,Maps to,1970-01-01,2099-12-31,NA,USAGI
6095,75911,Maps to,1970-01-01,2099-12-31,NA,USAGI
6096,80819,Maps to,1970-01-01,2099-12-31,NA,USAGI
6097,79916,Maps to,1970-01-01,2099-12-31,NA,USAGI
6098,432417,Maps to,1970-01-01,2099-12-31,NA,USAGI
6099,433577,Maps to,1970-01-01,2099-12-31,NA,USAGI
6114,80504,Maps to,1970-01-01,2099-12-31,NA,USAGI
6133,316211,Maps to,1970-01-01,2099-12-31,NA,USAGI
6167,438244,Maps to,1970-01-01,2099-12-31,NA,USAGI
6175,40403168,Maps to,1970-01-01,2099-12-31,NA,USAGI
6177,380513,Maps to,1970-01-01,2099-12-31,NA,USAGI
6180,4099969,Maps to,1970-01-01,2099-12-31,NA,USAGI
6181,437093,Maps to,1970-01-01,2099-12-31,NA,USAGI
6189,442641,Maps to,1970-01-01,2099-12-31,NA,USAGI
6190,378849,Maps to,1970-01-01,2099-12-31,NA,USAGI
6200,441950,Maps to,1970-01-01,2099-12-31,NA,USAGI
6255,321119,Maps to,1970-01-01,2099-12-31,NA,USAGI
6278,4316221,Maps to,1970-01-01,2099-12-31,NA,USAGI
6292,135923,Maps to,1970-01-01,2099-12-31,NA,USAGI
6330,441394,Maps to,1970-01-01,2099-12-31,NA,USAGI
6366,196528,Maps to,1970-01-01,2099-12-31,NA,USAGI
6392,438250,Maps to,1970-01-01,2099-12-31,NA,USAGI
6393,438242,Maps to,1970-01-01,2099-12-31,NA,USAGI
6394,81395,Maps to,1970-01-01,2099-12-31,NA,USAGI
6395,4052685,Maps to,1970-01-01,2099-12-31,NA,USAGI
6398,136516,Maps to,1970-01-01,2099-12-31,NA,USAGI
6404,141955,Maps to,1970-01-01,2099-12-31,NA,USAGI
6405,435368,Maps to,1970-01-01,2099-12-31,NA,USAGI
6416,4162283,Maps to,1970-01-01,2099-12-31,NA,USAGI
6439,4210998,Maps to,1970-01-01,2099-12-31,NA,USAGI
6441,79127,Maps to,1970-01-01,2099-12-31,NA,USAGI
6444,79127,Maps to,1970-01-01,2099-12-31,NA,USAGI
6448,4023985,Maps to,1970-01-01,2099-12-31,NA,USAGI
6517,258540,Maps to,1970-01-01,2099-12-31,NA,USAGI
6686,133594,Maps to,1970-01-01,2099-12-31,NA,USAGI
6727,23034,Maps to,1970-01-01,2099-12-31,NA,USAGI
6736,439140,Maps to,1970-01-01,2099-12-31,NA,USAGI
6757,72434,Maps to,1970-01-01,2099-12-31,NA,USAGI
6777,433031,Maps to,1970-01-01,2099-12-31,NA,USAGI
6780,4206148,Maps to,1970-01-01,2099-12-31,NA,USAGI
6781,377091,Maps to,1970-01-01,2099-12-31,NA,USAGI
6782,439383,Maps to,1970-01-01,2099-12-31,NA,USAGI
6783,437663,Maps to,1970-01-01,2099-12-31,NA,USAGI
6784,4246495,Maps to,1970-01-01,2099-12-31,NA,USAGI
6791,437584,Maps to,1970-01-01,2099-12-31,NA,USAGI
6795,441130,Maps to,1970-01-01,2099-12-31,NA,USAGI
6799,443200,Maps to,1970-01-01,2099-12-31,NA,USAGI
6799,137379,Maps to,1970-01-01,2099-12-31,NA,USAGI
6801,4141128,Maps to,1970-01-01,2099-12-31,NA,USAGI
6802,4318719,Maps to,1970-01-01,2099-12-31,NA,USAGI
6804,4236484,Maps to,1970-01-01,2099-12-31,NA,USAGI
6807,433595,Maps to,1970-01-01,2099-12-31,NA,USAGI
6808,137977,Maps to,1970-01-01,2099-12-31,NA,USAGI
6817,442165,Maps to,1970-01-01,2099-12-31,NA,USAGI
6817,436675,Maps to,1970-01-01,2099-12-31,NA,USAGI
6826,4221532,Maps to,1970-01-01,2099-12-31,NA,USAGI
6830,378253,Maps to,1970-01-01,2099-12-31,NA,USAGI
6839,4042710,Maps to,1970-01-01,2099-12-31,NA,USAGI
6850,4196636,Maps to,1970-01-01,2099-12-31,NA,USAGI
6863,4096682,Maps to,1970-01-01,2099-12-31,NA,USAGI
6865,4145818,Maps to,1970-01-01,2099-12-31,NA,USAGI
6867,4248728,Maps to,1970-01-01,2099-12-31,NA,USAGI
6871,444070,Maps to,1970-01-01,2099-12-31,NA,USAGI
6872,315078,Maps to,1970-01-01,2099-12-31,NA,USAGI
6881,312437,Maps to,1970-01-01,2099-12-31,NA,USAGI
6883,4103431,Maps to,1970-01-01,2099-12-31,NA,USAGI
6887,254761,Maps to,1970-01-01,2099-12-31,NA,USAGI
6887,1332774,Maps to,NA,NA,NA,USAGI
6888,261687,Maps to,1970-01-01,2099-12-31,NA,USAGI
6889,433596,Maps to,1970-01-01,2099-12-31,NA,USAGI
6890,4060316,Maps to,1970-01-01,2099-12-31,NA,USAGI
6894,321689,Maps to,1970-01-01,2099-12-31,NA,USAGI
6897,27674,Maps to,1970-01-01,2099-12-31,NA,USAGI
6899,31317,Maps to,1970-01-01,2099-12-31,NA,USAGI
6902,442597,Maps to,1970-01-01,2099-12-31,NA,USAGI
6911,197684,Maps to,1970-01-01,2099-12-31,NA,USAGI
6913,4012368,Maps to,1970-01-01,2099-12-31,NA,USAGI
6915,79936,Maps to,1970-01-01,2099-12-31,NA,USAGI
6922,200219,Maps to,1970-01-01,2099-12-31,NA,USAGI
6922,45877062,Maps to,1970-01-01,2099-12-31,NA,USAGI
6923,197676,Maps to,1970-01-01,2099-12-31,NA,USAGI
6924,200527,Maps to,1970-01-01,2099-12-31,NA,USAGI
6927,200528,Maps to,1970-01-01,2099-12-31,NA,USAGI
6940,74080,Maps to,1970-01-01,2099-12-31,NA,USAGI
6941,75650,Maps to,1970-01-01,2099-12-31,NA,USAGI
6946,434164,Maps to,1970-01-01,2099-12-31,NA,USAGI
7111,4142905,Maps to,1970-01-01,2099-12-31,NA,USAGI
7226,438884,Maps to,1970-01-01,2099-12-31,NA,USAGI
7230,435951,Maps to,1970-01-01,2099-12-31,NA,USAGI
7239,4085552,Maps to,1970-01-01,2099-12-31,NA,USAGI
7241,438879,Maps to,1970-01-01,2099-12-31,NA,USAGI
7243,441155,Maps to,1970-01-01,2099-12-31,NA,USAGI
7302,4116323,Maps to,1970-01-01,2099-12-31,NA,USAGI
7305,76545,Maps to,1970-01-01,2099-12-31,NA,USAGI
7349,4212887,Maps to,1970-01-01,2099-12-31,NA,USAGI
7349,4164922,Maps to,1970-01-01,2099-12-31,NA,USAGI
7349,42873169,Maps to,2012-07-31,2099-12-31,NA,USAGI
7375,4035419,Maps to,1970-01-01,2099-12-31,NA,USAGI
7376,4035417,Maps to,1970-01-01,2099-12-31,NA,USAGI
7376,4133015,Maps to,1970-01-01,2099-12-31,NA,USAGI
7380,4207505,Maps to,1970-01-01,2099-12-31,NA,USAGI
7380,42873172,Maps to,2012-07-31,2099-12-31,NA,USAGI
7381,4207505,Maps to,1970-01-01,2099-12-31,NA,USAGI
7384,4016695,Maps to,1970-01-01,2099-12-31,NA,USAGI
7416,378001,Maps to,1970-01-01,2099-12-31,NA,USAGI
7417,378001,Maps to,1970-01-01,2099-12-31,NA,USAGI
7573,200562,Maps to,1970-01-01,2099-12-31,NA,USAGI
7830,4110915,Maps to,1970-01-01,2099-12-31,NA,USAGI
7832,197150,Maps to,1970-01-01,2099-12-31,NA,USAGI
7835,4176755,Maps to,2008-01-31,2099-12-31,NA,USAGI
7836,439968,Maps to,1970-01-01,2099-12-31,NA,USAGI
8450,440270,Maps to,1970-01-01,2099-12-31,NA,USAGI
8451,436294,Maps to,1970-01-01,2099-12-31,NA,USAGI
8454,434819,Maps to,1970-01-01,2099-12-31,NA,USAGI
8692,442019,Maps to,1970-01-01,2099-12-31,NA,USAGI
8692,437312,Maps to,1970-01-01,2099-12-31,NA,USAGI
8696,437474,Maps to,1970-01-01,2099-12-31,NA,USAGI
9082,4217975,Maps to,1970-01-01,2099-12-31,NA,USAGI
9082,44808158,Maps to,2014-04-01,2099-12-31,NA,USAGI
9083,45765728,Maps to,2015-01-31,2099-12-31,NA,USAGI
9087,45766058,Maps to,2015-01-31,2099-12-31,NA,USAGI
9106,4285139,Maps to,1970-01-01,2099-12-31,NA,USAGI
9114,4011458,Maps to,1970-01-01,2099-12-31,NA,USAGI
9114,4201409,Maps to,1970-01-01,2099-12-31,NA,USAGI
