code,freq_finngen,freq_total
AN1,18264,18264
AN4,3191,3191
AN3,3063,3063
81,2161,2161
AN2,1879,1879
AA1,1721,1721
AP1,1703,1703
AS4,1035,1035
AQ1,970,970
82,702,702
ANC,638,638
AB2,500,500
111,482,482
AS2,436,436
AR6,392,392
AA2,356,356
AQ2,348,348
AP2,307,307
AC4,293,293
AB1,288,288
AR1,267,267
61,252,252
AP3,216,216
ANE,210,210
AR5,205,205
83,196,196
AS7,196,196
AP4,194,194
ATX,164,164
73,157,157
AJ1,151,151
72,145,145
ANB,142,142
71,140,140
AT4,132,132
AR2,131,131
AJ2,124,124
AS8,120,120
112,102,102
ASB,98,98
ASC,98,98
62,89,89
AT2,87,87
AD1,80,80
AC2,76,76
AH3,76,76
ARB,76,76
AS1,76,76
211,70,70
AS6,67,67
ANA,62,62
ANX,61,61
ASX,61,61
74,53,53
AR3,53,53
AMX,49,49
AR7,49,49
AS5,46,46
AR8,45,45
AC1,44,44
AA3,41,41
AJ3,41,41
AF1,40,40
AS3,40,40
23,38,38
AH2,38,38
ABX,37,37
AP6,35,35
APX,35,35
AT7,34,34
AJX,33,33
AM3,32,32
AT1,32,32
212,31,31
31,31,31
421,28,28
ASA,28,28
AJ4,26,26
APK,26,26
AB3,24,24
AJ5,23,23
AT3,23,23
AAX,22,22
9,21,21
AK1,21,21
63,19,19
AM4,17,17
ACX,16,16
APM,16,16
AM1,15,15
AND,15,15
AT8,15,15
221,14,14
59,14,14
AE1,14,14
AEX,14,14
AT6,14,14
ATA,14,14
APJ,13,13
AQ3,13,13
422,12,12
AK3,12,12
AM2,12,12
84,11,11
424,10,10
113,8,8
413,8,8
AP7,8,8
ATB,8,8
AD2,7,7
AN,7,7
ARX,7,7
AG1,6,6
APS,6,6
