CODE1,freq,n_pats
Z3231,311458,36159
TK800,217138,1158
Z2221,198593,43753
ZXD10,136428,57260
GD1AA,128466,52196
ZX012,102925,5358
ZXE00,98819,50787
ZY010,95324,4923
Z3226,77843,19769
R4110,71796,23220
ZXE10,68534,43088
LC2BE,64994,28981
ZXD05,55070,39263
ZXA00,50922,32335
ZX120,50858,7789
UJD10,49758,31773
WF003,47132,2513
ZXA05,46950,30145
WF002,44495,2022
FM1AE,43571,16475
UJF32,40267,26325
CJE20,37852,25667
FM1EE,33828,16422
WX404,33243,20933
AA1AD,32345,21603
WZC00,31870,16143
WX408,31777,24099
ZXE11,31399,6246
R4160,31182,1919
ZXA10,30795,19673
Z3229,30383,8710
FN1AC,29706,20350
MA2AE,29507,9904
WX110,29488,21740
XFP20,29351,4555
UKC02,28945,14622
XCW99,28388,9796
HA003,28136,1697
XF400,28107,15575
XCK10,28038,11323
JN4BD,28015,11506
Z2445,26277,4081
TPH04,26217,14937
MA2HE,25164,11858
CKD05,23975,2716
XKD00,23666,12967
WX320,19788,15677
Z3232,19459,6925
ZXD20,19194,14526
JN3AE,18254,13130
LC2AE,18189,10164
XLD00,17501,10058
NG1AA,17487,8766
GD1QA,17479,11552
TNX10,17181,5611
ZXE06,17036,4810
WX700,16953,11450
Z2446,16642,5718
ULA02,16322,7918
KC1EE,16293,9883
WD125,16228,2440
FM1DE,15729,8479
R2130,15606,5678
NGD05,15398,12709
ZXE20,15122,12070
GD1UA,14555,9462
R5110,14367,7203
JN3BD,14270,10446
XCK00,13594,6450
WD105,13571,1997
NF1AA,13397,6194
R4120,13387,4680
XF402,13042,10571
ZX070,12955,807
NK4XE,12864,4839
ZXE02,12805,2946
TFP20,12508,5584
R5140,12485,6229
ZY020,12348,4722
NA3AA,12202,7807
TK810,12091,184
LX1AE,11869,5947
UJF45,11807,7728
PH2AE,11776,8964
HA013,11633,583
ZXE03,11624,3846
XF404,11602,7454
QDB10,11382,3128
ZXE04,11345,4581
WB113,11306,2941
TQX10,11183,7872
WXQ27,11180,610
LCA06,11016,8999
HA1AA,10730,5755
WZC30,10714,6131
ZX112,10515,1385
NH3AA,10514,6439
ND2AA,10332,6559
SAA03,10289,5767
WZB00,10200,5430
ZX090,10172,2727
MA2DE,10157,4261
UJF30,10003,7208
WX002,9995,7904
MA1AE,9941,6477
MA2JE,9797,6286
JAB30,9782,8573
ZXE13,9782,3594
XPX99,9776,4856
NH1AA,9739,5005
UDC00,9624,4812
W0A12,9612,455
JKA21,9583,9387
JN1AE,9551,7361
MCA10,9412,7086
ZX080,9385,625
XMA22,9343,3725
ZXE05,9250,4415
HA1AE,9089,4922
NGB20,9028,7190
NA3BG,8906,7337
MA2XE,8846,3973
ND1AA,8755,4428
AA400,8749,677
R2110,8748,5894
AA1CG,8621,6215
MAX99,8465,6052
R4140,8434,491
QAE10,8429,6404
WD405,8316,977
XQ800,8252,6942
WX100,8082,5902
IEY05,7935,1223
EB1HA,7910,6446
TKC20,7841,4614
CKC12,7733,3024
NGF25,7728,6632
XG412,7693,4245
XG410,7557,3261
JHB30,7547,4619
CK2X4,7521,3498
GD1PA,7477,5585
XLA10,7408,4462
NB1AA,7407,4731
ZYC01,7400,1691
NK6QA,7319,5069
UDH02,7300,4753
ZX095,7227,336
UGC12,7216,5669
ACC51,7211,5273
SAA02,7127,4018
EP1AE,7048,4475
WF049,7023,1298
NE1AA,7015,4792
NBG15,6979,5978
WF004,6949,845
TDM10,6871,3157
SAA01,6702,3132
WX892,6616,5030
JEA00,6584,6130
WB103,6565,1952
AA1BG,6552,5956
PG1DE,6549,3541
NJ2MA,6522,4017
PHD99,6437,5448
KE1BE,6432,5025
LDA20,6388,4422
QBE10,6356,5386
GD1BD,6315,4561
DFF00,6246,4644
LCA13,6159,5227
XX3DW,6143,5064
TQW99,6105,3737
TNX33,6086,3978
NFB30,6071,5013
TQW40,5877,4783
EMB10,5861,5687
XF600,5852,3094
R5599,5847,1916
XJH00,5778,4490
ZX198,5717,704
FB1BD,5703,4792
ACC59,5670,4247
NBL00,5660,4810
WD115,5640,1048
WZC10,5561,3827
WW500,5544,2100
WF001,5449,345
CK2S4,5443,2442
UJD02,5420,4224
TQW80,5382,1159
NGA30,5379,4850
CJB10,5278,4616
PHD76,5205,4582
KH1AE,5118,4072
UJH02,5091,3333
ZXD30,5062,3814
DMB20,5047,4365
XA800,5038,2880
THW99,4998,1412
PJA12,4986,4665
FN1BC,4980,4073
QBB10,4953,2007
LC2DE,4936,2928
DM1QA,4874,3920
FN1YT,4804,3912
WX307,4753,3940
ULC02,4731,4036
JN3AA,4572,3363
LGA21,4503,4393
WD415,4476,722
WX722,4469,3342
FN1AT,4466,3630
ZX013,4442,435
XQ802,4422,3083
TNX50,4416,3153
UDQ12,4415,3108
TNX32,4407,3534
ZX114,4402,1015
TPH07,4399,3796
XCH00,4395,1880
TLC00,4392,3894
WZC05,4379,2488
KE1AT,4257,3337
WX306,4219,3353
JN4CD,4206,3302
ZXY60,4185,407
NHJ10,4154,3807
ABC36,4078,3502
GD1DD,4031,2923
XW000,4014,2477
KED22,3999,3644
TAB00,3963,3131
SAA04,3960,2471
NA1BG,3921,3388
ZXE30,3912,3357
XFP96,3899,2272
EBA10,3879,3164
SJD00,3855,474
NF1AE,3852,1735
ZXD35,3816,3189
NHU20,3804,3158
WD135,3801,536
CKW99,3796,358
NA3CG,3767,3136
PA6DE,3764,3530
HAB40,3681,3339
ZXE15,3673,1791
ZXD31,3625,3196
TKE00,3608,2631
XF655,3573,2385
XFE00,3573,1945
FNA01,3571,3471
SBB10,3553,2010
ZXC20,3548,1443
NHK30,3542,2925
IGY99,3515,779
DM1AA,3503,2950
LCD00,3499,3469
LCB25,3498,3177
JAH01,3456,3218
WF029,3450,165
LX1XE,3414,1794
EB1AA,3399,2039
DAX00,3385,1665
WX602,3340,2901
R2,3311,146
JN3CD,3302,2860
XCD10,3296,1911
PA6BD,3294,3012
ZXM10,3288,2830
FM1BE,3256,2708
NGF35,3238,2932
IFC01,3214,23
NA1AA,3213,2343
XG470,3205,1603
RD211,3200,1428
LDA10,3193,2509
DCA20,3189,1815
LCD04,3166,3140
DM1AD,3164,2897
EBA00,3146,2442
R5130,3144,1266
HAC20,3142,2835
DJD20,3126,3007
NG4AA,3113,1744
XG466,3110,1974
WX290,3109,2654
NC1AA,3090,1755
WX704,3089,2577
LA2AE,3085,1073
JFA15,3070,2598
WX105,3070,2400
LDC03,3057,2719
GD1ED,3055,2214
ABC16,3016,2577
WX400,3009,2702
LC2HE,3004,2756
NH3BA,2954,1780
LCH11,2949,2399
WZC20,2926,1706
WB401,2912,384
R1220,2911,659
TDW99,2902,1934
R4130,2889,784
LAF11,2866,2839
MAE00,2863,2708
NHG80,2857,2196
NA3EA,2844,2341
WW200,2833,1576
ZX108,2800,327
JN4AD,2789,1676
CKC10,2779,1347
WX140,2779,2005
JN3AD,2740,2143
XA402,2738,2078
IGY01,2720,837
WD305,2719,513
WX702,2719,2347
TK820,2707,257
QAA25,2705,1190
TNX99,2701,2012
R4150,2687,381
TPH15,2681,2072
FN2BA,2670,2289
IGY02,2657,786
SJX10,2625,610
JHB00,2619,2439
YG1BD,2616,2397
NB1BA,2597,1736
LEF03,2572,2452
TLC02,2571,2411
PJD52,2565,2399
KE002,2541,135
XX9AW,2533,2205
ZXY51,2514,1351
TKW99,2485,428
XF640,2477,1892
FPE20,2474,2298
KH1AD,2472,1806
LCD10,2472,2454
NBG10,2465,2199
LEF00,2454,2291
NK6AN,2448,1929
NBA30,2423,2191
NGE35,2394,2113
NA1AD,2393,2153
ZXC10,2369,1595
SHB00,2358,1766
MBA03,2343,1948
QXA25,2332,1008
JEA01,2331,2259
ZX136,2315,312
R1250,2308,1345
KA1AE,2306,1557
NDM40,2304,1805
WB123,2299,638
EMB30,2292,2199
NG1BG,2292,2120
XKD06,2285,1978
UDM02,2280,1272
QDE10,2279,1955
PH2DE,2277,1629
WXQ12,2272,132
R1100,2271,745
R4190,2268,1165
ZXC50,2261,1211
XKC03,2248,1983
R1210,2239,848
NH3DA,2226,1806
NF1BA,2220,1427
GD1AD,2213,1707
AA1DG,2211,1899
AA1BD,2201,1908
WX321,2201,1853
WX000,2199,1637
WQ000,2153,199
SBB00,2135,1185
TLW99,2132,1285
LCH00,2115,1862
XG474,2112,1439
WX872,2109,1770
SJD10,2108,415
WX882,2108,1495
NGB40,2095,1798
DNB20,2062,1752
QDB05,2062,1330
GD5BD,2059,1564
HAD30,2058,1899
NH1BA,2053,1391
NDM10,2042,1398
TPX10,2032,1491
ND2DA,2029,1614
KFD46,2026,1954
CBB30,2025,1853
QCB10,2024,1226
JN1CG,2019,1574
TPH20,2012,1496
TNX00,2010,976
DHB50,2003,1692
NA2AA,1988,1452
NG2AA,1988,1552
AA1CM,1977,1619
UJK02,1954,1327
NF1DA,1946,1547
WB203,1938,1061
HAB00,1937,1783
DFF15,1932,1712
ICZ03,1931,1162
GA4YT,1927,1206
NGF00,1923,1789
TFP34,1922,1625
NDU20,1910,1591
LCA10,1898,1737
NF3AA,1889,945
SHA02,1885,1000
PHM76,1877,1613
WD325,1876,257
TGC00,1874,1474
ZZA00,1873,1514
ZYB04,1869,405
LAF10,1866,1830
ZXY49,1859,285
LEG10,1858,1782
WB121,1858,488
TCW99,1854,961
R5120,1850,1187
JAH00,1848,1621
LEF13,1844,1831
QX2XE,1841,1631
TAB20,1838,651
CKC15,1834,600
SJD20,1834,400
LFB00,1814,1329
JKA20,1810,1760
KCD02,1810,1121
KGH10,1808,1741
CBB10,1797,1659
XCD20,1790,1259
SFA20,1787,962
QAE99,1765,1511
WX725,1763,1275
NG1CG,1744,1554
NBF25,1741,1590
BAA40,1737,1507
MBA00,1727,1506
NE1CG,1719,1449
QCE10,1718,1557
SFA10,1715,931
ZXC60,1693,1249
DAX08,1689,1431
KA2AE,1689,482
PD5BD,1679,1188
CKD65,1675,1238
UJG02,1670,1309
SHA03,1659,849
NA3AD,1652,1419
ZX121,1647,158
NB1CG,1641,1491
NDM20,1637,1465
1LA05,1632,251
JJ2AT,1632,1359
NE1BG,1632,1428
ZZR00,1623,1441
1XC03,1619,220
LAA10,1616,989
NH1AD,1611,1249
WX302,1609,1451
MAA00,1600,1263
NFB40,1593,1416
KF8AE,1583,1248
JAF10,1578,1519
BAA60,1576,1500
NBT60,1567,1340
NAG40,1564,1377
HA1CG,1560,1258
WX234,1558,1285
ABC26,1556,1383
FN1BT,1545,1386
QBE99,1545,1382
NHG77,1538,1281
NB6AA,1534,900
HAB99,1533,1404
QAA05,1532,1195
ZXE40,1528,1305
ZXE01,1527,757
JDW98,1526,788
CS444,1520,1049
XKD03,1520,1345
WF099,1514,203
ZXX02,1509,902
QXB99,1503,607
TKD00,1500,527
TND11,1489,646
WX204,1488,1280
NHG70,1480,1316
JBC01,1468,1396
WX720,1459,1001
WD225,1434,368
LAF01,1433,1364
TLW00,1432,728
WC305,1432,133
CS494,1431,1002
SPA00,1431,495
ZXE17,1426,902
ZXC96,1424,1412
WD505,1422,253
ICB01,1411,855
AA1CD,1410,1253
NJ3NA,1410,1126
NFB50,1409,1211
JFA98,1408,1072
HA4AT,1405,1343
JAB11,1401,1301
JA3AT,1392,660
KH1AA,1372,783
UJF92,1360,1182
TQW11,1357,615
TEW99,1354,587
HA1AT,1353,1232
R1260,1343,1063
GA1AE,1340,979
EB1SA,1339,923
YL1BD,1338,1198
NGU20,1336,1165
ZXY03,1336,224
NH3FA,1329,968
KCV04,1326,640
NB1AE,1319,1158
EBA15,1317,1129
ZY000,1313,767
JN5DR,1312,805
TNX30,1311,825
IER04,1310,177
KBV02,1304,976
WQ066,1300,84
EN1BD,1293,1011
PD4DE,1275,779
JL5BG,1274,1109
TAW99,1271,246
NAG62,1265,1150
XX1XW,1265,1208
SDA03,1261,865
DCA10,1259,1022
LBE01,1259,1191
JAF30,1238,1206
NA1CG,1221,1063
CHD05,1214,995
DHB20,1208,880
ND1BA,1203,1030
PA2BD,1201,1094
JKE98,1199,769
SFA30,1196,698
FN1CC,1192,1001
XF409,1191,291
TNX92,1189,849
XQ848,1188,864
JN2CG,1187,1065
NCJ62,1186,1122
ZXY01,1186,578
NA2BG,1185,1086
PJ5AN,1182,1157
TNX34,1182,878
FPE00,1173,1107
LEB00,1171,880
TNX39,1167,1036
XG405,1165,787
FNC20,1164,1111
IFB01,1158,120
ZZH21,1155,1080
NHK40,1152,1006
SXC03,1151,603
KCW96,1147,186
MAC96,1145,1007
IEY02,1144,95
WD205,1144,336
NA7EA,1143,655
KAT00,1138,576
IFA99,1136,268
WB133,1135,181
WX199,1131,937
NB3AA,1129,689
TPH00,1128,165
SXB00,1127,895
IFA01,1126,505
LCH03,1125,998
NHQ40,1123,780
NHG76,1115,866
ZX100,1115,639
NDJ64,1113,1059
BA3AT,1110,964
JAD30,1106,1013
NH1CG,1105,952
GAA10,1104,848
MBA96,1103,953
ZX140,1103,479
4AA12,1102,201
TPW99,1100,403
PA7BD,1099,976
JN1DG,1096,887
JCA55,1089,419
QCB00,1085,1021
DQB10,1083,600
ENC30,1078,926
NG1BA,1078,974
QXA50,1070,492
XG460,1063,613
R3110,1061,737
ABC56,1060,996
TDA90,1060,616
NG1DA,1058,960
TFC00,1056,837
TJF80,1051,360
ZXX01,1051,663
NHK99,1044,958
BEF00,1040,512
TNH11,1040,522
XKW99,1040,608
TAC99,1037,408
TFC10,1034,947
JHA00,1033,754
TNH33,1032,717
EMB20,1030,1009
BA1AE,1029,886
TQB05,1028,412
DM1AI,1026,906
LCH13,1026,947
YX9AD,1024,880
KEC01,1022,999
QBA25,1022,694
CHC05,1018,809
JA1AE,1018,902
EBA05,1016,870
NFC20,1016,835
TLW12,1014,467
DFF30,1012,941
TMA00,1012,993
QAA50,1008,583
ZXD00,1005,963
EJA10,1002,823
TKC22,1001,927
ZXY02,1000,382
CKD10,998,813
EB1MA,998,796
IBZ01,996,383
6BA02,993,91
PHM99,991,726
PD4BC,982,718
QDG20,982,517
AA1AG,979,938
R21,977,496
AA4CG,976,664
WD515,974,112
FNC30,972,901
WC125,968,114
SXC05,964,442
CHD00,960,805
FL1AC,954,889
NFB20,954,890
SXC02,953,549
ZX050,945,358
NH3EA,943,761
PH1AE,941,754
FXA00,939,925
LAC01,938,888
NE1AD,936,843
NA1EA,935,814
TNG10,932,605
TLW10,931,603
TPH90,929,717
WVC10,928,190
TMW99,925,334
NBG00,923,854
ENC40,922,811
NHL10,920,857
TCG40,918,340
TKC10,917,517
LEG12,914,891
CBB20,903,854
JAB10,902,856
FPE30,901,742
NC2AA,901,586
WX203,901,821
KFD20,900,831
NDG60,900,706
NK6MA,900,436
CBB00,895,812
KEC00,895,891
QDE99,895,525
DE2CG,893,759
XG480,889,809
FJA10,887,246
NB2AT,886,794
NGF15,886,770
NB1BG,882,840
NBE45,871,805
AAB00,864,768
NDJ40,859,815
AA1BM,856,830
HAB50,856,801
XA420,856,708
R4135,848,633
LCD11,847,844
SDA02,847,634
NA6BG,845,793
XF602,841,548
FMD10,840,811
CKD40,837,634
SJC10,837,336
MBA30,833,760
ZXC15,831,475
1XC02,830,254
PJD41,830,722
WZA10,829,540
CKD91,827,717
PD4CG,827,682
XX9XE,823,521
XCC00,814,591
JFB00,813,739
QAB00,813,782
LCD01,810,801
TFP30,810,687
ICB03,809,494
NBJ62,809,749
NHM20,809,636
TFP46,806,651
CA1ME,805,428
NDJ62,802,774
KA1MN,799,253
QX3HE,795,724
CKD70,793,702
UJF14,792,281
CBB11,788,761
NDL32,787,722
YL1AD,787,651
NG1AE,784,631
ACC53,783,695
JFB30,783,758
SJC00,783,169
KCD32,782,402
MBC30,781,722
PBL10,781,641
FM1FN,780,358
QDB99,779,301
GD1CD,776,606
NG1EA,776,707
WX111,775,722
1XC07,774,145
GD1CT,774,695
KA3AT,774,690
NH1BG,774,700
WX730,774,639
KH1CD,773,668
JKE02,772,678
JN4JR,769,368
FM1DG,768,691
NBE35,767,697
JN6BD,763,480
LCA16,761,723
NB1AD,755,663
LGA11,751,729
PAF14,751,686
ZYA02,751,57
CS434,748,562
JC2KB,747,626
PJ3AT,747,673
TND32,744,640
ZXE21,742,489
TAB22,741,662
TBW99,741,307
TFP35,741,616
SJD30,738,234
UJF12,737,198
QAA40,734,316
PEF23,731,634
NBL22,729,705
NG1AD,726,658
TNE25,725,551
YG1AD,725,675
CKD94,722,646
NDR20,721,652
LDB00,720,682
EB1AI,718,623
CKD92,714,606
KED33,714,659
ND2BA,714,614
PE1AT,714,551
EP1CG,713,613
CG2T4,710,310
AA5BD,709,653
NHF25,709,633
QBA10,709,619
YJ2VG,709,647
NFJ54,708,646
XX7CT,708,513
KDV12,707,450
JHA20,706,633
JL5SB,703,550
WX200,703,650
KBV12,702,596
3AC01,700,507
EBA12,700,606
NGE10,699,630
XX9CW,699,613
EKA10,697,609
R1230,695,382
QB2S1,694,483
FN1CB,693,639
AAD10,692,507
PJA10,692,633
WX120,692,552
SCA01,690,459
ZXY61,689,149
XX2AT,688,646
R3540,680,45
HA6AA,679,630
LAF00,679,655
JF1AB,677,565
NCJ40,677,630
LGA22,674,637
PD1BD,673,529
IAA01,671,441
JFB46,671,656
WX202,670,564
QD9S1,669,362
JHD00,668,538
1CX01,667,112
JHD20,667,557
JL5AG,667,559
LBF01,665,636
NHG26,665,537
NA7CG,663,593
KH1BT,660,415
NHK10,660,628
TAC00,660,215
TQW20,659,475
AA1DM,654,567
IER02,654,129
JDB10,654,577
KED52,654,636
XCH05,654,398
NCJ64,652,621
GD1BA,651,490
R1240,651,517
HAE10,650,610
JDF11,649,628
XMA20,647,471
NHL16,646,568
ABD30,641,353
KDV10,641,578
NBU20,637,600
FN1AD,636,575
NA3SA,634,479
XG404,634,369
KCV12,633,267
KEB00,633,465
HAE20,632,591
NFH30,632,313
ZX122,632,151
TNG11,628,360
ELB40,626,601
PJD64,626,612
TJD00,625,519
WC105,619,153
JF2BD,617,598
JN2AE,617,579
NA7DG,617,552
JAL21,616,549
PJD42,616,570
XF603,615,535
KE3AT,613,592
NK4EA,613,536
IDR03,611,47
ZXY58,610,145
NGD25,608,562
AAB10,606,476
NCU20,606,562
IBA01,605,331
NH2AA,605,370
KH1BD,603,527
Z2230,602,120
QB9S1,599,395
XX9BW,598,553
TNG34,597,415
PHD77,596,560
PHD78,596,555
PJ2AE,595,501
SBA00,595,383
ZXX03,595,426
DC1AD,594,559
UKB02,594,461
JN5PN,593,312
PD3YT,593,497
EBB10,592,465
FNC10,592,580
NGJ62,591,570
JFB47,590,575
KBE12,590,506
JA2AT,589,378
4AB02,588,208
NHL68,585,535
SJC01,583,191
TND33,583,504
PA2BC,581,425
1CD01,580,116
ACC19,580,506
SJB60,580,362
BBA30,579,537
WXQ24,579,39
CS3P4,577,500
WX144,577,438
ZZF00,577,358
JAP01,576,541
AAC00,573,496
DKW00,572,461
3AX01,571,182
ND1CG,571,529
PD4AC,570,476
IDY03,568,235
NH1FA,568,374
EP1DG,567,473
NGJ60,567,528
NK1XE,566,524
HA6BA,565,504
NK5AT,565,421
UJC02,564,436
DDA00,563,458
MBC10,562,531
XMA00,562,290
CJE15,558,476
TPH05,558,393
1BC07,555,15
DHB00,554,491
LFB10,554,475
PH1AC,554,520
QAB10,554,345
LCB14,553,509
JC2AB,551,431
JN2DG,550,506
PA6AE,549,539
MBA40,547,498
NFU20,547,472
KAS10,545,522
IAZ97,544,319
FMD00,542,523
NGB10,542,479
ND1AD,541,462
WX419,541,448
ZXM00,541,495
LA2HE,540,315
1CD02,539,223
SDA04,538,383
HAE99,536,351
JAD11,536,506
GD1LA,535,506
LCA30,535,225
UKC05,535,400
DAB00,534,465
CL2S4,533,400
QCB05,533,416
DMB00,532,499
UJC01,532,428
KCD05,531,395
EFA50,530,475
JKE18,529,355
NDG76,529,400
IER01,526,128
PA7CD,525,437
PD5AD,525,410
WW409,525,105
NA2CG,524,469
QBB05,524,395
XFN00,524,335
SJB00,521,396
WQ053,521,32
KA2AT,520,309
R2120,520,336
DHD10,519,460
LAA06,519,341
NDA30,519,466
EAA10,517,473
SJC50,517,348
CG2X4,516,240
FPJ,516,123
WYA30,516,441
QBA99,515,452
TFJ02,515,131
DCD00,514,411
XZZ00,513,347
ZXC95,512,475
JKE12,511,440
NBL05,511,480
LGA20,509,497
WYA05,508,451
IBB02,507,191
NH1AE,507,380
WX600,507,456
WYA20,507,184
NFL30,505,461
PG9AC,505,325
CS1H4,504,447
NDE62,501,472
NHE15,501,464
ZYD01,501,278
KCW02,500,404
LDB20,500,461
TFP40,500,463
DKW30,499,401
FN1CD,499,491
NBJ53,498,460
NGM10,498,427
CA1TM,497,456
JL5CG,496,470
DE2BG,495,476
KH1FT,495,174
PHL76,495,387
WNF00,495,167
SHA04,494,288
XX1AD,493,52
SJX20,491,235
NK4AT,490,429
XLA00,490,319
JAD10,489,451
UDQ02,489,403
XA400,489,407
IDY04,486,19
QXA20,486,158
WX890,486,438
LAC21,485,466
PD4CC,485,339
CS5Z4,484,340
ABC30,483,447
Z5132,483,358
NBL68,482,461
TFC25,482,435
YA1BD,482,424
JF1CG,481,394
LGA10,481,474
NA1BA,481,446
NBH10,481,390
ZQZ00,481,395
NHG82,479,399
JN1CD,478,441
XX1AT,478,376
KA1FN,477,328
UDQ22,475,378
TGA30,474,299
ZXE50,474,450
MAB20,473,444
SHA01,471,341
GBB00,470,425
EB1BI,469,417
ICB02,469,373
MAC10,469,411
XCK20,469,335
SJD40,466,270
CEC10,465,413
PF1AT,465,361
GDA98,464,416
WC115,464,77
ZZH40,463,439
FNC40,461,411
SBB20,460,333
ZXC12,460,198
EDC10,459,426
IFB02,457,30
HAA10,454,416
QDA10,454,374
TEA00,453,432
WE198,453,65
XX6XT,453,82
R31,451,103
CM2X4,449,264
HA1TE,447,381
IBA03,447,198
SPC10,447,186
ZXB10,447,416
CHD65,445,353
JN1BD,445,406
PE1YT,442,370
TFP32,441,384
QCA25,440,250
SDE03,439,294
AEA50,438,84
SJX11,438,193
XX9AN,438,114
PD1AE,437,288
NHM10,436,357
UJF02,436,373
AA1AA,434,326
JN3DE,434,244
LA2JE,434,266
NHL30,433,404
XQ845,432,327
XQ858,432,321
NGK30,431,375
WX308,427,152
MAC40,426,381
NDL30,426,386
PAW37,426,402
JFB31,425,416
TCC30,425,360
WD315,425,120
KAC10,424,412
MBA05,424,376
NGT60,423,360
LCA96,422,358
ZZR10,421,393
MAC01,419,404
ND1BG,419,398
TNH32,419,380
NBB20,418,367
1XX32,417,34
TNH31,417,372
ZXX04,417,333
FN2AB,416,368
NB1AT,416,388
TCC10,416,338
PG5RT,415,171
R1410,415,257
XX9XW,414,397
IBA04,412,382
PG5DE,412,178
EBA40,411,360
JF1BD,410,350
NHL14,409,352
QBA00,408,217
UJF34,408,381
FKB10,407,394
TJD20,407,176
NBB10,406,346
JN3CG,405,296
NFJ52,405,379
QBE20,405,358
TQW30,405,177
NDL52,404,323
ZXY82,404,228
EMA00,403,329
JAP00,403,380
NHG22,403,316
JFF23,401,379
NCL99,401,357
JN5BD,400,363
WF090,400,247
DHA10,398,360
KFD30,398,380
IER05,397,41
PHM77,397,346
SPC20,397,216
EB1JA,396,362
HA3AT,395,298
TPH10,393,283
FPW96,390,292
SDA01,390,336
UJC12,389,309
ZZH31,388,331
AB5BT,387,283
PEH56,387,336
ZX109,387,305
CBA10,386,359
EBB15,386,274
JFG10,386,376
JH1CG,386,273
PJ2AT,386,362
WB402,386,145
PHL99,385,300
ICC04,384,369
QDH05,384,118
WX322,384,381
NA3DG,383,353
NDJ70,380,352
NHL99,380,338
QDB00,380,367
TCG00,379,118
PA6AD,377,347
QBE00,377,351
YA1AD,377,306
DFF59,375,330
BC1AD,373,331
JHD10,373,353
LFB20,373,311
NDM99,373,336
CA1CG,372,326
NHG20,372,307
TFN04,372,331
XJD02,372,289
JN2CM,371,331
PHD79,371,349
WB111,371,105
IEY01,370,183
CKC60,369,327
JG1JB,369,344
NHJ50,369,351
TPX22,369,335
NCL22,368,323
NDF25,368,343
NHG24,368,318
KBT00,366,234
AAL10,365,342
FPG32,363,337
NHM99,363,332
TLE20,363,153
4AA33,362,75
QCE99,362,330
FPG30,360,338
NGC30,360,316
LCA98,359,337
PA6AG,359,353
SJX21,359,178
XF405,359,333
SFA40,358,236
PD4HE,357,86
W0A10,356,156
WX212,356,330
XJC02,356,319
AA500,355,26
PD5CD,355,315
PA2CC,354,258
TFP44,354,327
XXA00,354,279
JGC01,352,320
DPA25,351,304
KC1GB,351,304
NE1DG,351,320
NAG63,350,305
SJC03,350,225
TNB11,350,223
IBZ06,349,79
TAD02,349,87
CHD15,348,262
QX3AT,348,322
JG1CG,347,287
TPH30,347,301
ZX040,346,123
EB1AD,344,292
EL3AE,344,309
IER03,344,81
QDA25,344,219
XF606,344,310
GA4AT,343,280
NFQ20,343,279
ZXC00,343,318
GDC01,342,328
DQA10,341,262
NDU10,341,322
PH2CD,341,276
JGB00,340,329
FM2CE,339,185
ZXK00,339,336
NF2AT,338,246
QDE35,338,271
LEF40,337,330
ZXC40,337,327
DMB10,336,304
JN6DR,336,220
JN2BG,335,319
PE1BT,335,279
JAK10,334,268
KA3EB,334,208
LEF53,334,316
SCA02,334,280
CKD60,333,311
KE003,332,32
NDG30,332,260
TJK01,332,322
NFJ60,331,294
ECA20,330,281
NDG20,330,288
AAF05,329,295
IDY01,328,25
NGF20,328,317
PEH57,328,294
XFP02,328,109
QBJ30,327,305
MA4AT,325,297
IDY02,323,35
JHB96,323,283
XX7JT,323,62
GD2SN,322,285
CS424,321,258
JN4KR,321,179
NHE20,321,289
TND34,321,295
CKD20,320,262
TGD04,320,178
XJC10,320,289
JN3KE,319,294
NGJ50,319,284
KFC00,318,301
LCB98,318,302
NFJ50,318,300
ZSN00,318,288
NFJ62,317,289
SPF00,317,206
WYA10,315,227
LEB30,314,254
LDA00,313,286
NBJ64,313,289
CHF05,311,177
DM1BD,311,280
PJD44,311,309
ELB30,310,303
LEG13,310,301
PD5CG,310,198
PG1XE,310,240
WQ064,310,23
GCA98,309,280
KCE02,309,256
PJW99,309,268
JN7AQ,308,83
CGC10,307,276
NHA30,307,283
FN1XT,306,294
GD1UN,306,273
NCF25,305,273
FPJ00,304,139
IGP01,304,156
LFF00,304,248
ZXC84,304,279
HAC15,303,280
JN3DG,303,265
NGE15,303,286
NHQ30,303,224
GDC00,302,297
JAB00,302,276
KBV10,302,255
LAF16,302,299
PJD54,302,294
YG1CD,302,273
PHT99,301,203
NAG41,300,284
NGM20,300,287
XF620,300,267
EN1AD,299,273
ZXY80,299,232
ZYC04,299,201
ABD32,298,242
IGV01,298,181
PHB78,298,284
XW1AT,298,255
HA1DG,297,253
QA4S1,296,221
EB1BA,295,273
XX9LA,295,242
AAG50,294,169
CKC30,294,266
NDQ20,294,229
RJ421,294,55
XGX32,294,263
CGD10,293,209
NH4AE,293,273
CBJ40,292,243
NA7BG,292,245
NC1BA,292,270
RJ410,292,56
AAE10,291,251
HWD00,291,273
CBJ50,290,269
PHG76,290,281
SBA10,290,276
4AA23,288,25
NJ3DA,288,219
WQ021,288,131
FME20,287,266
JFB43,287,285
WXQ10,287,25
ACB29,286,277
JAL30,286,284
LBE00,286,274
QDH01,286,228
XPX08,286,242
XX1AW,286,279
ZZH22,286,264
ABC60,285,271
HAE05,285,260
KE029,285,10
ZXY56,285,111
NA6CG,284,262
LC003,283,25
PA6BG,283,277
4CJ01,282,117
NA3CF,282,274
NGH20,282,256
TCG10,282,225
ZXY59,282,104
1XC13,281,41
GD5CD,281,269
JCA22,281,147
JCF12,281,187
ZXX05,281,235
CKD93,280,233
KED76,280,267
NFC40,280,232
TCC40,280,160
QWC00,279,249
TJK00,279,272
XX1VW,279,269
AAF00,277,231
QXB10,277,139
YX9BD,275,252
JHW96,274,246
ND1AI,274,242
ZXC86,274,263
CEC00,273,231
JFG00,273,260
CK2L4,272,161
LAE11,272,263
QBE30,272,246
SGA02,272,213
TAD08,272,79
JFA45,271,225
KH1LA,271,171
SJC02,271,146
SPF30,271,172
TLW14,270,205
FPB22,269,202
PJD45,269,250
HAC25,268,253
CA1AE,267,199
BBA40,266,255
PC1BD,266,219
ZSH00,266,244
AA1XD,265,248
NCJ70,265,254
ZYB02,265,214
NBE25,264,253
FN2CA,263,245
LEB10,263,247
NDL54,263,229
ZQX00,263,100
AA5PD,262,235
JN1BG,262,252
MBC33,262,250
EFB40,261,224
GBB13,261,55
NE1AG,261,258
PA2BG,261,252
SFC01,261,193
KBV15,260,119
NGJ40,260,240
RJ411,260,47
FNE20,259,255
NAG66,259,247
BC1CD,258,232
MAB10,258,238
NGE60,258,222
NGQ20,258,218
QAE20,258,223
1AA09,257,40
IEZ99,257,77
KAE12,257,186
NFB60,257,231
IEY08,256,86
MAG00,256,240
QBJ00,256,218
QWA00,256,224
CKD15,255,198
PAN14,255,240
IDY99,254,43
JFB60,254,245
NHL50,254,241
PF1BT,253,202
R4170,252,52
XJW99,252,206
XX2XT,252,161
FC1AC,251,245
CK9F4,250,220
DQD34,250,47
FB1AD,250,235
GAC00,250,173
JG1JG,250,238
SDE02,250,179
FWD00,249,230
NCM20,249,214
NGB30,249,241
QBA50,249,193
QXE10,249,222
TFN40,249,188
JFB20,248,241
NE1BA,248,210
FN1BB,247,212
JAB12,247,233
JAF11,247,240
JN5ER,246,155
NC1AD,246,230
NHJ08,246,224
QAE00,246,226
QX4AT,246,244
JFA58,245,111
PA6CG,245,233
WB223,245,161
XJ110,245,214
FN1BE,244,230
JGA05,244,224
NF1AT,244,203
NGJ70,244,210
R2210,244,59
ED1AA,243,203
LCC10,243,243
LGA00,243,242
QBB00,242,230
PJD71,241,226
AEA00,240,175
NH1EA,240,202
TQX20,239,214
NK6BN,238,229
R1,237,89
ZZA50,237,221
GDB11,236,212
JDA05,236,192
JN2DM,236,212
JLW98,235,120
QAA99,235,202
QBB99,235,123
JG1BG,234,205
KCB00,234,166
NH3CG,234,197
ZXY57,233,164
ZZQ00,233,225
EBB11,232,194
EHA10,232,217
NA2AD,232,207
SDA05,232,180
SGA04,232,165
SPF20,232,132
WX230,232,213
YA1VG,232,185
FPE96,231,214
NHU10,231,214
QBE15,231,184
JHD33,230,117
JN5AQ,230,159
PD3AT,230,204
GA5AA,229,214
NGC00,229,213
WW400,229,81
UGC18,228,192
ABD99,227,141
FM1CG,227,207
HA1CM,227,188
NA049,227,48
FM1NE,226,112
AAD05,225,198
DPA30,225,198
HA1HA,225,176
LCB10,225,221
PD4DG,225,207
TFP00,225,206
WB303,225,58
CBN20,224,200
CHD35,224,147
NDQ48,224,193
SPF10,224,146
TJA35,224,194
NFC00,223,202
SGA03,223,173
ZX020,223,110
IEY21,222,68
NB1DG,222,214
NGC20,222,205
SPB10,222,100
WX902,222,172
JDA32,221,159
JDF01,221,215
NEA10,221,149
PHB76,221,195
TNC11,221,137
GD5AD,220,199
HA2AT,220,206
PA3AC,220,136
QDD00,220,104
FPG96,219,196
IEP99,219,97
ZX110,219,108
DHB10,218,192
HAD40,218,194
KAC11,218,213
ZZH20,218,208
JMA10,217,206
LCA20,217,210
CBN99,216,199
CCD60,216,176
CFC00,216,208
JBC00,216,210
NFB99,216,198
NK6CT,216,192
PD4BD,216,179
QD6S1,216,109
XJC00,216,205
BAA20,215,213
JLC30,215,212
LBE20,215,208
HAE00,214,155
QDH00,214,178
SJB10,214,186
GDA11,213,201
NBE70,213,195
YX8VG,213,184
KAC00,212,204
KAD00,212,203
QDH,212,72
HAD99,211,175
JAL20,211,202
LEG96,211,206
NH3BG,211,196
PDQ05,211,197
QCA99,211,194
QDA50,211,111
QDA99,211,188
RS224,211,17
TJJ00,211,167
JF1DG,210,181
NA6AA,210,204
NBL30,209,201
PG1AE,209,183
SJF01,209,161
TQX05,209,103
XPX04,209,148
IEV99,208,130
NG2CA,208,183
SGB10,208,186
AA049,207,27
TKE10,207,197
3DX05,206,20
YX8BD,206,183
DQE00,205,39
FM1BD,205,202
JFF10,205,195
ZXE90,205,180
JAB97,204,198
KH1EE,204,197
SAC02,204,181
SXA10,204,184
ZXY81,204,95
JFK10,203,187
ZXE22,203,172
LE090,202,85
NHK68,202,190
QCA50,202,115
QXB05,202,154
WQ054,202,16
5BA08,201,109
GEA00,201,196
LBF00,201,197
R3120,201,83
DBD20,200,170
PEN23,200,190
CBB21,199,192
EDA00,199,174
EEC05,199,182
NDL40,199,181
R5210,199,173
SJC40,199,151
IBB03,197,109
NBF15,197,175
QXA05,197,188
CBB50,196,176
KGD10,196,94
NDG74,196,164
WE300,196,34
HAD10,195,184
LEF10,195,193
NA3BM,195,188
XQ899,195,165
EJB10,194,173
JGB06,194,193
NDL66,194,180
CBJ30,193,170
JHD30,193,129
NGD15,193,188
CKC70,192,187
FN2CB,192,162
LEF51,192,190
AAF20,191,109
EB1CA,191,162
FNA96,191,185
GAA96,191,171
LAE10,191,186
NC1CG,191,168
CA1BG,190,158
DFX00,190,39
ENA00,190,161
EP2AT,190,182
GAB10,190,180
LWE00,190,181
NDF60,190,162
NJ3CG,190,175
ZXY52,190,127
FCA60,189,183
JFA55,189,155
QCD00,189,110
SDE04,189,121
FPE40,188,174
NFF25,188,167
UGC02,188,142
ZST00,188,134
EL4AT,187,176
JFG40,187,126
NFB10,187,174
QA1S1,187,163
SJA01,187,155
ZZQ10,187,183
0192,186,96
DCD10,186,151
FN2AA,186,172
LEF96,186,178
PB1DE,186,165
UKA02,186,144
ZXF99,186,170
ZYB07,186,76
FK1BT,185,181
NGC60,185,180
PA7AD,185,123
SGB30,185,159
WQ068,185,10
4AC07,184,17
CBB99,184,175
KBV00,184,162
NA3CM,184,176
XX1XT,184,112
MBA04,183,166
UJK12,183,140
WB101,183,71
AA3AA,182,163
CFW99,182,102
CKC20,182,170
GD004,182,20
JG001,182,20
LFF10,182,173
NFH10,182,133
NFM20,182,166
NGA20,182,175
PA2VT,182,125
TPX15,182,156
ZXD40,182,138
NBE15,181,169
PD4CM,181,169
PJD81,181,172
QCA10,181,160
TGD00,181,163
XJH10,181,161
AB5CT,180,143
NBL99,180,172
NE049,180,32
JJ1CE,179,158
TND10,179,114
AA3AI,178,152
KFC10,178,172
NAU20,178,162
PG1PT,178,147
R22,178,32
CHB10,177,153
JN2BD,177,162
KDG30,177,176
NGS10,177,143
QDA40,177,119
ZXF00,177,159
HA1BG,176,173
KDE20,176,161
NDG77,176,156
90621,175,122
AA4CM,175,140
IBA02,175,119
PA2AC,175,142
WZA00,175,160
CCD50,174,150
ENB40,174,170
LAD01,174,169
TKF60,174,128
ZXX06,174,142
LAE20,173,170
NCJ44,173,151
UKD02,173,154
ZYB03,173,116
NA7BT,172,108
NAG61,172,166
WX004,172,124
ZX131,172,36
FM1CD,171,166
JWA00,170,154
KFA00,170,155
MBA20,170,160
PDG51,170,161
SGC00,170,114
KDW96,169,126
PC5DE,169,161
CG2S4,168,134
CHD99,168,125
QC6S1,168,139
CBG00,167,106
FM1LE,167,145
SPD00,167,115
YA1CD,167,138
DQE10,166,106
EG1AA,166,154
IBZ02,166,147
PD1CD,166,149
WXQ20,166,20
XQ820,166,123
ZXF05,166,155
DLD00,165,149
FPK00,165,154
HWA00,165,141
ICC03,165,124
JAE10,165,160
JJ1LE,165,155
KH1YT,165,122
NC1BG,165,157
SDA12,165,99
TJA10,165,99
XQ801,165,130
FCA50,164,159
MAC00,164,149
QBA40,164,75
TNF11,164,93
CA1CM,163,150
NHL20,163,148
PA2AD,163,158
QBD00,163,93
ZX199,163,70
ECB40,162,135
JGB30,162,162
NB4AA,162,142
SGA01,162,158
SPB20,162,79
XW3AT,162,150
FNA20,161,158
NDH10,161,150
TNB31,161,155
BBA20,160,150
DAD30,160,143
NGL30,160,145
YN7BD,160,145
ZXY68,160,22
ABC10,159,148
ECA30,159,119
PJ003,159,8
WX900,159,145
DMW00,158,125
HA1SA,158,152
ND1AE,158,131
AA1ED,157,140
EG1CG,157,142
EKB00,157,135
QDE20,157,120
QWD00,156,144
ZXY13,156,53
PG1UT,155,134
WQ045,155,13
ZXE60,155,142
JFG20,154,153
JFH30,154,152
JKE22,154,120
TEG00,154,68
WB323,154,31
ECB20,153,139
FPH96,153,144
ICC01,153,141
NDE40,153,137
PDG05,153,148
QAJ30,153,138
QCC00,153,143
XX9CD,153,107
JN1CM,152,129
WQ026,152,28
ACC29,151,140
NAJ32,151,145
NDE20,151,146
PWE00,151,137
QBG20,151,117
QX4YT,151,126
TFP47,151,143
WW300,151,143
CD2S4,150,133
HAD50,150,136
JCA08,150,117
JKE32,150,129
KCW98,150,93
NJ3BG,150,136
SFA00,150,123
TCA20,150,72
WQ007,150,141
DAB10,149,132
DLD20,149,134
EDC38,149,136
FNA02,149,147
HWH99,149,131
JDA52,149,92
JDD00,149,149
JN1AD,149,140
NG1DG,149,135
TJA33,149,132
BA1NN,148,119
JF2AB,148,133
KH1AT,148,114
LCA00,148,125
NH1AI,148,132
NH1DG,148,140
TK824,148,70
WXQ26,148,19
EFB50,147,24
JF2BB,147,146
JJ9AE,147,95
KCC10,147,143
KE1BG,147,144
PJD63,147,145
ABB00,146,140
LAC00,146,142
LFE10,146,137
NFR20,146,135
PBL09,146,117
XG499,146,111
1BA04,145,57
CGG45,145,112
ENA32,145,120
KD1GB,145,129
NDL99,145,137
PEP25,145,122
ZXX09,145,127
ZXY84,145,65
ACB19,144,132
NBE30,144,140
SJA04,144,122
BAA25,143,143
GD1AT,143,131
NGF40,143,125
TFN99,143,134
TNH10,143,97
ZSA00,143,136
DBB00,142,119
ECB15,142,122
FM3CN,142,142
IBZ08,142,40
JDA42,142,120
NHF15,142,130
NK1AT,142,132
TQW10,142,101
ZPB22,142,133
BB1BQ,141,131
CHD50,141,106
DPW99,141,121
ENA10,141,134
HA3ST,141,133
NGR20,141,118
QAE40,141,105
XW5WT,141,87
BCA31,140,135
CBN30,140,133
JDA55,140,101
JWE00,140,128
NH1CM,140,125
NHH10,140,134
SPE90,140,124
XX3AT,140,132
EB1CI,139,128
IEP02,139,48
NDJ60,139,136
TCF00,139,99
TNX31,139,134
EMA10,138,136
FM1CR,138,137
JK3BT,138,108
LDB10,138,127
NDL34,138,131
PEF25,138,125
SGA05,138,92
JK3FT,137,53
JK3SB,137,107
LFA00,137,110
NHR20,137,127
SCF02,137,98
AA3AD,136,122
EP1BG,136,132
GAA31,136,129
LCB11,136,136
NDG70,136,112
NXL00,136,131
PA2CG,136,125
WX214,136,128
AA5HE,135,96
FKC50,135,133
NA1DG,135,121
NG4AD,135,92
TFN50,135,107
TGW99,135,102
WX610,135,117
XKX00,135,105
ABC66,134,126
FKD10,134,127
LWW96,134,121
NAG65,134,128
NCK30,134,125
PEC23,134,124
WX213,134,113
ZSF00,134,125
0189,133,14
NE1CM,133,127
PHB99,133,121
ECA50,132,103
EJC20,132,127
JK3NB,132,85
NDB78,132,86
NFJ64,132,123
NG1CM,132,121
TJW99,132,109
1008,131,87
DE2CM,131,128
DKW10,131,121
EGA00,131,108
KDV20,131,86
ND1CM,131,116
R5430,131,49
TNB10,131,103
WXQ41,131,76
AA1AM,130,127
NA1CM,130,125
NA3BA,130,125
NAG42,130,117
SAC03,130,122
EP1CM,129,118
FNE21,129,127
MAA10,129,121
MAA40,129,127
NB1CM,129,119
PG2YT,129,105
SJA03,129,112
WB610,129,35
XX1ZW,129,110
ZX130,129,103
CK9G4,128,113
EEC35,128,126
GE1BE,128,115
HA4ST,128,119
NCH10,128,115
TNE20,128,85
XFL00,128,115
DLD10,127,117
GD6BD,127,103
JBB01,127,123
JGA73,127,113
JHB40,127,127
RJ190,127,45
DM1DG,126,88
JKE25,126,105
JN4ED,126,110
KA9AE,126,65
KF8KT,126,95
LAE21,126,123
NK6PA,126,114
PA2LT,126,105
PA7CC,126,103
PB1BC,126,73
SCD02,126,88
DDB00,125,113
HAB20,125,123
IEP03,125,51
KBJ10,125,124
NH3AE,125,104
NHB10,125,115
SDA10,125,68
TFC99,125,68
FPG40,124,106
JFH10,124,117
JFK00,124,121
WQ031,124,35
FN2CC,123,117
HAD60,123,105
JN4DD,123,98
LEF06,123,120
NA1BM,123,121
QAJ99,123,67
SPA20,123,82
SXA20,123,102
ZJX00,123,94
FM1JR,122,95
GAE40,122,104
IDY16,122,13
JFH00,122,120
MAE03,122,120
XG413,122,53
ZYC02,122,41
CGD20,121,118
HA1BA,121,118
JDA60,121,112
KAD01,121,119
MBC20,121,117
NK6AQ,121,113
PC5CG,121,112
QAJ10,121,109
SFC92,121,106
SPE00,121,103
WB131,121,38
DFF20,120,76
FEB10,120,111
FFC22,120,108
FPE10,120,112
GA3AT,120,100
JLC10,120,116
LCF01,120,120
NDF10,120,107
NDG79,120,97
UEL02,120,106
XQ818,120,115
EDA10,119,104
FNC50,119,107
JFB50,119,108
KCH00,119,116
KE1CG,119,116
QXB00,119,112
SJD50,119,77
WQ020,119,87
ZZR30,119,117
FN1CA,118,112
GEA20,118,116
JFB44,118,118
LEF54,118,114
ZXC14,118,54
FM1TQ,117,111
HAC10,117,106
LC002,117,7
NBK92,117,110
CFA20,116,104
GBB96,116,38
NDG71,116,107
NG4BA,116,92
NGC99,116,104
QAA10,116,107
QCA40,116,62
R51,116,57
RF220,116,22
SCA03,116,93
TFB00,116,114
CAC10,115,108
EEC30,115,108
XX2CT,115,93
XX7FT,115,25
AA4WT,114,15
DHB40,114,111
EB1BD,114,105
JFA70,114,104
JJC00,114,112
MAW96,114,113
NBR20,114,110
NDJ86,114,101
NGM99,114,103
PA1BD,114,101
SPF40,114,79
CA1AD,113,97
IDY15,113,9
NGL66,113,100
2AB04,112,50
CJ2M4,112,109
FKC20,112,99
KFD16,112,106
KH1CB,112,106
LAD00,112,106
NDK99,112,104
NF3BA,112,71
QBE05,112,86
SCE00,112,74
ZYC03,112,82
ABC99,111,106
CBN00,111,96
DM1CI,111,105
DPA20,111,96
JAW96,111,109
TNX05,111,103
XW4AT,111,103
EBA30,110,106
JCA32,110,67
JLB28,110,60
NDE60,110,107
NDR30,110,109
PH3AC,110,95
PHM79,110,107
PJD55,110,98
XG430,110,91
XX2XW,110,106
CJF30,109,103
DFF10,109,100
JJ3AT,109,103
NDK30,109,106
NGF10,109,105
NGJ86,109,86
XQ817,109,105
ELB50,108,102
IAB07,108,88
KE1DG,108,105
LCH96,108,104
NCB20,108,92
NCF20,108,103
NCM10,108,97
ND1DG,108,105
NDB60,108,87
NHF20,108,107
PA2AG,108,108
TCK00,108,47
WXQ99,108,53
XQ902,108,100
0103,107,62
ACC69,107,83
FPJ04,107,103
NGU10,107,97
NHS99,107,89
QAB05,107,90
QDG00,107,82
TLE30,107,83
IFC99,106,61
LC3AE,106,102
PA6AM,106,104
PC1BC,106,96
PDH54,106,102
RD160,106,33
TKC52,106,86
XX1XQ,106,22
ZZB10,106,104
ECA55,105,79
FCA70,105,102
JD1EE,105,100
KCH42,105,87
KDG96,105,90
NCA30,105,97
PJ1AN,105,77
ZXY53,105,84
DFE00,104,88
ELA30,104,101
FC1BC,104,100
KBH20,104,98
LCA17,104,99
MCA96,104,102
NGF30,104,92
QBE35,104,82
SCF01,104,74
CL2L4,103,78
ECB00,103,97
EMA30,103,97
NAG53,103,98
NCF10,103,91
QDD20,103,97
TFC20,103,90
THA00,103,97
TNF10,103,85
TQA05,103,36
AA5EN,102,98
CBF99,102,90
DFF40,102,96
FKC96,102,95
NBK02,102,93
PD1AD,102,76
PG5AC,102,62
TPJ00,102,95
ZXC30,102,87
BAA50,101,99
CBE20,101,88
CKD95,101,98
DM1CG,101,85
JJA20,101,96
PFH66,101,88
TGB20,101,38
XF622,101,91
CBA00,100,86
FXZ00,100,90
IER08,100,6
JX1LA,100,92
KC1AT,100,75
NHW10,100,77
PEF24,100,93
QCB99,100,80
RD210,100,48
SAC01,100,80
TGE00,100,76
TQD05,100,46
WX240,100,100
XJG12,100,93
AEA24,99,92
DFF50,99,83
FKD00,99,96
FPE37,99,94
GAC01,99,97
HAA00,99,57
JF1AD,99,95
JGB03,99,99
NK3AT,99,90
WW402,99,69
WX124,99,11
ZXY83,99,83
CBF10,98,87
DCW99,98,85
DEB25,98,88
FKC60,98,96
JA3BT,98,64
JGB07,98,97
LCD97,98,97
QCD20,98,90
QCE20,98,88
TNC33,98,90
DEB20,97,88
ELA20,97,90
GD2AT,97,83
JKB00,97,97
KWD00,97,90
LBC21,97,90
LFC00,97,84
NGD00,97,97
NGT99,97,89
PA2KT,97,84
ECA00,96,76
GD2CT,96,90
HA4MT,96,92
JDA02,96,82
JHA10,96,80
LCD30,96,96
LDW96,96,96
NAR20,96,90
NGJ99,96,93
QAE30,96,82
QCE35,96,85
XX4AT,96,78
AA4BG,95,91
JAG60,95,92
NBE40,95,90
PA2YT,95,85
PEE23,95,86
QBE40,95,90
XW4XT,95,72
XX6KT,95,36
0,94,85
1XC06,94,12
4AA24,94,9
DMA10,94,89
KGH20,94,90
NCK68,94,85
NFM99,94,91
NG1BM,94,93
PHL77,94,83
SCD01,94,74
0701,93,88
IBB01,93,51
JJA21,93,91
JN4AE,93,90
KDG20,93,93
KGB00,93,84
NDF68,93,71
SPD10,93,63
TDA10,93,91
TQW75,93,37
XQ846,93,69
ZYB05,93,46
ABC50,92,88
JDE00,92,91
LCG31,92,87
MAC02,92,82
NDE64,92,91
PC1CC,92,81
QAE15,92,84
RP210,92,40
ZYD04,92,79
ZZS55,92,37
CBD99,91,81
DGW00,91,86
EWD00,91,82
JAL97,91,83
JCC12,91,91
JH1CM,91,61
MAA96,91,81
IEY06,90,63
JFA52,90,84
JGB04,90,87
NDC40,90,49
PD3BT,90,83
PJA01,90,90
SPA10,90,61
TEB10,90,61
TNB30,90,89
WX1PA,90,58
YN7AD,90,75
EE1AA,89,81
FNE96,89,89
IEY03,89,60
NFC99,89,84
NGS99,89,78
PA6CM,89,87
QX3LT,89,57
XMA02,89,70
ZXM20,89,86
CK2K4,88,77
DEB30,88,80
DNB10,88,80
GDB10,88,78
IEY19,88,69
JHD96,88,70
LFA10,88,86
NBJ60,88,81
NEJ60,88,85
PGH47,88,84
TQW02,88,72
XPX16,88,51
1200,87,84
CCA20,87,76
CEC30,87,78
CKE60,87,78
DMA00,87,79
EHB00,87,73
JAD97,87,86
JAL01,87,86
KDH10,87,83
KFA40,87,80
NGE20,87,83
QBC00,87,84
ZPB40,87,80
ZZB40,87,81
ZZG00,87,78
1CX08,86,50
DEA10,86,78
FNW96,86,83
FPH10,86,82
JCW98,86,81
JWW96,86,77
LAF20,86,84
R4180,86,57
SPD05,86,61
TNX90,86,80
TQX22,86,81
CFB00,85,73
FN1BD,85,80
JAB96,85,78
JAK00,85,84
KFH10,85,81
NBJ41,85,77
NFL20,85,78
NGU00,85,77
QBG10,85,65
QBG99,85,68
QXE15,85,32
SPC40,85,70
UGB02,85,67
ZXX08,85,74
AAK00,84,71
CGE55,84,78
ELB00,84,82
ENC99,84,75
FGC10,84,80
JDA35,84,74
KK1XE,84,83
NAJ22,84,77
NCL32,84,79
TCE00,84,15
YL1CD,84,78
5BA03,83,17
GDA10,83,82
HAD00,83,62
IDR02,83,11
JCA98,83,65
JHB10,83,80
JN4DR,83,80
NGB50,83,75
NGD20,83,80
QBG00,83,60
QDG30,83,69
R1280,83,76
SJX00,83,66
XF614,83,75
1XC14,82,13
AA1DD,82,80
CB9S4,82,76
DKW99,82,72
GD1CG,82,72
GDA20,82,73
JAL00,82,82
JKB20,82,82
ND2AE,82,76
NFC30,82,79
NFK30,82,73
NGE30,82,82
NK6SN,82,80
PBM10,82,80
QDC00,82,81
TFP33,82,78
TNE11,82,25
5AB14,81,49
CBC00,81,78
ECA35,81,58
IAB01,81,61
JWF00,81,78
NDK00,81,80
NDK10,81,78
NFM10,81,73
NG2EA,81,70
NGE45,81,78
NGK99,81,77
NHJ99,81,76
PDP20,81,78
QXA99,81,64
TJG30,81,54
TND30,81,77
XKG00,81,80
YN1BD,81,66
EWE00,80,75
GA6AA,80,76
JFB33,80,74
JX1XB,80,65
LAA01,80,76
NA2DG,80,74
WE100,80,27
XX9TE,80,72
ECB05,79,76
GD002,79,10
JAC10,79,75
JDB00,79,60
JFA42,79,71
JG1JM,79,77
JL9AE,79,26
KC1AE,79,74
KKB10,79,63
NDA20,79,73
NGW99,79,62
PA4AC,79,61
PJD53,79,79
QB3S1,79,62
XX2BT,79,55
XX7AT,79,25
AAG00,78,73
ADA20,78,74
FCC45,78,68
HA5CB,78,74
IAB08,78,63
JX1XE,78,73
NGK05,78,71
NGW10,78,71
TFP04,78,74
WD215,78,47
WX2DD,78,74
XCD00,78,31
YJ1BD,78,73
NBE20,77,70
NHJ86,77,75
PB1AC,77,60
PD7ZT,77,68
TAA40,77,66
TJD10,77,65
TKC50,77,58
TNX03,77,62
GAC46,76,72
HB000,76,70
JFF26,76,75
JK4ZT,76,63
NE1BM,76,75
NEJ50,76,75
SPC30,76,66
FM1QE,75,60
FN2EA,75,67
IDY05,75,8
JC004,75,6
JGB31,75,74
KED10,75,75
LAC20,75,73
LEE00,75,65
PA6BM,75,74
PFH63,75,75
QDG99,75,63
ABB10,74,66
DJD10,74,71
FWW96,74,69
HA4GT,74,72
KA3GB,74,66
MWA00,74,56
NFL99,74,65
NHF80,74,68
PJD99,74,65
PWC00,74,65
TJG20,74,66
EDW99,73,62
GAC97,73,69
KFH00,73,69
MAE20,73,71
NB049,73,9
NF3AD,73,62
PG1ST,73,57
QBD20,73,62
ZPB32,73,70
ZXF20,73,64
AAF15,72,71
CBK11,72,50
CGF10,72,58
FNG10,72,72
IBZ03,72,19
JGA96,72,59
JJB10,72,71
LEF01,72,70
NBJ86,72,68
NFR30,72,70
RJ425,72,9
SPF50,72,46
TJX90,72,64
XF601,72,66
CGE50,71,64
CHF15,71,57
CJD20,71,66
ECA10,71,65
FM1AD,71,70
JAA00,71,70
JGA98,71,54
JL1AT,71,61
JN3BG,71,69
KAC20,71,70
NDH60,71,71
SGB20,71,68
WQ055,71,9
ZX197,71,44
ZYB08,71,57
0601,70,59
1XC08,70,22
CKD50,70,63
FFC00,70,68
GD003,70,6
IAZ99,70,50
JAH96,70,66
JDC20,70,69
JFF13,70,60
JFG30,70,69
LAA31,70,70
MBC40,70,68
ND2AI,70,62
PEN24,70,69
PFP99,70,56
ZSZ10,70,69
ZXE80,70,67
ZXH04,70,53
AAB30,69,64
EAB00,69,67
FXG00,69,65
HA1DA,69,60
HAD20,69,65
JAK03,69,62
JDA63,69,68
MA3AE,69,67
NGJ84,69,62
NH1CF,69,63
PA7CG,69,55
PG1AT,69,47
WB321,69,26
ZSJ00,69,67
ZXE70,69,69
ZZC00,69,59
AA1CF,68,64
AA5DR,68,58
AAD15,68,65
LFF96,68,59
NCM99,68,62
NHJ12,68,67
NJ3DG,68,56
PBU84,68,61
PC2DT,68,43
PJ002,68,10
PJ5AQ,68,62
PX1AE,68,44
RJ414,68,13
TLW20,68,58
ZXF10,68,63
AAG20,67,60
AAH30,67,40
BCA30,67,66
CA1DG,67,64
CKE65,67,61
DWD00,67,65
EJB40,67,63
JAA10,67,64
JFC00,67,64
LCA22,67,67
NAJ10,67,66
NC1AE,67,64
NFT99,67,55
PDQ20,67,66
WC401,67,23
YNB10,67,56
AWB00,66,62
CBD00,66,65
CBF20,66,59
GDG10,66,64
ICZ04,66,46
JFA80,66,65
MBC00,66,65
NCL66,66,58
NFU00,66,64
PD5BG,66,56
XQ830,66,52
ZX022,66,65
ZXY54,66,51
AA7AA,65,38
CFD10,65,46
ELB10,65,63
JCC10,65,60
JFB40,65,65
JFH33,65,65
KDG21,65,65
KGH96,65,61
MAB00,65,47
NDT99,65,58
NFJ99,65,64
PG1CG,65,64
PX_2,65,17
SPA05,65,49
SXC04,65,49
WW804,65,65
XP60W,65,63
ZZH30,65,61
ZZS00,65,64
AAL00,64,52
CBE40,64,55
DEB10,64,63
EDB00,64,60
GDA21,64,63
HA1ST,64,64
IER06,64,10
JAB91,64,60
JAC30,64,63
JFF11,64,64
JGA52,64,48
MWE00,64,61
NFC50,64,59
NFS10,64,58
NH3DG,64,57
NHS20,64,54
PFH59,64,62
PH5GT,64,59
QAD00,64,42
QC9S1,64,54
QX1AE,64,63
WX210,64,58
0193,63,35
AAF99,63,52
ECA70,63,52
FPJ02,63,61
JA3CT,63,51
JCA42,63,57
JF2AD,63,61
JFG36,63,61
LEF50,63,63
NBH20,63,62
NFA30,63,59
TAD00,63,18
XFP00,63,43
EEA00,62,56
ENC45,62,42
IEP01,62,36
JG1CM,62,55
KFB00,62,55
MCA00,62,61
NFA20,62,61
PD5DG,62,58
PFE26,62,56
SFC00,62,49
XX9TB,62,56
ZXC35,62,60
CK2Y4,61,54
DKW20,61,56
EEC45,61,55
IDR99,61,7
JAG00,61,59
JBB97,61,61
JJB50,61,61
KFD50,61,59
LDC00,61,60
SJA02,61,54
WX1DG,61,37
XX3ZW,61,59
XX9XT,61,56
ZXY04,61,26
1XC17,60,10
90494,60,35
AA4DG,60,55
ACC99,60,51
CJE10,60,58
CJF10,60,56
DCA30,60,60
ENB50,60,59
FPJ21,60,60
JAB93,60,55
JFA38,60,45
JFB21,60,58
KGA10,60,58
QAJ15,60,58
SCC01,60,49
SCF03,60,42
SPC25,60,35
TEG10,60,41
TFW99,60,49
WX142,60,51
0702,59,57
1LA04,59,8
CA1BD,59,52
CK2A4,59,58
FM1DM,59,58
FMD22,59,51
JAL31,59,58
JWC00,59,52
KCV22,59,57
LBD01,59,54
NA1BD,59,57
QDJ00,59,51
SGC10,59,50
TFP43,59,52
TNG31,59,54
TNH36,59,14
XX1FW,59,59
AEA20,58,52
CBJ99,58,51
EN1CD,58,56
JAL10,58,56
NAJ12,58,56
NBH98,58,51
NBM20,58,58
NCK10,58,56
PG1DM,58,48
PJD51,58,55
RS340,58,17
SPB30,58,52
TNG33,58,52
WZA90,58,56
XX7FW,58,55
XX9KE,58,48
ZYB01,58,40
1XC18,57,15
4AB0M,57,13
EAA30,57,50
EP1DM,57,52
GAE06,57,54
JGB10,57,57
JGB96,57,56
KAS20,57,57
LAC31,57,57
LFW96,57,55
PEE25,57,48
QDE00,57,48
R5,57,43
TDH60,57,56
TED00,57,36
TFP42,57,49
ZFX00,57,40
ZXC07,57,39
0116,56,33
CGG11,56,43
CGG31,56,38
CJE99,56,52
DAD00,56,54
FFW96,56,51
GD1DG,56,36
IEY11,56,7
JAD96,56,54
JDA08,56,49
JFB54,56,56
JN2AD,56,52
LCB20,56,54
LDC10,56,55
NDS99,56,54
PA2MT,56,50
PG1QT,56,43
QAB99,56,41
QXE99,56,53
TJX00,56,55
TPX00,56,53
WIX00,56,47
WQ056,56,6
XX9AQ,56,53
AB3CB,55,48
CKC65,55,53
GAC47,55,54
JAL11,55,55
JJ5AT,55,45
JL5BM,55,53
JLB35,55,32
KCJ00,55,45
NBF20,55,55
NC1AI,55,52
NFW10,55,52
NK5BT,55,41
PC2DE,55,50
PFP26,55,51
XA410,55,51
XX3BT,55,51
YJ1AD,55,50
AAH60,54,51
DAW99,54,51
DC1BD,54,51
EJB00,54,50
HAD35,54,51
ICA04,54,53
JAG96,54,52
JFB53,54,53
KDG00,54,53
NA3BD,54,47
NCK99,54,47
NDS00,54,50
NGQ48,54,43
PA2BM,54,54
QDE30,54,44
TQC05,54,31
WQ032,54,17
WX130,54,51
0602,53,47
1CD04,53,16
CF2S4,53,44
DJA10,53,49
FNA10,53,52
IDY14,53,10
JGC96,53,52
JJB30,53,53
KDH70,53,44
KDV22,53,43
NDT50,53,50
NGA10,53,46
NHW99,53,45
PA2DG,53,43
PC5SC,53,49
PFH58,53,50
R1270,53,25
SCB02,53,47
SFB30,53,28
TFP50,53,48
0108,52,31
3AA13,52,49
5906,52,50
AAF25,52,45
AXX90,52,25
BAA30,52,51
BC1BD,52,49
CBE00,52,47
CBE99,52,43
CJF45,52,50
DHB45,52,51
DJW99,52,50
EKA00,52,49
ELA10,52,47
JF1CM,52,48
JHC10,52,44
JJ6LT,52,38
KCV02,52,43
LFE96,52,46
LWF00,52,49
NAT20,52,17
NCE20,52,52
NCL20,52,52
PHB77,52,50
QBG30,52,47
QD4S1,52,39
XQ810,52,48
XX8XW,52,51
BC4WT,51,35
CBH30,51,34
CHC03,51,41
EJB30,51,46
FPJ24,51,50
JFH20,51,51
JGA85,51,36
JK3NT,51,41
JN7AN,51,41
KE1AE,51,49
NDE10,51,47
NGL58,51,48
PEU99,51,43
PFU99,51,45
QDG10,51,37
SJE90,51,31
AWE00,50,49
FN1LE,50,46
FQA10,50,50
GA1CG,50,45
IDR04,50,12
JGB01,50,50
JN3HE,50,50
JN7SN,50,25
KCD30,50,40
LCB32,50,47
NDL64,50,49
SDA14,50,21
WB221,50,46
WX740,50,48
XQ841,50,44
1BC05,49,14
CBG10,49,37
CBG99,49,36
FN2EC,49,48
GDD00,49,48
IAB11,49,39
IDY09,49,12
JFW96,49,47
KCF02,49,48
NDF20,49,47
NDH62,49,47
NFK99,49,48
NFL22,49,48
NHG88,49,42
PDG54,49,48
PH2AC,49,46
PHG77,49,48
PJ004,49,6
QBJ05,49,45
TQW70,49,6
BB1BN,48,48
CCC00,48,37
DCW00,48,48
EAB20,48,38
FPG04,48,40
GDB21,48,47
GEB30,48,46
IEY15,48,23
JFF27,48,46
JG1DG,48,46
JGA28,48,36
JGC00,48,43
JMA11,48,47
JN6AD,48,36
KFH50,48,47
LGA97,48,48
NDE25,48,47
NDJ84,48,46
PD5YT,48,47
QA9S1,48,45
SXB10,48,45
ZXH01,48,46
AA5NK,47,46
ACC52,47,43
CBF30,47,41
ECU00,47,43
ECW99,47,44
EMB15,47,47
FPB96,47,41
GA1BG,47,40
GB1AA,47,44
IAB14,47,39
JF2JB,47,37
JFA73,47,44
JL2AT,47,43
JN3DM,47,44
JN6CD,47,44
KAH41,47,43
KE099,47,36
NDJ99,47,47
NEA20,47,39
NFJ86,47,42
NGB99,47,47
NHH99,47,47
QCH00,47,41
QDE40,47,45
TQX00,47,44
YNA09,47,45
ZSZ00,47,47
1AA01,46,23
CCD30,46,45
DE2BM,46,46
DMB30,46,44
EEA10,46,42
EP1AT,46,40
FPD96,46,46
JAL96,46,42
JK3MB,46,36
KDK10,46,40
NB5AA,46,43
NCF15,46,39
PA1BC,46,46
PB1AE,46,45
PD4ST,46,36
PD5CM,46,34
PEC25,46,46
QAE35,46,39
SPE05,46,30
TAB24,46,45
YN1AD,46,39
YX9CD,46,44
0617,45,16
2BX02,45,45
AAD00,45,40
CJF00,45,43
EGA05,45,33
ENB99,45,45
FKC00,45,43
FPE25,45,44
JCA45,45,24
JN5AP,45,42
KAH40,45,45
KB1CG,45,43
LAG01,45,45
NA7DM,45,44
NBM99,45,43
ND2CG,45,43
NFG00,45,43
NGK20,45,39
NHA20,45,44
NHF70,45,40
PA7DG,45,40
PBC10,45,40
PD4BG,45,44
PFG26,45,33
PWW99,45,41
TFP41,45,40
WX1BG,45,35
XPX00,45,45
XX4AW,45,37
2AA01,44,7
AA6AD,44,35
ABC63,44,41
CEC60,44,38
FPJ22,44,42
GA2AT,44,41
GD1FN,44,43
GEC24,44,44
JHD50,44,36
JL5CM,44,40
KBJ60,44,40
KED62,44,43
LAB11,44,43
LCA01,44,43
LCD31,44,42
NA7AD,44,41
NAT00,44,37
NCJ84,44,42
NDB70,44,40
NGH99,44,44
NGJ66,44,44
NHC20,44,32
PDH55,44,42
PEN25,44,44
QBJ99,44,29
QWH99,44,41
TFP59,44,41
TLE00,44,30
UEN12,44,33
WQ022,44,26
ZXE92,44,42
ZXX07,44,40
\1,43,31
CCD40,43,39
EWA00,43,29
EX003,43,8
FPB20,43,29
HAC30,43,39
IDY17,43,7
JDC10,43,43
JFK01,43,41
JGB50,43,43
MA5AE,43,40
MAW98,43,42
NA3DM,43,38
NAK10,43,42
NBJ52,43,42
NE1MA,43,42
NFK10,43,42
NGE25,43,41
NHF30,43,32
PC1AC,43,38
PFH62,43,41
PWG00,43,40
R3610,43,8
TFP45,43,42
TNH30,43,41
WB501,43,12
YNB00,43,36
ZXY63,43,24
0700,42,32
1XX08,42,8
AAA10,42,40
ADB00,42,36
BBA50,42,39
CKA10,42,40
DDD05,42,38
EDC30,42,41
EGB10,42,35
FNE01,42,39
HA1RA,42,39
JAW97,42,42
JCA20,42,20
LBF60,42,42
LEB20,42,40
LEW96,42,38
LWE01,42,41
NBK93,42,39
NCJ60,42,40
NHQ60,42,35
QCE30,42,35
RS313,42,18
SAB02,42,42
TDC10,42,37
WC205,42,25
WX220,42,37
WXQ40,42,26
XG488,42,27
ZSP00,42,42
ZX002,42,40
4AC05,41,12
5CM18,41,40
ABA99,41,40
ABD40,41,28
CBB40,41,39
CGD99,41,35
DE2DG,41,41
FPE36,41,40
JAA96,41,36
JC2BB,41,41
JGB36,41,41
JL5AM,41,39
LWA00,41,35
NCJ99,41,40
NDG62,41,37
NDP32,41,39
PB1AT,41,31
PBE09,41,38
PC5YT,41,39
PJD43,41,39
QCE00,41,38
TEB00,41,12
TFP51,41,33
TNB34,41,36
TNF34,41,29
XX1DW,41,41
ZSB00,41,41
ZXB20,41,41
ZXY12,41,29
ZXY85,41,27
0147,40,31
CHB15,40,26
CHB99,40,36
CHD10,40,37
CHW99,40,33
EBA45,40,39
ECB10,40,36
ENW99,40,35
FN2DB,40,36
FPE02,40,39
FPJ01,40,38
GWE00,40,37
HA1DM,40,38
HAF00,40,37
IBZ05,40,24
JDA22,40,37
JJB60,40,39
JLD12,40,33
KA5AT,40,33
KED72,40,39
NAT99,40,36
NAW00,40,39
NB1ZT,40,38
NCL50,40,37
NDB58,40,36
NFL68,40,39
QCG20,40,34
SPA40,40,32
WW306,40,39
XCX10,40,35
XG432,40,34
XW2AT,40,37
ZXC99,40,36
90492,39,29
AAA27,39,39
ABC20,39,39
BA2AT,39,39
CBH25,39,35
CBJ41,39,39
CH2X4,39,35
CJW99,39,35
DDW99,39,32
EGC10,39,31
FB1BC,39,32
FPD00,39,39
FWC00,39,36
IDP03,39,7
JA3FT,39,30
JAE30,39,39
JD1AB,39,38
JFW97,39,38
JKD20,39,37
JLB12,39,37
JN6AN,39,39
KFW96,39,36
KGV30,39,34
LEG00,39,38
NAL22,39,31
NCF30,39,37
NHJ40,39,39
QA7S1,39,37
TBA20,39,36
UDC10,39,35
UKB12,39,16
WX930,39,39
XQ809,39,38
XQ832,39,27
YNA03,39,39
ZZQ30,39,39
1DC02,38,29
AAP10,38,36
ABE50,38,36
BBA70,38,37
CA1AA,38,38
CFB10,38,38
DCB00,38,23
DFF16,38,32
DHW99,38,35
DKW40,38,35
ENB00,38,33
GDB01,38,34
IBZ12,38,10
JAB40,38,38
JBW97,38,37
LAB01,38,37
LCF97,38,37
MBW96,38,37
NA6BM,38,37
NAG60,38,38
NBR30,38,36
NBS10,38,32
NDG39,38,37
NFK20,38,33
NFQ48,38,28
NGE50,38,38
NGR30,38,38
NGS20,38,31
QB5S1,38,36
QDE15,38,32
RS221,38,15
XG420,38,30
ZXC91,38,38
ZXY62,38,32
ZZB00,38,38
ZZC10,38,37
AB14W,37,34
CGG99,37,31
CH2S4,37,31
CJE40,37,37
CKD99,37,35
DQB30,37,36
EAA00,37,35
EAA20,37,33
EFA10,37,35
EP3AT,37,36
FQA00,37,37
GAC96,37,35
GDA97,37,37
GDC10,37,36
IDY24,37,14
JDW97,37,36
JFF00,37,35
JN5AN,37,35
JN6PN,37,36
KAC01,37,37
KCC30,37,36
KDH14,37,35
LEE96,37,34
MAG96,37,37
NAG99,37,37
NEK10,37,36
NFE15,37,35
NH1BM,37,37
NHQ48,37,35
PDQ22,37,36
PH1AT,37,34
WX707,37,34
XGX10,37,28
ZXE94,37,34
ZZB50,37,36
ZZS10,37,36
AAC40,36,36
ABC07,36,36
AWC00,36,32
CCC99,36,34
DCA40,36,32
EFB10,36,31
EHC10,36,29
FM1AT,36,36
JEA10,36,36
JF2CD,36,35
JFC10,36,36
JJ1AT,36,30
JN1DM,36,33
KA6KT,36,30
KBJ80,36,14
KFD47,36,36
KGW96,36,32
LAA00,36,35
NAK30,36,32
NGL99,36,34
PA6YT,36,31
PAA99,36,36
PBC09,36,28
PDP22,36,35
PEQ23,36,30
QDA00,36,30
QX2CB,36,28
RF122,36,22
RJ422,36,16
TGA10,36,24
XFE01,36,32
XG431,36,31
YJ1CD,36,35
YX8AD,36,34
ZXB87,36,35
ZZS45,36,29
AAK80,35,34
CBN50,35,33
DNB30,35,28
EG1DG,35,34
FFM32,35,32
GAB20,35,35
ICA03,35,28
JBB00,35,34
JDF21,35,33
JFG29,35,34
JFG50,35,34
JJ5KT,35,18
JN3CA,35,26
KA4AT,35,34
KBE22,35,35
KBV52,35,25
KCC00,35,33
LEF05,35,34
LWC00,35,32
NA7CM,35,33
NAW10,35,29
NDL62,35,34
NFJ84,35,33
NHT99,35,32
PHK76,35,35
WX323,35,35
YPA00,35,29
ZPB20,35,34
ZX000,35,19
3002,34,9
CAA30,34,32
CAW99,34,18
CJF15,34,30
CKC00,34,30
DM1BI,34,34
FN2CD,34,33
GBA00,34,32
GD1BG,34,26
GD1CN,34,34
IAZ98,34,30
IBZ04,34,8
IEY17,34,6
JCE21,34,34
JDW96,34,33
KAE01,34,32
KDW98,34,22
LBF31,34,34
LCB28,34,33
NBE10,34,33
NBG01,34,33
ND2BG,34,32
NDR99,34,32
NFW00,34,32
NGW00,34,33
NHJ80,34,33
PWA00,34,33
QAJ00,34,33
R3150,34,23
SAB03,34,33
TFP52,34,28
WQ025,34,14
WW302,34,33
WX109,34,26
ZX001,34,32
ZX2,34,33
ZXC08,34,32
ZZB20,34,34
ABC53,33,32
CBW99,33,29
CGF45,33,31
DJW00,33,33
EAB30,33,25
EEC25,33,33
EMB00,33,32
FCC50,33,32
FPH00,33,31
GBA32,33,15
GCA18,33,14
JDH05,33,31
JLC50,33,27
JN2BM,33,33
JN4LR,33,21
KBH62,33,32
KCD10,33,33
KWW96,33,30
LEA10,33,27
NBA20,33,32
NBJ92,33,31
NBL50,33,32
NEK20,33,31
NH3CM,33,28
NK6AI,33,31
QAA00,33,30
QAC00,33,32
RF211,33,8
RS311,33,15
SPA30,33,15
TCB10,33,30
TEL40,33,29
TJA30,33,28
ZXC82,33,32
0144,32,15
3AX0X,32,8
AAD12,32,29
AC1BT,32,21
CWD00,32,25
CWW99,32,31
DE2CF,32,32
EG1CM,32,32
EJA00,32,29
FPB32,32,23
FPE24,32,29
IAB12,32,28
IAB13,32,16
IEY04,32,9
JAK04,32,31
JFA00,32,32
JFC20,32,32
JGA75,32,31
JLB42,32,19
JN5SR,32,19
KC1JB,32,30
KFD26,32,31
LCB96,32,31
LCW97,32,32
NA7LT,32,23
NBC40,32,29
NC1CM,32,27
NCR20,32,32
NCU10,32,32
NGE55,32,32
NGL20,32,30
NHF10,32,29
PG1NT,32,29
PH6GT,32,20
QCJ00,32,27
QD2S1,32,24
SPC50,32,24
TAD10,32,10
XJA00,32,30
XQ900,32,30
XY1PK,32,28
CAB00,31,29
CBJ10,31,29
DPB00,31,27
EEB00,31,30
FNC60,31,28
GD1RA,31,29
JD1FN,31,31
JFA05,31,30
JJB71,31,30
JX1JB,31,26
KG1AE,31,29
LAC11,31,30
NAG67,31,29
NC1DG,31,29
ND1DA,31,25
NDM50,31,30
NGB60,31,29
NGG00,31,29
NH3AI,31,31
NK6JD,31,31
PC2ET,31,23
PD2DT,31,27
PE1KT,31,29
PEA23,31,30
PEU81,31,25
QAE50,31,27
QBD10,31,27
QXA40,31,24
RS314,31,7
SDA13,31,23
SPA01,31,28
TXQ05,31,20
WX1CG,31,26
ZZH32,31,27
5BX04,30,21
BWD00,30,29
CAC30,30,25
CJF20,30,29
DMW99,30,28
EDC36,30,26
EDC45,30,25
EJB20,30,28
EJW99,30,27
FM1TR,30,28
FWA00,30,24
HA3RT,30,30
IEY18,30,14
JAH33,30,23
JDA00,30,30
JDH25,30,25
JFA96,30,30
JGW96,30,29
JHA30,30,29
JHC60,30,26
JJA31,30,26
JLC11,30,30
JWD00,30,30
KA3LT,30,22
KBV42,30,29
KED00,30,30
KFD96,30,29
LCB97,30,30
NA7FT,30,27
NB1DA,30,30
NCS99,30,28
NE1BD,30,29
NHH80,30,27
NHU99,30,28
QCA00,30,27
QXA00,30,17
TAC02,30,17
WX734,30,25
XFC00,30,30
XX9TT,30,29
ZZL00,30,25
A420_,29,12
CJB30,29,29
EAB10,29,27
EDC40,29,28
EHC99,29,22
EJC00,29,28
FCB50,29,26
FMW96,29,29
FPG42,29,28
GAC37,29,27
JDH70,29,29
JFA65,29,24
JFB96,29,28
JFF30,29,25
JGA35,29,26
JGC30,29,28
KAC21,29,28
KDG43,29,27
KE1DR,29,21
KGV10,29,25
LBD00,29,24
LFD10,29,29
NBJ84,29,29
NCE15,29,26
ND3CG,29,24
NDT10,29,29
NDU99,29,28
NFJ40,29,25
PC4SC,29,25
PH7FT,29,28
RS222,29,17
SPC01,29,22
TK823,29,24
WX250,29,27
WX870,29,29
XF612,29,29
XKD11,29,17
XX3XW,29,27
XX7BT,29,17
ZXY15,29,11
8710,28,22
AAJ20,28,25
AWW99,28,28
CBG20,28,21
DAD10,28,18
FCB40,28,27
FFA10,28,27
GCA08,28,26
GEC23,28,28
JDB01,28,23
JFH11,28,28
JGA00,28,26
JGB20,28,28
JK3MN,28,27
JKB21,28,28
JLE03,28,28
JN3GE,28,27
KFC60,28,27
NA2BM,28,27
NB6AD,28,27
NCB10,28,28
NE1DM,28,28
NFA10,28,28
NHB20,28,27
NHR99,28,27
NK6DT,28,23
PB1BT,28,20
PBU99,28,27
PDG52,28,27
PFH65,28,26
QDD10,28,27
SCB01,28,24
SPD20,28,19
TNA11,28,23
XKD10,28,27
XX9AD,28,27
XX9XB,28,26
YNA01,28,28
ZZH00,28,27
1AD02,27,19
ACW99,27,24
CAC00,27,27
CBB15,27,26
DM1CM,27,22
DMC00,27,26
DQB70,27,24
DQE20,27,25
DQW99,27,15
EDC99,27,24
EP1DS,27,25
FCA75,27,25
FPB10,27,27
IEP04,27,14
JDH15,27,22
JFA76,27,26
JFB01,27,26
JFB63,27,27
KBV32,27,25
KCE00,27,26
KCH40,27,22
KGH80,27,26
LAG00,27,27
LCC11,27,27
MA2BG,27,26
NA2CM,27,27
NA4AA,27,24
ND1RA,27,27
NER20,27,26
NG1CF,27,25
PAQ99,27,25
PDH51,27,26
PHACO,27,27
QCE40,27,23
R3140,27,25
TAD06,27,14
TCG20,27,15
TKA00,27,26
TKE05,27,26
TKF00,27,22
UKC12,27,18
ULB02,27,17
XQ811,27,27
ZLX21,27,27
ZXM40,27,27
ZZA40,27,26
1XA02,26,9
ACA19,26,26
CKD30,26,24
CS2P4,26,26
DHC00,26,25
EBW99,26,25
EEC02,26,26
EJB99,26,24
FBE32,26,16
GCA32,26,23
IBZ98,26,23
JAE11,26,25
JAG01,26,25
JBB96,26,24
JF1DM,26,26
JFG26,26,26
JGB37,26,26
JHB20,26,25
JJB20,26,26
JK1AT,26,25
JKB11,26,26
JLA00,26,25
NBJ91,26,26
NCJ86,26,22
NE1CF,26,25
NFW99,26,23
NH1DA,26,26
NK2AT,26,26
PA1AC,26,25
PA2HT,26,21
PG1BT,26,20
PHC99,26,26
QA6S1,26,24
QBZ00,26,10
TEB30,26,18
WW502,26,24
XGX02,26,24
ZYD02,26,20
AAA20,25,25
AAF50,25,24
AAJ99,25,18
AE_,25,22
BAA99,25,25
CA1BM,25,24
CBB35,25,21
CBJ20,25,21
CEW99,25,20
CGF35,25,18
CJD30,25,23
CJE00,25,24
CJF50,25,23
DAB20,25,23
DDD10,25,24
FM1BG,25,21
FM1CN,25,24
GE1CG,25,20
IDY13,25,12
JAH20,25,25
JCA05,25,21
JCA52,25,20
JDH18,25,22
JDH35,25,20
JFK97,25,24
JK3AT,25,24
JKE15,25,20
JN5JS,25,22
KAB00,25,23
LEC00,25,23
LEF09,25,25
LFE00,25,24
NA1DM,25,24
NBB15,25,24
ND1BM,25,25
NDH99,25,25
NFS99,25,24
NHR30,25,23
PEE24,25,22
PEG23,25,22
PEU85,25,24
PFE99,25,25
PFH64,25,23
PFH67,25,24
PH2BC,25,25
PHM78,25,23
PJ4AT,25,25
SAD01,25,19
SPC35,25,19
XGX96,25,24
0817,24,14
1653,24,24
AAK40,24,19
ACB99,24,22
CBE30,24,22
CEC20,24,23
CHC10,24,22
CKC75,24,23
DAA00,24,24
DLW99,24,22
EBB00,24,24
EJC99,24,16
ELW99,24,24
GAC43,24,23
GB3AV,24,24
JAK01,24,24
JDA45,24,20
JFK96,24,23
KB1DG,24,24
KBD00,24,23
KDD10,24,23
KE2AT,24,23
KWC00,24,21
LAG21,24,22
LBF61,24,24
NA3DF,24,24
NBW10,24,22
NDS10,24,23
NDS20,24,23
NFH99,24,21
NGL22,24,22
NHT50,24,23
PAE06,24,22
PFH60,24,24
PHL79,24,21
QB4S1,24,21
TJA00,24,21
TJA40,24,22
WA010,24,14
WB201,24,21
WQ033,24,6
WYA00,24,24
XF406,24,24
XFX20,24,23
XX1XN,24,24
ZXE12,24,24
ZYD03,24,24
0191,23,17
0618,23,12
0631,23,10
5AB01,23,23
AAA35,23,13
AAK10,23,23
AAK99,23,21
ABW99,23,18
ACC54,23,23
CBD10,23,22
CJG15,23,23
ECA99,23,21
ECB17,23,17
EDC34,23,23
EEC99,23,22
ENB20,23,23
FFM10,23,23
FM2CN,23,23
FN1AE,23,23
GAE96,23,22
IBZ07,23,19
JAC11,23,23
JAH21,23,23
JDC96,23,22
JFH96,23,23
JJB40,23,23
JK3PB,23,22
KDD30,23,22
KDD96,23,21
LFE20,23,23
NA3BF,23,22
NA6CF,23,23
NA8CB,23,22
NCC30,23,16
ND1DM,23,21
NDJ42,23,23
NDL20,23,22
NGH10,23,21
NGL38,23,23
NGT00,23,23
NH1DM,23,20
NHE80,23,23
PA6DG,23,23
PBC11,23,22
PBM09,23,23
PH3BC,23,15
PH5AC,23,22
PJ2HT,23,22
QAD20,23,19
QCD10,23,21
QCH01,23,22
RJ412,23,8
RS310,23,11
TCA15,23,18
WQ001,23,20
X,23,22
XX3CW,23,23
YNA00,23,23
1287,22,20
1302,22,21
1LA0P,22,13
AAE32,22,21
CBJ90,22,20
CDC00,22,22
CGD40,22,17
CGG30,22,16
CHC00,22,22
CKD25,22,21
CKD45,22,19
DBW99,22,20
DCA00,22,21
DNW99,22,21
EFB20,22,21
FDE32,22,21
FDF05,22,18
FPH20,22,20
GA2CT,22,20
GBB18,22,20
GCA05,22,18
GDB20,22,21
JCA60,22,22
JFF24,22,21
JJ7LT,22,19
JN3CM,22,21
KEC10,22,20
KFH30,22,22
KFH96,22,20
KH1DD,22,18
KWA00,22,21
LAC97,22,20
MAA34,22,9
MAF00,22,22
NAR00,22,22
NDG63,22,21
NDW99,22,19
NEL10,22,21
NFH32,22,19
NGC40,22,21
NH1BD,22,22
NH1BI,22,20
NHS10,22,20
PC1YT,22,21
PD1YT,22,21
PFU81,22,18
PFU96,22,20
PHW99,22,20
QBA,22,19
QWF00,22,19
TDB00,22,22
TND31,22,22
WC135,22,18
WC402,22,8
WW800,22,22
WX300,22,11
XF645,22,22
ZSC00,22,21
ZSL00,22,21
ZXB00,22,22
ZXY55,22,20
ZY,22,21
AB6CG,21,21
BB1AQ,21,21
CBH10,21,17
CBH99,21,18
DBB02,21,21
DEB00,21,21
ECA40,21,20
ECB60,21,20
EFB60,21,20
EL3AT,21,20
FMD24,21,21
FXA10,21,20
GAF10,21,21
IDP99,21,14
JCA96,21,15
JFA48,21,14
JFA86,21,21
JFB51,21,21
JFH01,21,21
KBB00,21,21
KDG10,21,21
KH1RT,21,17
LAC10,21,21
LCG02,21,17
LEE20,21,12
LEF04,21,21
NA5AA,21,20
NBG30,21,17
NCL64,21,21
NDW00,21,19
NEJ70,21,21
NFF20,21,20
NGD10,21,20
NH1DF,21,21
NHQ20,21,21
NHW00,21,19
PB1BD,21,16
PG1GT,21,11
PHS78,21,20
PJ2CT,21,18
QBE50,21,15
RD130,21,14
RJ511,21,18
SBA20,21,21
SPA45,21,18
WVA30,21,16
WX703,21,21
ZYC,21,16
\2,20,20
0620,20,9
9AB02,20,17
A211_,20,14
ACB21,20,18
AEA27,20,20
CGE10,20,18
CJD10,20,19
CJF99,20,17
DM1CD,20,20
EAW99,20,15
ENC10,20,19
FA1AC,20,20
FPJ23,20,18
FXL00,20,18
GAB00,20,17
GAC20,20,19
GAC36,20,18
HA6HA,20,20
HAA01,20,19
IEY09,20,9
JAD93,20,19
JAF96,20,20
JK2AT,20,17
JLA10,20,19
KAS40,20,18
KBE00,20,19
KGH61,20,18
LAF17,20,19
NB1BD,20,20
NDL22,20,20
NEK99,20,19
NGJ45,20,20
NGJ64,20,20
NGK00,20,19
NGL34,20,20
QX_2,20,18
TNX40,20,20
TPJ05,20,19
UJK42,20,16
WW805,20,20
XQ819,20,20
ZZR05,20,19
0604,19,15
AAE99,19,15
CHD30,19,13
EB1CD,19,19
EWW99,19,19
FXA20,19,19
FXD00,19,18
JAF97,19,18
JFA85,19,19
JFG96,19,18
JGA70,19,19
KDD32,19,16
KDK40,19,16
KFH20,19,18
LA1AT,19,13
LAC96,19,19
LB1GB,19,18
LCF00,19,18
NA6DG,19,18
NAR99,19,19
NBG99,19,19
NCH20,19,19
NG1DM,19,17
PAH12,19,18
PDH99,19,19
PG1HT,19,11
PH9ST,19,13
PXX,19,10
QAA,19,17
R12,19,10
SDC40,19,15
SGC40,19,19
TKA02,19,16
TKC00,19,18
XX2ET,19,19
5AH02,18,18
CBC10,18,18
EFA20,18,15
EGC30,18,16
ELB99,18,18
ENC20,18,17
FKE05,18,8
FNC96,18,16
GA1DG,18,12
GAW96,18,18
JDC97,18,18
JFA12,18,17
JFA25,18,16
JFA32,18,17
JFA56,18,16
JFC30,18,18
JLC00,18,16
JN1AG,18,18
KCC20,18,18
KCH01,18,17
KGV40,18,13
LBF51,18,17
LCC00,18,18
LEC10,18,18
NA1CF,18,17
NAB92,18,18
NBF30,18,18
NBL02,18,18
NER30,18,18
NGL50,18,16
NK6LA,18,17
PA2JT,18,15
PC5DT,18,16
PG1KT,18,18
PH2ST,18,17
QCE25,18,16
QCG99,18,16
QDA30,18,13
R2310,18,15
RK112,18,9
SAB01,18,17
TNG30,18,17
TNX02,18,16
TNY20,18,15
TQW00,18,15
WQ030,18,9
WX880,18,18
XKC00,18,18
YX9VG,18,18
ZZK00,18,18
ZZQ20,18,17
ZZQ70,18,18
4AB0X,17,13
ABB20,17,13
BA2MN,17,11
CCA30,17,11
CDC40,17,17
EHW99,17,17
EKC20,17,12
ENB10,17,15
FBB20,17,17
FEC00,17,16
FJF20,17,17
FPD10,17,17
GAA97,17,17
GBA28,17,9
GWW96,17,17
HAB30,17,15
ICC02,17,17
JAG97,17,17
JDF97,17,17
JGB11,17,16
JH1AE,17,17
JHC00,17,17
JKD50,17,15
JLB98,17,14
KCJ10,17,16
KDH62,17,16
KFA96,17,17
LAB10,17,17
LBW97,17,16
LCF96,17,16
LEF14,17,16
LEF23,17,16
MWC00,17,13
NAK40,17,17
NBG60,17,17
NCE35,17,16
ND2CM,17,17
NDG00,17,16
NDH20,17,17
NEU20,17,16
PC4CG,17,16
PD2AE,17,17
PH7AC,17,15
PH7ZT,17,17
QB8S1,17,14
QCE15,17,17
QD5S1,17,16
QDE25,17,13
QWW99,17,16
RK110,17,11
RK320,17,12
SGA06,17,16
TJX22,17,9
TKF10,17,16
WC225,17,11
XW4CT,17,16
XX1CT,17,14
ZPB96,17,17
ZZA10,17,17
\10,16,10
0080,16,7
1XC0V,16,8
3001,16,6
A123_,16,12
AA5FG,16,13
ABC21,16,16
CBJ00,16,14
CKD00,16,14
DC1AI,16,16
DNB00,16,16
DPB10,16,11
EEW99,16,16
EFB04,16,16
ELB20,16,16
FC1CC,16,10
FE1AT,16,15
FKB00,16,15
FPF00,16,16
GAF03,16,16
HAB10,16,16
IAB04,16,15
IEY07,16,13
JA2CT,16,15
JAG41,16,15
JAH30,16,15
JDH32,16,11
JFA60,16,15
JFA68,16,12
JFA83,16,16
JFL96,16,14
JKA97,16,16
KCF00,16,14
KGC00,16,16
LDA96,16,16
LEE30,16,15
LEF41,16,16
MBC96,16,16
NB1BM,16,16
NB1CF,16,14
NBJ50,16,16
NBS99,16,15
NBU99,16,16
ND3CM,16,14
NDB20,16,16
NDK68,16,16
NDP12,16,15
NGQ10,16,15
PC1AD,16,15
PC2SC,16,15
PD2BD,16,14
PD5DM,16,15
PD6ZT,16,14
PDF22,16,16
PG1LT,16,12
PH1ST,16,15
QAA30,16,13
QBA30,16,9
QCA,16,15
QCH05,16,12
TNG32,16,16
XX2VW,16,16
XX6XW,16,16
ZFX01,16,14
ZX101,16,16
0083,15,6
0114,15,15
1240,15,12
2BD01,15,15
AAM10,15,12
CBH40,15,14
CCD20,15,15
CEC90,15,14
CJF40,15,14
DBD30,15,12
DCB10,15,15
EDC42,15,14
EFW99,15,15
FE2AT,15,14
FFC50,15,13
FJF10,15,15
GAC40,15,14
GD3CT,15,15
JCC00,15,15
JCE00,15,13
JCF00,15,12
JDH00,15,14
JFG33,15,15
JFL10,15,14
JGA60,15,15
JJA40,15,15
JKC30,15,15
JLD22,15,13
KBH96,15,15
KFA10,15,15
LAB97,15,15
LBC11,15,14
LDD00,15,14
LEF08,15,14
NA1BF,15,15
NA3CD,15,14
NAK99,15,15
NBC30,15,15
NCA20,15,14
NCH99,15,14
NCL40,15,13
NCS10,15,11
ND1BD,15,15
NER50,15,14
NFH20,15,14
NFJ70,15,12
NH1BF,15,13
NK6BT,15,10
PC5BG,15,15
PEW99,15,13
PG1DG,15,14
PG5ST,15,10
PG5YT,15,8
PH_2,15,6
PH1BC,15,14
PH7YT,15,14
PHQ99,15,12
QAJ20,15,14
QC1S1,15,7
QDJ05,15,13
QX1CG,15,15
R3130,15,11
RJ630,15,9
SFB40,15,13
SPC45,15,13
TKA05,15,13
TNC32,15,14
TNH39,15,10
UJF22,15,15
XA404,15,12
XGW01,15,15
XQ828,15,6
ZX102,15,14
0615,14,12
2063,14,14
A120_,14,6
AAW01,14,14
ABB99,14,13
BB1AN,14,14
BBA99,14,14
CAB10,14,13
CAC44,14,13
CBK00,14,12
CBK99,14,12
CDW99,14,13
CEC50,14,14
CJC15,14,14
CJG40,14,13
CKC99,14,13
EEC20,14,12
EFA40,14,12
EG1AD,14,14
EKW99,14,14
FAE10,14,14
FFC32,14,14
FGE10,14,14
FHB50,14,14
FKE60,14,14
FM1CQ,14,14
FMD96,14,14
FME30,14,12
FPF20,14,11
GAW97,14,13
GBB03,14,14
GD6AD,14,13
GDC20,14,14
GEB10,14,12
HAC99,14,14
IAA04,14,6
IBB04,14,12
IOL,14,14
JAQ00,14,14
JDF32,14,12
JG1BM,14,13
JGB40,14,13
JKB01,14,14
JWE01,14,14
KAH62,14,13
KCH10,14,14
KEW98,14,14
KFD56,14,14
LAA97,14,14
LCW96,14,14
MAB03,14,13
MWW96,14,13
NA3LT,14,13
NA7FA,14,14
NAS20,14,13
NBA10,14,13
NBC20,14,13
NBK10,14,12
NCG00,14,13
NCT60,14,11
ND3BG,14,14
NF2BT,14,14
NG1BD,14,12
NGE65,14,14
NGR99,14,13
NHE25,14,14
PA2AM,14,14
PBG99,14,13
PCT99,14,14
PD4DM,14,14
PDU81,14,12
PFW99,14,14
PH9AT,14,14
PJW20,14,14
QAJ35,14,10
QXC00,14,13
SPA60,14,10
XX1MN,14,14
YKA02,14,13
ZPB24,14,14
ZSQ00,14,14
ZX190,14,14
ZZS20,14,14
0703,13,13
AAA00,13,13
AAE34,13,12
AAM30,13,10
ABC33,13,13
ACC58,13,10
CCD99,13,11
CEC40,13,12
CKD85,13,12
DNB40,13,10
DWA00,13,8
ECA60,13,13
EEB10,13,12
EKC00,13,13
EMW99,13,12
ENB60,13,12
ENC80,13,12
FDA00,13,13
FFC42,13,13
FKC61,13,11
FKW96,13,13
GDC11,13,13
HAD55,13,12
IAB10,13,11
JAB20,13,12
JAC12,13,13
JAG43,13,13
JBA00,13,13
JBA10,13,13
JCC30,13,13
JDC11,13,11
JF1CD,13,13
JFA81,13,13
JGA02,13,13
JJB00,13,13
JKD00,13,13
KAE10,13,12
KC1BE,13,13
KCD20,13,12
KDE12,13,12
KDK30,13,10
KFD70,13,11
KGD00,13,9
LBE10,13,12
LEF20,13,12
LWL03,13,11
MBA10,13,13
MBC90,13,12
NAG52,13,13
NBE99,13,13
NBK91,13,12
NCT99,13,12
NDL42,13,13
NF3BD,13,10
NGE40,13,13
NGL64,13,13
PDE22,13,13
PDH53,13,13
QA2S1,13,10
QA3S1,13,8
QA8S1,13,13
QCG30,13,12
QD7S1,13,11
RS142,13,8
RS230,13,6
SPC02,13,9
W0X00,13,13
WW802,13,13
XX5WT,13,13
YN7VG,13,11
ZXH02,13,13
ZXH06,13,13
ZZQ40,13,13
ZZS40,13,13
0102,12,9
0605,12,11
0607,12,12
0619,12,10
1001,12,11
1XX25,12,6
6280,12,10
A210_,12,8
AAD30,12,11
AAM00,12,11
AAU00,12,12
CA1CD,12,11
CBE10,12,11
CBF40,12,11
CBN10,12,12
CC1CB,12,11
CCA10,12,12
CD1AE,12,10
CGF20,12,10
CGF99,12,12
CGG60,12,11
CHB65,12,11
CJE25,12,12
DC1AA,12,12
DDD20,12,9
DE2DM,12,12
DED00,12,12
DFD20,12,12
DPB20,12,12
EEC42,12,10
EG1BG,12,11
EJB60,12,12
FK1AC,12,12
FKC10,12,12
FM2CQ,12,12
FNA03,12,11
FNG00,12,12
FPE26,12,12
GAC10,12,10
GCA12,12,11
GDA40,12,10
GDW96,12,12
GEA96,12,12
IAA02,12,12
IAB03,12,6
JAF91,12,11
JDA12,12,10
JDA61,12,12
JDH50,12,12
JFF20,12,12
JFG73,12,12
JGA58,12,10
JGW98,12,9
JLC40,12,12
KA3CT,12,12
KAE00,12,11
KAE11,12,12
KB1BG,12,12
KCH96,12,12
KCJ96,12,9
KDD52,12,9
KFD43,12,11
KGH00,12,12
KGH40,12,11
LAG97,12,12
LBC20,12,12
LFC96,12,12
MAA30,12,11
MBB10,12,12
NA1AG,12,12
NBF10,12,12
NCW99,12,11
NDB10,12,12
NDF15,12,12
NDL60,12,11
NDP30,12,12
NDW10,12,10
NEJ86,12,12
NFU10,12,12
NFU99,12,11
NGK70,12,12
NGU99,12,12
NH3BM,12,12
NHT00,12,12
PA2CM,12,12
PA2GT,12,11
PAE14,12,11
PC7NT,12,11
PCQ17,12,10
PET23,12,12
PH1UT,12,12
QBE25,12,12
QCJ05,12,11
SJD60,12,7
SPG10,12,8
T,12,11
TCG30,12,10
TFN10,12,9
WW304,12,12
XA412,12,12
XDW00,12,12
XQ806,12,7
XX4BW,12,11
XX8LW,12,12
XX9BG,12,9
ZX010,12,9
ZX196,12,7
ZZH50,12,12
0096,11,11
0614,11,11
4AC0L,11,6
A222_,11,10
A230_,11,6
AA4BM,11,10
AAD40,11,10
AAK85,11,11
ABB50,11,11
ACB23,11,10
ACC49,11,11
ACC55,11,11
ADA30,11,9
BA1AN,11,11
BA1AQ,11,11
CBK10,11,9
CDC10,11,11
CEC80,11,10
CGG20,11,11
DBA00,11,11
DEE00,11,9
DFA00,11,11
DGB00,11,8
DJD30,11,11
DM1DM,11,10
DMB40,11,11
EAA99,11,8
EBU00,11,10
EEC00,11,11
EKC30,11,9
FB1AC,11,10
FDJ00,11,11
FDJ30,11,10
FLE10,11,10
FM1CE,11,11
FNB01,11,10
FXM00,11,11
GA3CT,11,9
GAE23,11,10
GAE53,11,11
GBA35,11,11
GBC03,11,11
GD2FN,11,11
GDB00,11,11
GEC26,11,11
GEW99,11,11
IBC98,11,9
IFA37,11,6
JAB90,11,8
JC1AB,11,11
JCA12,11,11
JDH28,11,9
JFA02,11,11
JFA97,11,11
JFL20,11,11
JHC40,11,6
JHD64,11,11
JKD30,11,11
KAD52,11,6
KAH30,11,10
KBH50,11,11
KCH30,11,11
KDG01,11,11
KDG40,11,11
KDH96,11,11
KGV50,11,7
KKA10,11,11
LAC30,11,11
NAA19,11,11
NAJ30,11,11
NAW99,11,11
NBH97,11,11
NBU10,11,11
ND2DG,11,10
NDC30,11,8
NFB62,11,11
NGG30,11,11
NGU30,11,10
NK4CG,11,11
PA6AT,11,11
PB1YT,11,10
PBW99,11,11
PC5AT,11,10
PC5DG,11,11
PDT21,11,10
PE3YT,11,9
PEU91,11,10
PFH99,11,11
PGH44,11,11
QAZ00,11,10
QDE50,11,9
SGB00,11,10
TJF00,11,11
TJG22,11,11
TNC10,11,10
WX1,11,10
WXQ42,11,7
XLD10,11,11
XQ812,11,10
XQ834,11,11
XQ844,11,8
XX_20,11,8
Z,11,11
Z5131,11,11
ZPB26,11,11
ZXC90,11,11
ZYY01,11,11
ZZT00,11,11
1BA01,10,7
5897,10,10
5900,10,6
912,10,10
AA1BF,10,10
AA5DP,10,10
AAA40,10,8
AAA99,10,10
AAF40,10,10
AAH40,10,7
AAH50,10,10
AAK30,10,10
ABA00,10,10
ACC70,10,10
AX9VV,10,9
CA1DM,10,9
CAE10,10,8
CBH05,10,8
CG2Z4,10,10
CJA00,10,7
CJB20,10,10
CJD15,10,10
CJG99,10,9
DDA10,10,8
DH_2,10,7
DHD20,10,9
DJB10,10,10
EAB99,10,9
EBA20,10,10
EBB05,10,7
EDC32,10,9
FCA96,10,10
FM1ME,10,10
FM2FN,10,9
FXF00,10,9
GAB96,10,10
GAC30,10,10
GAC34,10,10
GAE20,10,9
GAE26,10,10
GAE50,10,10
GBA12,10,10
GDA96,10,10
JCE96,10,7
JDF10,10,10
JDH71,10,10
JFF01,10,10
JH1AB,10,9
JJA24,10,10
JK3AN,10,10
JLD00,10,10
JN4DG,10,7
JN5KS,10,9
JN5LT,10,7
KA1CD,10,10
KGD05,10,10
KGD96,10,9
KGV00,10,10
LBC97,10,10
LBF30,10,9
LCG11,10,10
LDC96,10,10
LFD00,10,9
LWK03,10,9
NB2BT,10,9
NBK03,10,10
NBM10,10,10
NC1BM,10,10
NCC20,10,10
NCE30,10,9
NCW10,10,9
NEU10,10,10
NFE10,10,9
NFK60,10,7
NFK70,10,8
NGK60,10,7
NGT50,10,10
NHH40,10,10
NHU00,10,10
NK1DT,10,9
NK4BG,10,10
PA5AC,10,8
PAA39,10,10
PBH09,10,9
PBL11,10,10
PDH52,10,10
PDU84,10,9
PDU99,10,9
PFA99,10,10
PG1VT,10,9
PH1CD,10,9
PHE70,10,9
PWF00,10,9
PWH00,10,8
QAE25,10,10
QXJ05,10,10
R1400,10,6
R5220,10,8
RJ420,10,8
SPE10,10,8
T741V,10,10
TCH12,10,10
TFP31,10,9
TLE10,10,8
WQ039,10,10
WX810,10,10
XJH20,10,9
XQ815,10,6
XQ831,10,8
XX2NW,10,10
YX8CD,10,10
ZYY79,10,8
ZZS50,10,10
ZZU00,10,10
0002,9,9
0100,9,7
0113,9,7
0120,9,6
0611,9,9
0616,9,8
1201,9,8
90496,9,9
AAJ15,9,9
AAP00,9,9
AAW99,9,9
ABA10,9,8
ABB40,9,8
ABC17,9,8
AC1DT,9,9
ACC21,9,9
BCA41,9,9
CAC20,9,8
CCB99,9,8
CCC50,9,9
CGF55,9,8
CJA10,9,6
CKB00,9,9
CWF00,9,8
DFF25,9,7
DLW00,9,8
DM1BG,9,9
EB1KA,9,7
EDC05,9,9
EHC40,9,9
FAE00,9,9
FBE35,9,8
FBJ10,9,8
FDB20,9,9
FDJ42,9,9
FEB51,9,9
FWF00,9,9
GAF96,9,9
GAG30,9,9
GDB97,9,9
ICA01,9,8
JBW96,9,9
JDF20,9,8
JEW96,9,9
JFB41,9,9
JGC97,9,9
JHD60,9,8
JJA23,9,9
JJB53,9,9
JJC10,9,9
JKW96,9,8
JLB96,9,9
JLW96,9,9
JR1AS,9,9
KBH06,9,8
KBV22,9,9
KCD96,9,9
KE1DM,9,9
LAB00,9,9
LAB96,9,9
LCC96,9,9
LCD96,9,9
LDC20,9,9
LEE10,9,9
LEF30,9,9
LWW97,9,9
MCA30,9,9
MCW00,9,9
NA6BF,9,9
NAJ99,9,8
NAR40,9,9
NB1DM,9,9
NBF99,9,9
NBJ70,9,9
NBW99,9,8
NCT50,9,6
NCU00,9,6
NDG61,9,9
NDU00,9,9
NDU02,9,7
NET99,9,8
NG1AI,9,9
NG1BF,9,8
NGD50,9,9
NH1CD,9,9
NH3DM,9,8
NK6NA,9,9
PA5HT,9,8
PAF12,9,9
PBC99,9,9
PBE10,9,8
PC5BT,9,8
PD3ZT,9,9
PD4AD,9,8
PDC22,9,9
PDE20,9,9
PDF05,9,8
PDF20,9,9
PEA25,9,9
PEP23,9,9
PEQ25,9,9
PG1CM,9,9
PHG79,9,9
PHN79,9,9
PJD98,9,9
QB1S1,9,9
QXA,9,9
SDA11,9,7
SDC30,9,8
SDD02,9,7
SDD03,9,8
SPA61,9,6
SPB00,9,8
SPB01,9,7
SPF41,9,8
TN,9,9
TK830,9,9
TLA00,9,9
TNB33,9,8
TNF05,9,8
WA039,9,8
WX1CM,9,9
WX1DM,9,7
WX224,9,8
XA100,9,8
XCW10,9,9
XQ890,9,7
YKA01,9,9
YN1CD,9,9
ZZH33,9,9
ZZR50,9,9
ZZR70,9,9
0603,8,7
0623,8,8
A220_,8,7
A221_,8,7
AA4DM,8,7
AAF10,8,7
AAF45,8,8
AB6CM,8,7
AC1CT,8,8
ACB15,8,8
ACC23,8,8
BAA00,8,8
BBA10,8,7
CAD00,8,7
CAE00,8,8
CHB30,8,8
DBD10,8,8
DDD30,8,6
DEW99,8,7
DJD40,8,8
DLD30,8,6
EMB99,8,8
FB1CC,8,8
FCD60,8,8
FFM20,8,8
FKC40,8,8
FMC96,8,8
FME60,8,8
GAE10,8,8
GCA02,8,8
GDA01,8,8
GE1BG,8,8
JAA11,8,8
JAD91,8,8
JDC00,8,8
JDE01,8,8
JFA35,8,7
JFF41,8,8
JGA32,8,6
JGB97,8,8
JJA43,8,7
JJA44,8,8
JJA96,8,7
JKB40,8,8
JKF96,8,6
JLD10,8,8
JLD20,8,8
KAS96,8,8
KBJ00,8,8
KBJ20,8,7
KCD40,8,8
KE1AK,8,8
KFC96,8,8
LAA03,8,7
LCH10,8,8
LEF97,8,8
MBB30,8,6
NA7BM,8,8
NAA00,8,8
NBK30,8,8
NCR30,8,8
NCR99,8,8
NDP18,8,8
NDQ10,8,8
NE1CD,8,8
NE1DF,8,8
NEW00,8,8
NJ3CF,8,8
NJ3CM,8,8
NK1CT,8,8
NK6BQ,8,8
PA1CC,8,7
PA7RT,8,8
PAH14,8,8
PBU81,8,8
PC5CM,8,8
PCG04,8,8
PD1BE,8,8
PD1BT,8,8
PDG30,8,8
PDH50,8,8
PF1YT,8,8
PFN26,8,8
PFS26,8,7
PG1ZT,8,8
PHE99,8,8
PHS99,8,8
PJD91,8,8
QAD10,8,7
QAE,8,7
QAG20,8,7
QAG99,8,8
QC2S1,8,8
QDA,8,8
QXA30,8,6
QXD00,8,6
RD150,8,6
RJ521,8,8
SDC10,8,8
SPA55,8,7
SPB11,8,7
SPE01,8,8
SPF60,8,6
TDM00,8,8
TEL00,8,8
TK822,8,7
WW806,8,8
WX750,8,7
XF650,8,8
XQ843,8,8
XQ862,8,7
XX9CN,8,8
ZPB30,8,8
\8,7,7
0092,7,7
1246,7,7
5904,7,6
9124,7,7
913,7,7
AA1BA,7,7
AAB99,7,7
AAH20,7,7
AAJ10,7,7
AAK20,7,6
ACA99,7,6
B03AX,7,6
BC5AN,7,7
BC5AQ,7,6
BWA00,7,7
CAA00,7,7
CBB23,7,6
CDC30,7,7
CJB40,7,7
CJG20,7,7
DGW99,7,6
DHA00,7,7
DQB60,7,6
ECB30,7,7
EDB20,7,7
EG1DM,7,6
EKC99,7,7
FBE10,7,7
FEA00,7,6
FEC01,7,7
FEC10,7,7
FEE10,7,7
FGC00,7,7
FMA32,7,6
FMB96,7,7
GAC21,7,7
GAE00,7,7
GBA40,7,6
GD1CM,7,7
GEB40,7,7
GEB96,7,7
HA1DT,7,7
HAD45,7,7
IBZ99,7,7
JAG30,7,7
JAL23,7,7
JCB01,7,7
JEW97,7,7
JFA10,7,7
JFA71,7,7
JFA74,7,7
JFH40,7,7
JGA76,7,7
JGC20,7,7
JJ2CT,7,6
JJA30,7,7
KAS61,7,7
KBF00,7,7
KBH00,7,7
KBH45,7,7
KCA00,7,7
KDC00,7,7
KDH00,7,7
KDH30,7,6
KKW96,7,7
LAG11,7,7
LAG96,7,7
LBA01,7,6
LBC07,7,7
LBF50,7,7
LBW98,7,7
LCB00,7,7
LCC01,7,7
MA2AA,7,7
MBB96,7,7
MCC00,7,7
NAA30,7,7
NAU10,7,7
NB6BA,7,6
NBQ20,7,7
NBR99,7,7
NBT99,7,6
NCE10,7,7
NCU99,7,6
NDC20,7,6
NDE99,7,7
NDT40,7,6
NFT50,7,7
NG1DF,7,7
NHE10,7,7
NHT62,7,6
NJ3DM,7,7
NK4DG,7,7
NK6AT,7,7
PA8YT,7,6
PBL99,7,7
PC1AT,7,7
PC3SC,7,7
PC4DG,7,7
PCE17,7,7
PCQ04,7,7
PEC24,7,7
PGH43,7,7
QAF00,7,7
QC7S1,7,6
QD3S1,7,7
QX1BG,7,7
RP120,7,6
RS122,7,6
SPA21,7,6
SPB15,7,7
SXA00,7,7
TCB40,7,7
TJC00,7,6
TJX10,7,6
TJX14,7,6
TNB32,7,7
TNG05,7,7
XG442,7,7
XX2ZW,7,7
XX7GT,7,7
ZLX00,7,6
ZZE00,7,7
\11,6,6
3AA02,6,6
62,6,6
AA1DF,6,6
AAC30,6,6
AAH99,6,6
ABC13,6,6
BA1MN,6,6
BAA05,6,6
BB4WT,6,6
CBB12,6,6
CBH00,6,6
CBN40,6,6
CGA00,6,6
CGD00,6,6
CH2F4,6,6
CKD75,6,6
DEB35,6,6
DHB30,6,6
DJA00,6,6
ECB99,6,6
EDC35,6,6
EJC30,6,6
EL3AN,6,6
ELA00,6,6
EWF00,6,6
FAE30,6,6
FBE20,6,6
FEMTO,6,6
FFM30,6,6
FGD96,6,6
FHE30,6,6
FJD20,6,6
FKC30,6,6
FM1JS,6,6
FMC20,6,6
FMD20,6,6
FMD30,6,6
FN2EG,6,6
FNB96,6,6
FPF96,6,6
FPJ12,6,6
FXH00,6,6
GA7AA,6,6
GAD00,6,6
GAE16,6,6
GDA00,6,6
GDA12,6,6
GDD20,6,6
GDD96,6,6
GWA00,6,6
HA1WT,6,6
IBC97,6,6
IDV99,6,6
IFA07,6,6
IFA09,6,6
JA1CB,6,6
JAC96,6,6
JDD96,6,6
JFA84,6,6
JFG70,6,6
JFW98,6,6
JGC40,6,6
JJ4AT,6,6
JKA96,6,6
JM2AT,6,6
JN5SN,6,6
KAC96,6,6
KAD10,6,6
KBB01,6,6
KBV01,6,6
KCD97,6,6
KCD98,6,6
KDV00,6,6
KED96,6,6
KFB01,6,6
LBB01,6,6
LCG10,6,6
LCG30,6,6
LED00,6,6
MAA98,6,6
MAG10,6,6
MCA33,6,6
NA2DM,6,6
NA6AD,6,6
NAA22,6,6
NAA39,6,6
NAH20,6,6
NAS00,6,6
NB1BF,6,6
NB4DA,6,6
NBU00,6,6
NC1DA,6,6
NC1DM,6,6
NC2AD,6,6
NDF69,6,6
NDT38,6,6
NF1BT,6,6
NFG30,6,6
NFK50,6,6
NFT00,6,6
NGH30,6,6
NHT60,6,6
NJ3MA,6,6
OAA12,6,6
PA2BT,6,6
PA6CD,6,6
PA7KT,6,6
PBA10,6,6
PBB10,6,6
PC5ET,6,6
PD6YT,6,6
PDU91,6,6
PEG24,6,6
PEG25,6,6
PEM25,6,6
PFC26,6,6
PHG99,6,6
PHR99,6,6
PXA20,6,6
QA5S1,6,6
QAJ05,6,6
QC4S1,6,6
QX2AN,6,6
RK220,6,6
SCA04,6,6
SJB30,6,6
TCH10,6,6
TCK20,6,6
TFP49,6,6
UGC08,6,6
WVA20,6,6
XFN04,6,6
XX1BT,6,6
XX4XT,6,6
YAG,6,6
ZXG50,6,6
ZZA20,6,6
ZZJ00,6,6
ZZM00,6,6
