CodeId,ShortName,TOIMENPIDE,freq_tays,freq_tays_per
S2600,NA,S2600,181056,3.950319%
H0434,NA,H0434,55791,1.217260%
H0519,NA,H0519,52053,1.135704%
RS221,NA,RS221,22833,0.498175%
H0275,NA,H0275,21465,0.468328%
H0142,NA,H0142,20850,0.454910%
H0113,NA,H0113,20668,0.450939%
H0188,NA,H0188,19077,0.416226%
H0130,NA,H0130,16341,0.356531%
H0476,NA,H0476,16253,0.354611%
H0049,NA,H0049,15839,0.345579%
H0157,NA,H0157,14511,0.316604%
H0030,NA,H0030,11747,0.256299%
H0316,NA,H0316,10308,0.224902%
F763,NA,F763,10274,0.224160%
H0054,NA,H0054,10246,0.223549%
H0414,NA,H0414,10192,0.222371%
H0112,NA,H0112,9657,0.210699%
H0473,NA,H0473,9615,0.209782%
H0702,NA,H0702,8427,0.183862%
H0003,NA,H0003,8298,0.181048%
H0266,NA,H0266,8170,0.178255%
6007,NA,6007,8091,0.176531%
H0468,NA,H0468,7749,0.169069%
1246,NA,1246,6274,0.136887%
RS220,NA,RS220,6193,0.135120%
H0900,NA,H0900,5849,0.127615%
RS222,NA,RS222,5647,0.123207%
XX9DW,NA,XX9DW,5626,0.122749%
F000,NA,F000,5196,0.113367%
RS121,NA,RS121,5126,0.111840%
F309,NA,F309,5077,0.110771%
H0139,NA,H0139,4949,0.107978%
H0569,NA,H0569,4849,0.105797%
H0110,NA,H0110,4720,0.102982%
F310,NA,F310,4486,0.097877%
H0943,NA,H0943,4291,0.093622%
H0577,NA,H0577,4223,0.092138%
F220,NA,F220,4012,0.087535%
RS120,NA,RS120,3997,0.087207%
H0451,NA,H0451,3934,0.085833%
H0901,NA,H0901,3849,0.083978%
H0631,NA,H0631,3803,0.082975%
H0941,NA,H0941,3645,0.079527%
H0320,NA,H0320,3609,0.078742%
RS230,NA,RS230,3602,0.078589%
K123,NA,K123,3521,0.076822%
K250,NA,K250,3496,0.076276%
XX9EW,NA,XX9EW,3357,0.073244%
F100,NA,F100,3303,0.072066%
H0077,NA,H0077,3220,0.070255%
K2,NA,K2,3217,0.070189%
K220,NA,K220,3181,0.069404%
H0146,NA,H0146,3108,0.067811%
1302,NA,1302,3074,0.067069%
H0144,NA,H0144,3034,0.066196%
H0951,NA,H0951,2946,0.064276%
H0069,NA,H0069,2905,0.063382%
H0499,NA,H0499,2887,0.062989%
H0059,NA,H0059,2803,0.061156%
RP125,NA,RP125,2775,0.060546%
H0114,NA,H0114,2763,0.060284%
H0904,NA,H0904,2604,0.056815%
S2900,NA,S2900,2588,0.056466%
H0102,NA,H0102,2550,0.055636%
K412,NA,K412,2529,0.055178%
H0009,NA,H0009,2407,0.052516%
H1201,NA,H1201,2398,0.052320%
H0567,NA,H0567,2383,0.051993%
F933,NA,F933,2374,0.051796%
K320,NA,K320,2343,0.051120%
H0293,NA,H0293,2190,0.047782%
H0284,NA,H0284,2187,0.047716%
RS311,NA,RS311,2178,0.047520%
H0060,NA,H0060,2137,0.046626%
H0121,NA,H0121,2130,0.046473%
H0141,NA,H0141,2126,0.046386%
K230,NA,K230,2064,0.045033%
H0002,NA,H0002,2063,0.045011%
H0129,NA,H0129,2014,0.043942%
H0454,NA,H0454,1985,0.043309%
H0565,NA,H0565,1976,0.043113%
1279,NA,1279,1963,0.042829%
H0479,NA,H0479,1916,0.041804%
F340,NA,F340,1893,0.041302%
H0220,NA,H0220,1877,0.040953%
H0356,NA,H0356,1832,0.039971%
2682,NA,2682,1780,0.038836%
H0014,NA,H0014,1693,0.036938%
H0150,NA,H0150,1680,0.036655%
K110,NA,K110,1645,0.035891%
H0303,NA,H0303,1637,0.035716%
H0117,NA,H0117,1621,0.035367%
H0491,NA,H0491,1619,0.035324%
H0572,NA,H0572,1594,0.034778%
F300,NA,F300,1592,0.034735%
H0561,NA,H0561,1582,0.034516%
2068,NA,2068,1538,0.033556%
H0265,NA,H0265,1520,0.033164%
H0004,NA,H0004,1517,0.033098%
H0945,NA,H0945,1514,0.033033%
F904,NA,F904,1449,0.031615%
H0120,NA,H0120,1448,0.031593%
H0115,NA,H0115,1445,0.031527%
6280,NA,6280,1442,0.031462%
H0445,NA,H0445,1430,0.031200%
F921,NA,F921,1405,0.030655%
RS130,NA,RS130,1399,0.030524%
H0633,NA,H0633,1398,0.030502%
F961,NA,F961,1395,0.030436%
K224,NA,K224,1374,0.029978%
F236,NA,F236,1373,0.029956%
A121,NA,A121,1367,0.029826%
RS313,NA,RS313,1360,0.029673%
RS122,NA,RS122,1359,0.029651%
RP123,NA,RP123,1336,0.029149%
H0944,NA,H0944,1296,0.028276%
S2700,NA,S2700,1285,0.028036%
H0261,NA,H0261,1221,0.026640%
H0001,NA,H0001,1203,0.026247%
XX9GW,NA,XX9GW,1161,0.025331%
N1302,NA,N1302,1147,0.025025%
H0721,NA,H0721,1143,0.024938%
RS211,NA,RS211,1142,0.024916%
H0634,NA,H0634,1135,0.024764%
K1,NA,K1,1117,0.024371%
RP215,NA,RP215,1116,0.024349%
RS224,NA,RS224,1112,0.024262%
RS390,NA,RS390,1097,0.023935%
H0722,NA,H0722,1095,0.023891%
F972,NA,F972,1083,0.023629%
H0650,NA,H0650,1070,0.023345%
H5009,NA,H5009,1034,0.022560%
H0043,NA,H0043,1032,0.022516%
H0625,NA,H0625,1030,0.022473%
H0260,NA,H0260,1011,0.022058%
RP210,NA,RP210,998,0.021775%
RP231,NA,RP231,984,0.021469%
RS314,NA,RS314,982,0.021425%
RP122,NA,RP122,941,0.020531%
H0263,NA,H0263,931,0.020313%
H0313,NA,H0313,927,0.020225%
6280P,NA,6280P,919,0.020051%
H0152,NA,H0152,913,0.019920%
H0730,NA,H0730,897,0.019571%
H0204,NA,H0204,878,0.019156%
A220,NA,A220,868,0.018938%
K121,NA,K121,860,0.018764%
H0432,NA,H0432,859,0.018742%
H0194,NA,H0194,857,0.018698%
A210,NA,A210,837,0.018262%
F206,NA,F206,831,0.018131%
A320,NA,A320,823,0.017956%
1784,NA,1784,823,0.017956%
H0256,NA,H0256,822,0.017935%
H0160,NA,H0160,814,0.017760%
XX9HW,NA,XX9HW,811,0.017695%
H0262,NA,H0262,805,0.017564%
H0608,NA,H0608,800,0.017455%
RS110,NA,RS110,799,0.017433%
H0006,NA,H0006,785,0.017127%
F320,NA,F320,779,0.016996%
RS142,NA,RS142,775,0.016909%
2857,NA,2857,768,0.016756%
K260,NA,K260,763,0.016647%
A120,NA,A120,758,0.016538%
N3394,NA,N3394,756,0.016495%
F422,NA,F422,740,0.016145%
RP120,NA,RP120,738,0.016102%
H1104,NA,H1104,729,0.015905%
H2101,NA,H2101,726,0.015840%
6052,NA,6052,715,0.015600%
H0044,NA,H0044,707,0.015425%
K322,NA,K322,706,0.015404%
H0343,NA,H0343,694,0.015142%
K420,NA,K420,667,0.014553%
RP212,NA,RP212,664,0.014487%
S3001,NA,S3001,664,0.014487%
H1203,NA,H1203,662,0.014444%
RP214,NA,RP214,662,0.014444%
H0435,NA,H0435,660,0.014400%
RP130,NA,RP130,655,0.014291%
H0103,NA,H0103,650,0.014182%
H0161,NA,H0161,642,0.014007%
H0285,NA,H0285,640,0.013964%
RP230,NA,RP230,631,0.013767%
F307,NA,F307,631,0.013767%
A110,NA,A110,610,0.013309%
H0151,NA,H0151,604,0.013178%
H0187,NA,H0187,604,0.013178%
F882,NA,F882,599,0.013069%
RP110,NA,RP110,596,0.013004%
H0133,NA,H0133,593,0.012938%
H0158,NA,H0158,584,0.012742%
H0005,NA,H0005,580,0.012655%
F240,NA,F240,580,0.012655%
F132,NA,F132,576,0.012567%
NULL,NA,NULL,574,0.012524%
F845,NA,F845,574,0.012524%
H0636,NA,H0636,562,0.012262%
1287,NA,1287,561,0.012240%
4921,NA,4921,557,0.012153%
H0225,NA,H0225,554,0.012087%
F242,NA,F242,544,0.011869%
RP124,NA,RP124,535,0.011673%
A230,NA,A230,519,0.011324%
RP232,NA,RP232,517,0.011280%
H0084,NA,H0084,516,0.011258%
K290,NA,K290,506,0.011040%
S3000,NA,S3000,505,0.011018%
H0031,NA,H0031,500,0.010909%
H0520,NA,H0520,496,0.010822%
F726,NA,F726,495,0.010800%
H0934,NA,H0934,492,0.010735%
F887,NA,F887,489,0.010669%
H0149,NA,H0149,484,0.010560%
F742,NA,F742,483,0.010538%
H0255,NA,H0255,481,0.010495%
2065,NA,2065,477,0.010407%
A211,NA,A211,476,0.010385%
F292,NA,F292,475,0.010364%
K112,NA,K112,468,0.010211%
H0205,NA,H0205,467,0.010189%
K210,NA,K210,456,0.009949%
3388,NA,3388,450,0.009818%
H0257,NA,H0257,446,0.009731%
RP310,NA,RP310,445,0.009709%
F308,NA,F308,444,0.009687%
H0421,NA,H0421,441,0.009622%
H0604,NA,H0604,441,0.009622%
K530,NA,K530,440,0.009600%
H0122,NA,H0122,439,0.009578%
F841,NA,F841,424,0.009251%
F139,NA,F139,423,0.009229%
H2026,NA,H2026,423,0.009229%
RP140,NA,RP140,421,0.009185%
B706,NA,B706,419,0.009142%
K321,NA,K321,415,0.009055%
H0618,NA,H0618,407,0.008880%
H0962,NA,H0962,407,0.008880%
H0961,NA,H0961,405,0.008836%
H0461,NA,H0461,401,0.008749%
H0466,NA,H0466,398,0.008684%
H0640,NA,H0640,392,0.008553%
H0477,NA,H0477,391,0.008531%
H0966,NA,H0966,391,0.008531%
6290,NA,6290,391,0.008531%
4475,NA,4475,384,0.008378%
A221,NA,A221,382,0.008335%
F622,NA,F622,374,0.008160%
RS223,NA,RS223,373,0.008138%
F980,NA,F980,372,0.008116%
H0931,NA,H0931,369,0.008051%
H0207,NA,H0207,364,0.007942%
K312,NA,K312,364,0.007942%
H0973,NA,H0973,363,0.007920%
2028,NA,2028,361,0.007876%
H0557,NA,H0557,359,0.007833%
6014,NA,6014,359,0.007833%
N1287,NA,N1287,358,0.007811%
RP190,NA,RP190,355,0.007745%
K313,NA,K313,351,0.007658%
H0727,NA,H0727,350,0.007636%
H0495,NA,H0495,346,0.007549%
RS320,NA,RS320,346,0.007549%
F959,NA,F959,343,0.007484%
H0155,NA,H0155,340,0.007418%
H0321,NA,H0321,331,0.007222%
A130,NA,A130,329,0.007178%
K113,NA,K113,327,0.007135%
H0510,NA,H0510,326,0.007113%
H0056,NA,H0056,325,0.007091%
H0083,NA,H0083,324,0.007069%
H0378,NA,H0378,323,0.007047%
RP220,NA,RP220,323,0.007047%
K240,NA,K240,310,0.006764%
A450,NA,A450,309,0.006742%
RP233,NA,RP233,309,0.006742%
F741,NA,F741,303,0.006611%
RS210,NA,RS210,302,0.006589%
H0186,NA,H0186,301,0.006567%
A452,NA,A452,296,0.006458%
H0444,NA,H0444,296,0.006458%
H0729,NA,H0729,296,0.006458%
N4921,NA,N4921,296,0.006458%
RS310,NA,RS310,292,0.006371%
H0197,NA,H0197,291,0.006349%
JF4LD,NA,JF4LD,291,0.006349%
H0067,NA,H0067,289,0.006305%
F330,NA,F330,288,0.006284%
H1107,NA,H1107,286,0.006240%
RS123,NA,RS123,286,0.006240%
RP213,NA,RP213,284,0.006196%
A231,NA,A231,283,0.006175%
K222,NA,K222,283,0.006175%
F730,NA,F730,282,0.006153%
K422,NA,K422,277,0.006044%
A123,NA,A123,276,0.006022%
H0264,NA,H0264,273,0.005956%
H0947,NA,H0947,273,0.005956%
H0007,NA,H0007,268,0.005847%
H0726,NA,H0726,267,0.005825%
H0319,NA,H0319,264,0.005760%
6046,NA,6046,264,0.005760%
H0355,NA,H0355,261,0.005695%
S2800,NA,S2800,260,0.005673%
N3388,NA,N3388,260,0.005673%
H0012,NA,H0012,259,0.005651%
F208,NA,F208,258,0.005629%
H0274,NA,H0274,257,0.005607%
H0376,NA,H0376,257,0.005607%
3914,NA,3914,255,0.005564%
H0127,NA,H0127,254,0.005542%
RP320,NA,RP320,245,0.005345%
K323,NA,K323,241,0.005258%
10020,NA,10020,240,0.005236%
F690,NA,F690,239,0.005215%
A550,NA,A550,238,0.005193%
K310,NA,K310,237,0.005171%
H0481,NA,H0481,236,0.005149%
H0731,NA,H0731,236,0.005149%
H0269,NA,H0269,235,0.005127%
H0236,NA,H0236,234,0.005105%
H0206,NA,H0206,233,0.005084%
3600,NA,3600,231,0.005040%
RS150,NA,RS150,230,0.005018%
K410,NA,K410,229,0.004996%
H0020,NA,H0020,226,0.004931%
6017,NA,6017,225,0.004909%
H0474,NA,H0474,224,0.004887%
N4901,NA,N4901,224,0.004887%
H0132,NA,H0132,223,0.004865%
H0524,NA,H0524,221,0.004822%
H0723,NA,H0723,220,0.004800%
H0273,NA,H0273,219,0.004778%
RP1,NA,RP1,219,0.004778%
H0226,NA,H0226,209,0.004560%
H0353,NA,H0353,209,0.004560%
K3,NA,K3,206,0.004495%
4926,NA,4926,206,0.004495%
F434,NA,F434,206,0.004495%
F785,NA,F785,204,0.004451%
H0234,NA,H0234,203,0.004429%
H0933,NA,H0933,203,0.004429%
K411,NA,K411,201,0.004385%
H0196,NA,H0196,199,0.004342%
H0377,NA,H0377,199,0.004342%
K421,NA,K421,199,0.004342%
2680,NA,2680,199,0.004342%
H0334,NA,H0334,196,0.004276%
H0372,NA,H0372,194,0.004233%
K311,NA,K311,194,0.004233%
H0946,NA,H0946,191,0.004167%
H0521,NA,H0521,190,0.004145%
H0637,NA,H0637,186,0.004058%
F400,NA,F400,185,0.004036%
A510,NA,A510,180,0.003927%
F319,NA,F319,180,0.003927%
A240,NA,A240,179,0.003905%
H1101,NA,H1101,177,0.003862%
H0268,NA,H0268,175,0.003818%
RP126,NA,RP126,174,0.003796%
RS340,NA,RS340,174,0.003796%
F254,NA,F254,173,0.003775%
H0111,NA,H0111,172,0.003753%
F238,NA,F238,171,0.003731%
H0045,NA,H0045,169,0.003687%
4971,NA,4971,165,0.003600%
H0564,NA,H0564,163,0.003556%
K111,NA,K111,163,0.003556%
HA1EA,NA,HA1EA,163,0.003556%
K221,NA,K221,161,0.003513%
N1784,NA,N1784,161,0.003513%
F304,NA,F304,160,0.003491%
F936,NA,F936,160,0.003491%
H0335,NA,H0335,159,0.003469%
H2105,NA,H2105,158,0.003447%
F266,NA,F266,157,0.003425%
H0200,NA,H0200,155,0.003382%
RS140,NA,RS140,155,0.003382%
RS216,NA,RS216,154,0.003360%
N4133,NA,N4133,154,0.003360%
4907,NA,4907,153,0.003338%
H0169,NA,H0169,152,0.003316%
H0483,NA,H0483,152,0.003316%
10010,NA,10010,152,0.003316%
RP121,NA,RP121,150,0.003273%
RP330,NA,RP330,149,0.003251%
A222,NA,A222,148,0.003229%
H0330,NA,H0330,148,0.003229%
F883,NA,F883,148,0.003229%
H0123,NA,H0123,146,0.003185%
H1202,NA,H1202,145,0.003164%
K223,NA,K223,145,0.003164%
H5010,NA,H5010,144,0.003142%
3542,NA,3542,143,0.003120%
A232,NA,A232,142,0.003098%
H0374,NA,H0374,142,0.003098%
H0184,NA,H0184,140,0.003055%
H0272,NA,H0272,140,0.003055%
H0208,NA,H0208,139,0.003033%
H0611,NA,H0611,139,0.003033%
H2100,NA,H2100,139,0.003033%
F782,NA,F782,138,0.003011%
H0267,NA,H0267,136,0.002967%
EB1TA,NA,EB1TA,136,0.002967%
F700,NA,F700,135,0.002945%
H0034,NA,H0034,134,0.002924%
H0638,NA,H0638,133,0.002902%
F267,NA,F267,133,0.002902%
F729,NA,F729,133,0.002902%
H0517,NA,H0517,132,0.002880%
H0720,NA,H0720,132,0.002880%
H0375,NA,H0375,128,0.002793%
H0354,NA,H0354,127,0.002771%
H0605,NA,H0605,126,0.002749%
RS141,NA,RS141,126,0.002749%
F951,NA,F951,126,0.002749%
1690,NA,1690,124,0.002705%
2064,NA,2064,123,0.002684%
A430,NA,A430,121,0.002640%
H0035,NA,H0035,121,0.002640%
K430,NA,K430,121,0.002640%
6281P,NA,6281P,121,0.002640%
N3393,NA,N3393,121,0.002640%
H0135,NA,H0135,120,0.002618%
K520,NA,K520,120,0.002618%
H0085,NA,H0085,119,0.002596%
6006,NA,6006,119,0.002596%
1195,NA,1195,118,0.002575%
H5007,NA,H5007,115,0.002509%
F788,NA,F788,114,0.002487%
F954,NA,F954,113,0.002465%
N4924,NA,N4924,113,0.002465%
RS225,NA,RS225,112,0.002444%
4968,NA,4968,112,0.002444%
N1304,NA,N1304,112,0.002444%
AA43A,NA,AA43A,111,0.002422%
6292,NA,6292,110,0.002400%
K120,NA,K120,107,0.002335%
A410,NA,A410,106,0.002313%
H0156,NA,H0156,105,0.002291%
H0981,NA,H0981,105,0.002291%
H1302,NA,H1302,105,0.002291%
K324,NA,K324,104,0.002269%
H1105,NA,H1105,103,0.002247%
4924,NA,4924,102,0.002225%
F325,NA,F325,101,0.002204%
K4,NA,K4,99,0.002160%
F786,NA,F786,99,0.002160%
F210,NA,F210,98,0.002138%
H0308,NA,H0308,97,0.002116%
RS312,NA,RS312,97,0.002116%
H0629,NA,H0629,96,0.002095%
F935,NA,F935,96,0.002095%
RS228,NA,RS228,94,0.002051%
1302P,NA,1302P,94,0.002051%
F668,NA,F668,92,0.002007%
H2045,NA,H2045,90,0.001964%
6283,NA,6283,90,0.001964%
A212,NA,A212,88,0.001920%
H1204,NA,H1204,88,0.001920%
N1289,NA,N1289,88,0.001920%
N1296,NA,N1296,87,0.001898%
H0038,NA,H0038,86,0.001876%
H0558,NA,H0558,86,0.001876%
H1103,NA,H1103,85,0.001855%
6281,NA,6281,85,0.001855%
N3396,NA,N3396,85,0.001855%
F233,NA,F233,84,0.001833%
F288,NA,F288,83,0.001811%
F900,NA,F900,82,0.001789%
H0082,NA,H0082,81,0.001767%
H0367,NA,H0367,81,0.001767%
H0469,NA,H0469,81,0.001767%
F425,NA,F425,81,0.001767%
H0105,NA,H0105,80,0.001745%
H0457,NA,H0457,80,0.001745%
4901,NA,4901,80,0.001745%
H0331,NA,H0331,79,0.001724%
H0627,NA,H0627,79,0.001724%
H0368,NA,H0368,78,0.001702%
RP430,NA,RP430,78,0.001702%
F711,NA,F711,78,0.001702%
K122,NA,K122,76,0.001658%
1303,NA,1303,76,0.001658%
4AA12,NA,4AA12,75,0.001636%
4906,NA,4906,75,0.001636%
H0332,NA,H0332,74,0.001615%
H2028,NA,H2028,74,0.001615%
RP216,NA,RP216,73,0.001593%
H0420,NA,H0420,71,0.001549%
F355,NA,F355,71,0.001549%
F766,NA,F766,71,0.001549%
H0242,NA,H0242,70,0.001527%
H0980,NA,H0980,70,0.001527%
F744,NA,F744,69,0.001505%
N3542,NA,N3542,68,0.001484%
H0201,NA,H0201,67,0.001462%
H1301,NA,H1301,67,0.001462%
H0018,NA,H0018,66,0.001440%
H0033,NA,H0033,66,0.001440%
H2027,NA,H2027,66,0.001440%
F974,NA,F974,66,0.001440%
H0230,NA,H0230,65,0.001418%
RS212,NA,RS212,65,0.001418%
H1303,NA,H1303,64,0.001396%
RS290,NA,RS290,64,0.001396%
1784V,NA,1784V,64,0.001396%
RS331,NA,RS331,63,0.001375%
F905,NA,F905,63,0.001375%
H0254,NA,H0254,62,0.001353%
4970,NA,4970,62,0.001353%
N1305,NA,N1305,61,0.001331%
H0182,NA,H0182,60,0.001309%
H2047,NA,H2047,59,0.001287%
1310,NA,1310,59,0.001287%
F406,NA,F406,59,0.001287%
A542,NA,A542,58,0.001265%
HO451,NA,HO451,58,0.001265%
1298,NA,1298,58,0.001265%
6288,NA,6288,58,0.001265%
6920,NA,6920,58,0.001265%
H0124,NA,H0124,57,0.001244%
2029,NA,2029,57,0.001244%
1613,NA,1613,56,0.001222%
2672,NA,2672,56,0.001222%
A321,NA,A321,55,0.001200%
H0232,NA,H0232,55,0.001200%
H0180,NA,H0180,54,0.001178%
F407,NA,F407,54,0.001178%
F424,NA,F424,54,0.001178%
N1295,NA,N1295,54,0.001178%
A420,NA,A420,53,0.001156%
H0406,NA,H0406,53,0.001156%
RP710,NA,RP710,53,0.001156%
F402,NA,F402,53,0.001156%
H0361,NA,H0361,52,0.001135%
H0570,NA,H0570,52,0.001135%
H0725,NA,H0725,52,0.001135%
2821,NA,2821,52,0.001135%
2824,NA,2824,52,0.001135%
N1303,NA,N1303,51,0.001113%
N4907,NA,N4907,51,0.001113%
A190,NA,A190,50,0.001091%
A511,NA,A511,50,0.001091%
RS190,NA,RS190,50,0.001091%
H0603,NA,H0603,49,0.001069%
H0639,NA,H0639,49,0.001069%
1287P,NA,1287P,49,0.001069%
4918,NA,4918,49,0.001069%
F251,NA,F251,49,0.001069%
H0325,NA,H0325,48,0.001047%
H5011,NA,H5011,48,0.001047%
1750,NA,1750,48,0.001047%
4476,NA,4476,48,0.001047%
6058,NA,6058,48,0.001047%
F789,NA,F789,48,0.001047%
H0392,NA,H0392,46,0.001004%
1295,NA,1295,45,0.000982%
2070,NA,2070,45,0.000982%
F303,NA,F303,45,0.000982%
H0322,NA,H0322,44,0.000960%
RP290,NA,RP290,44,0.000960%
4921P,NA,4921P,44,0.000960%
F380,NA,F380,44,0.000960%
F728,NA,F728,44,0.000960%
A290,NA,A290,43,0.000938%
H0159,NA,H0159,43,0.000938%
F809,NA,F809,43,0.000938%
6370,NA,6370,42,0.000916%
F962,NA,F962,42,0.000916%
H0125,NA,H0125,41,0.000895%
R3700,NA,R3700,41,0.000895%
H0166,NA,H0166,40,0.000873%
N1789,NA,N1789,40,0.000873%
H0249,NA,H0249,39,0.000851%
XX9FW,NA,XX9FW,39,0.000851%
H0016,NA,H0016,38,0.000829%
H0057,NA,H0057,38,0.000829%
F952,NA,F952,38,0.000829%
F614,NA,F614,37,0.000807%
H0932,NA,H0932,37,0.000807%
H0974,NA,H0974,37,0.000807%
3145,NA,3145,37,0.000807%
H0728,NA,H0728,36,0.000785%
1299,NA,1299,36,0.000785%
F261,NA,F261,36,0.000785%
N3395,NA,N3395,36,0.000785%
NA6AG,NA,NA6AG,36,0.000785%
H0008,NA,H0008,35,0.000764%
H0037,NA,H0037,35,0.000764%
H1102,NA,H1102,35,0.000764%
RP420,NA,RP420,35,0.000764%
RP5,NA,RP5,35,0.000764%
1784M,NA,1784M,35,0.000764%
F414,NA,F414,35,0.000764%
F262,NA,F262,34,0.000742%
F342,NA,F342,34,0.000742%
RP340,NA,RP340,34,0.000742%
PÃÃ,NA,PÃÃ,34,0.000742%
4925,NA,4925,34,0.000742%
F621,NA,F621,34,0.000742%
F283,NA,F283,33,0.000720%
F305,NA,F305,33,0.000720%
H0023,NA,H0023,32,0.000698%
H0174,NA,H0174,32,0.000698%
H0628,NA,H0628,32,0.000698%
RP410,NA,RP410,32,0.000698%
F957,NA,F957,32,0.000698%
H0276,NA,H0276,31,0.000676%
H0942,NA,H0942,31,0.000676%
SPA65,NA,SPA65,31,0.000676%
F311,NA,F311,31,0.000676%
H0116,NA,H0116,30,0.000655%
H0518,NA,H0518,30,0.000655%
H1106,NA,H1106,30,0.000655%
RP620,NA,RP620,30,0.000655%
RS226,NA,RS226,30,0.000655%
S2901,NA,S2901,30,0.000655%
3534,NA,3534,30,0.000655%
N1298,NA,N1298,30,0.000655%
N4906,NA,N4906,30,0.000655%
H0203,NA,H0203,29,0.000633%
H0233,NA,H0233,29,0.000633%
H5006,NA,H5006,29,0.000633%
N1613,NA,N1613,29,0.000633%
H0617,NA,H0617,28,0.000611%
H0950,NA,H0950,28,0.000611%
F263,NA,F263,28,0.000611%
H0066,NA,H0066,27,0.000589%
H0162,NA,H0162,27,0.000589%
H0455,NA,H0455,27,0.000589%
H0910,NA,H0910,27,0.000589%
A233,NA,A233,26,0.000567%
H0015,NA,H0015,26,0.000567%
H0063,NA,H0063,26,0.000567%
H0350,NA,H0350,26,0.000567%
H0357,NA,H0357,26,0.000567%
H0630,NA,H0630,26,0.000567%
H0976,NA,H0976,26,0.000567%
A1,NA,A1,25,0.000545%
H0099,NA,H0099,25,0.000545%
H0655,NA,H0655,25,0.000545%
H2102,NA,H2102,25,0.000545%
RP211,NA,RP211,25,0.000545%
RS333,NA,RS333,25,0.000545%
H2106,NA,H2106,24,0.000524%
K124,NA,K124,24,0.000524%
1732,NA,1732,24,0.000524%
F768,NA,F768,24,0.000524%
H0222,NA,H0222,23,0.000502%
H0741,NA,H0741,23,0.000502%
1612,NA,1612,23,0.000502%
F269,NA,F269,23,0.000502%
N1310,NA,N1310,23,0.000502%
N4925,NA,N4925,23,0.000502%
H0068,NA,H0068,22,0.000480%
H0087,NA,H0087,22,0.000480%
H0244,NA,H0244,22,0.000480%
H0380,NA,H0380,22,0.000480%
H0713,NA,H0713,22,0.000480%
H2029,NA,H2029,22,0.000480%
F215,NA,F215,22,0.000480%
H0183,NA,H0183,21,0.000458%
H0237,NA,H0237,21,0.000458%
H0370,NA,H0370,21,0.000458%
K590,NA,K590,21,0.000458%
6050,NA,6050,21,0.000458%
N1290,NA,N1290,21,0.000458%
N1750,NA,N1750,21,0.000458%
N1790,NA,N1790,21,0.000458%
H0647,NA,H0647,20,0.000436%
H0140,NA,H0140,19,0.000415%
H0314,NA,H0314,19,0.000415%
H0369,NA,H0369,19,0.000415%
H0458,NA,H0458,19,0.000415%
H0462,NA,H0462,19,0.000415%
H0500,NA,H0500,19,0.000415%
H0503,NA,H0503,19,0.000415%
H0511,NA,H0511,19,0.000415%
H0632,NA,H0632,19,0.000415%
H0644,NA,H0644,19,0.000415%
K190,NA,K190,19,0.000415%
RP390,NA,RP390,19,0.000415%
RS227,NA,RS227,19,0.000415%
RS330,NA,RS330,19,0.000415%
F764,NA,F764,19,0.000415%
F844,NA,F844,19,0.000415%
A122,NA,A122,18,0.000393%
H0148,NA,H0148,18,0.000393%
H0227,NA,H0227,18,0.000393%
H0248,NA,H0248,18,0.000393%
H0626,NA,H0626,18,0.000393%
H2042,NA,H2042,18,0.000393%
FPE46,NA,FPE46,18,0.000393%
F440,NA,F440,18,0.000393%
F619,NA,F619,18,0.000393%
F810,NA,F810,18,0.000393%
A310,NA,A310,17,0.000371%
A440,NA,A440,17,0.000371%
H0088,NA,H0088,17,0.000371%
H0223,NA,H0223,17,0.000371%
H0475,NA,H0475,17,0.000371%
H0498,NA,H0498,17,0.000371%
H0714,NA,H0714,17,0.000371%
H2016,NA,H2016,17,0.000371%
H2104,NA,H2104,17,0.000371%
RP321,NA,RP321,17,0.000371%
6053,NA,6053,17,0.000371%
F265,NA,F265,17,0.000371%
F956,NA,F956,17,0.000371%
A322,NA,A322,16,0.000349%
A451,NA,A451,16,0.000349%
H0168,NA,H0168,16,0.000349%
H0359,NA,H0359,16,0.000349%
H0441,NA,H0441,16,0.000349%
H0616,NA,H0616,16,0.000349%
K513,NA,K513,16,0.000349%
RP3,NA,RP3,16,0.000349%
1301,NA,1301,16,0.000349%
F297,NA,F297,16,0.000349%
H0061,NA,H0061,15,0.000327%
H0202,NA,H0202,15,0.000327%
H0224,NA,H0224,15,0.000327%
H0391,NA,H0391,15,0.000327%
K512,NA,K512,15,0.000327%
SPA35,NA,SPA35,15,0.000327%
3601,NA,3601,15,0.000327%
N2821,NA,N2821,15,0.000327%
XX4TA,NA,XX4TA,15,0.000327%
H0228,NA,H0228,14,0.000305%
H0446,NA,H0446,14,0.000305%
N2824,NA,N2824,14,0.000305%
A543,NA,A543,13,0.000284%
F332,NA,F332,13,0.000284%
H0062,NA,H0062,13,0.000284%
H0212,NA,H0212,13,0.000284%
H0344,NA,H0344,13,0.000284%
H2012,NA,H2012,13,0.000284%
K225,NA,K225,13,0.000284%
K390,NA,K390,13,0.000284%
K490,NA,K490,13,0.000284%
F423,NA,F423,13,0.000284%
H0086,NA,H0086,12,0.000262%
H0128,NA,H0128,12,0.000262%
H0270,NA,H0270,12,0.000262%
H0571,NA,H0571,12,0.000262%
H2033,NA,H2033,12,0.000262%
RP730,NA,RP730,12,0.000262%
RS215,NA,RS215,12,0.000262%
RS332,NA,RS332,12,0.000262%
1295P,NA,1295P,12,0.000262%
1312,NA,1312,12,0.000262%
F352,NA,F352,12,0.000262%
H0172,NA,H0172,11,0.000240%
H0460,NA,H0460,11,0.000240%
H0703,NA,H0703,11,0.000240%
H0719,NA,H0719,11,0.000240%
H0912,NA,H0912,11,0.000240%
H2103,NA,H2103,11,0.000240%
3541,NA,3541,11,0.000240%
6009,NA,6009,11,0.000240%
F324,NA,F324,11,0.000240%
H0050,NA,H0050,10,0.000218%
H0613,NA,H0613,10,0.000218%
H2044,NA,H2044,10,0.000218%
S3141,NA,S3141,10,0.000218%
3388P,NA,3388P,10,0.000218%
AA3BI,NA,AA3BI,10,0.000218%
N1299,NA,N1299,10,0.000218%
N4919,NA,N4919,10,0.000218%
H0195,NA,H0195,9,0.000196%
H0215,NA,H0215,9,0.000196%
H0300,NA,H0300,9,0.000196%
H0487,NA,H0487,9,0.000196%
H0516,NA,H0516,9,0.000196%
H2025,NA,H2025,9,0.000196%
H2046,NA,H2046,9,0.000196%
H2048,NA,H2048,9,0.000196%
H2051,NA,H2051,9,0.000196%
RP240,NA,RP240,9,0.000196%
SPA03,NA,SPA03,9,0.000196%
2910,NA,2910,9,0.000196%
F377,NA,F377,9,0.000196%
F420,NA,F420,9,0.000196%
F902,NA,F902,9,0.000196%
N1279,NA,N1279,9,0.000196%
N3534,NA,N3534,9,0.000196%
N3549,NA,N3549,9,0.000196%
H0606,NA,H0606,8,0.000175%
H0615,NA,H0615,8,0.000175%
H0801,NA,H0801,8,0.000175%
K510,NA,K510,8,0.000175%
S3131,NA,S3131,8,0.000175%
4902,NA,4902,8,0.000175%
6065,NA,6065,8,0.000175%
6286,NA,6286,8,0.000175%
F357,NA,F357,8,0.000175%
N1280,NA,N1280,8,0.000175%
N1288,NA,N1288,8,0.000175%
A323,NA,A323,7,0.000153%
F200,NA,F200,7,0.000153%
H0053,NA,H0053,7,0.000153%
H0315,NA,H0315,7,0.000153%
H0342,NA,H0342,7,0.000153%
H0744,NA,H0744,7,0.000153%
H0908,NA,H0908,7,0.000153%
H2010,NA,H2010,7,0.000153%
RP2,NA,RP2,7,0.000153%
RP720,NA,RP720,7,0.000153%
RS214,NA,RS214,7,0.000153%
S3120,NA,S3120,7,0.000153%
4934,NA,4934,7,0.000153%
AA3CI,NA,AA3CI,7,0.000153%
F761,NA,F761,7,0.000153%
F803,NA,F803,7,0.000153%
N1312,NA,N1312,7,0.000153%
A390,NA,A390,6,0.000131%
H0013,NA,H0013,6,0.000131%
H0089,NA,H0089,6,0.000131%
H0241,NA,H0241,6,0.000131%
H0326,NA,H0326,6,0.000131%
H0390,NA,H0390,6,0.000131%
H0496,NA,H0496,6,0.000131%
H0556,NA,H0556,6,0.000131%
S3121,NA,S3121,6,0.000131%
SJC70,NA,SJC70,6,0.000131%
1609,NA,1609,6,0.000131%
20110,NA,20110,6,0.000131%
2671,NA,2671,6,0.000131%
6008,NA,6008,6,0.000131%
6282,NA,6282,6,0.000131%
6291,NA,6291,6,0.000131%
F1011,NA,F1011,6,0.000131%
F291,NA,F291,6,0.000131%
F294,NA,F294,6,0.000131%
F762,NA,F762,6,0.000131%
N1732,NA,N1732,6,0.000131%
N3387,NA,N3387,6,0.000131%
N3541,NA,N3541,6,0.000131%
N3551,NA,N3551,6,0.000131%
A3,NA,A3,5,0.000109%
H0119,NA,H0119,5,0.000109%
H0145,NA,H0145,5,0.000109%
H0177,NA,H0177,5,0.000109%
H0185,NA,H0185,5,0.000109%
H0337,NA,H0337,5,0.000109%
H0970,NA,H0970,5,0.000109%
H2015,NA,H2015,5,0.000109%
L01BA,NA,L01BA,5,0.000109%
RP8,NA,RP8,5,0.000109%
SPF51,NA,SPF51,5,0.000109%
1191,NA,1191,5,0.000109%
3542R,NA,3542R,5,0.000109%
3546,NA,3546,5,0.000109%
6288P,NA,6288P,5,0.000109%
F354,NA,F354,5,0.000109%
N1301,NA,N1301,5,0.000109%
N1612,NA,N1612,5,0.000109%
N4911,NA,N4911,5,0.000109%
N4927,NA,N4927,5,0.000109%
PD5ZT,NA,PD5ZT,5,0.000109%
A490,NA,A490,4,0.000087%
A540,NA,A540,4,0.000087%
H0019,NA,H0019,4,0.000087%
H0039,NA,H0039,4,0.000087%
H0058,NA,H0058,4,0.000087%
H0136,NA,H0136,4,0.000087%
H0165,NA,H0165,4,0.000087%
H0171,NA,H0171,4,0.000087%
H0258,NA,H0258,4,0.000087%
H0464,NA,H0464,4,0.000087%
H0551,NA,H0551,4,0.000087%
H0575,NA,H0575,4,0.000087%
H2009,NA,H2009,4,0.000087%
H2014,NA,H2014,4,0.000087%
K511,NA,K511,4,0.000087%
RP350,NA,RP350,4,0.000087%
S3150,NA,S3150,4,0.000087%
SPA70,NA,SPA70,4,0.000087%
SPF70,NA,SPF70,4,0.000087%
KGO99,NA,KGO99,4,0.000087%
LEO99,NA,LEO99,4,0.000087%
3543,NA,3543,4,0.000087%
F216,NA,F216,4,0.000087%
F356,NA,F356,4,0.000087%
F706,NA,F706,4,0.000087%
F815,NA,F815,4,0.000087%
F903,NA,F903,4,0.000087%
F937,NA,F937,4,0.000087%
XX1NW,NA,XX1NW,4,0.000087%
A2,NA,A2,3,0.000065%
A520,NA,A520,3,0.000065%
A590,NA,A590,3,0.000065%
BE10B,NA,BE10B,3,0.000065%
F314,NA,F314,3,0.000065%
H0109,NA,H0109,3,0.000065%
H0163,NA,H0163,3,0.000065%
H0311,NA,H0311,3,0.000065%
H0412,NA,H0412,3,0.000065%
H0467,NA,H0467,3,0.000065%
H0555,NA,H0555,3,0.000065%
H0598,NA,H0598,3,0.000065%
H0612,NA,H0612,3,0.000065%
H0623,NA,H0623,3,0.000065%
H0907,NA,H0907,3,0.000065%
H2019,NA,H2019,3,0.000065%
H2031,NA,H2031,3,0.000065%
H2049,NA,H2049,3,0.000065%
H5008,NA,H5008,3,0.000065%
H5013,NA,H5013,3,0.000065%
K5,NA,K5,3,0.000065%
RP127,NA,RP127,3,0.000065%
RP610,NA,RP610,3,0.000065%
S3140,NA,S3140,3,0.000065%
TutkT,NA,TutkT,3,0.000065%
6293,NA,6293,3,0.000065%
F268,NA,F268,3,0.000065%
F417,NA,F417,3,0.000065%
F781,NA,F781,3,0.000065%
F784,NA,F784,3,0.000065%
F812,NA,F812,3,0.000065%
F814,NA,F814,3,0.000065%
F934,NA,F934,3,0.000065%
N1614,NA,N1614,3,0.000065%
N1786,NA,N1786,3,0.000065%
N3392,NA,N3392,3,0.000065%
N3532,NA,N3532,3,0.000065%
N3548,NA,N3548,3,0.000065%
N3550,NA,N3550,3,0.000065%
N4900,NA,N4900,3,0.000065%
XCW36,NA,XCW36,3,0.000065%
103,NA,103,2,0.000044%
A4,NA,A4,2,0.000044%
A521,NA,A521,2,0.000044%
AC00C,NA,AC00C,2,0.000044%
F120,NA,F120,2,0.000044%
F130,NA,F130,2,0.000044%
F252,NA,F252,2,0.000044%
F313,NA,F313,2,0.000044%
H0036,NA,H0036,2,0.000044%
H0078,NA,H0078,2,0.000044%
H0154,NA,H0154,2,0.000044%
H0217,NA,H0217,2,0.000044%
H0246,NA,H0246,2,0.000044%
H0306,NA,H0306,2,0.000044%
H0317,NA,H0317,2,0.000044%
H0333,NA,H0333,2,0.000044%
H0341,NA,H0341,2,0.000044%
H0346,NA,H0346,2,0.000044%
H0438,NA,H0438,2,0.000044%
H0480,NA,H0480,2,0.000044%
H0490,NA,H0490,2,0.000044%
H0501,NA,H0501,2,0.000044%
H0507,NA,H0507,2,0.000044%
H0513,NA,H0513,2,0.000044%
H0533,NA,H0533,2,0.000044%
H0576,NA,H0576,2,0.000044%
H0614,NA,H0614,2,0.000044%
H0709,NA,H0709,2,0.000044%
H0743,NA,H0743,2,0.000044%
H0964,NA,H0964,2,0.000044%
H2011,NA,H2011,2,0.000044%
H2032,NA,H2032,2,0.000044%
H5003,NA,H5003,2,0.000044%
K610,NA,K610,2,0.000044%
L01XC,NA,L01XC,2,0.000044%
RS423,NA,RS423,2,0.000044%
S3111,NA,S3111,2,0.000044%
S3143,NA,S3143,2,0.000044%
S3151,NA,S3151,2,0.000044%
SJC60,NA,SJC60,2,0.000044%
SPA04,NA,SPA04,2,0.000044%
TutkW,NA,TutkW,2,0.000044%
X730,NA,X730,2,0.000044%
ZX196,NA,ZX196,2,0.000044%
ZX197,NA,ZX197,2,0.000044%
4129,NA,4129,2,0.000044%
4904,NA,4904,2,0.000044%
F1000,NA,F1000,2,0.000044%
F234,NA,F234,2,0.000044%
F239,NA,F239,2,0.000044%
F287,NA,F287,2,0.000044%
F358,NA,F358,2,0.000044%
F426,NA,F426,2,0.000044%
F615,NA,F615,2,0.000044%
F693,NA,F693,2,0.000044%
F724,NA,F724,2,0.000044%
F765,NA,F765,2,0.000044%
F847,NA,F847,2,0.000044%
F867,NA,F867,2,0.000044%
F881,NA,F881,2,0.000044%
F911,NA,F911,2,0.000044%
F960,NA,F960,2,0.000044%
N1609,NA,N1609,2,0.000044%
N3540,NA,N3540,2,0.000044%
N3543,NA,N3543,2,0.000044%
N4902,NA,N4902,2,0.000044%
N4926,NA,N4926,2,0.000044%
XX7ET,NA,XX7ET,2,0.000044%
XX8AW,NA,XX8AW,2,0.000044%
101,NA,101,1,0.000022%
AC00B,NA,AC00B,1,0.000022%
BC00A,NA,BC00A,1,0.000022%
E110,NA,E110,1,0.000022%
F114,NA,F114,1,0.000022%
F129,NA,F129,1,0.000022%
F140,NA,F140,1,0.000022%
F143,NA,F143,1,0.000022%
F149,NA,F149,1,0.000022%
F219,NA,F219,1,0.000022%
F229,NA,F229,1,0.000022%
F230,NA,F230,1,0.000022%
F250,NA,F250,1,0.000022%
F315,NA,F315,1,0.000022%
F430,NA,F430,1,0.000022%
F510,NA,F510,1,0.000022%
F600,NA,F600,1,0.000022%
F610,NA,F610,1,0.000022%
H0010,NA,H0010,1,0.000022%
H0024,NA,H0024,1,0.000022%
H0064,NA,H0064,1,0.000022%
H0134,NA,H0134,1,0.000022%
H0143,NA,H0143,1,0.000022%
H0167,NA,H0167,1,0.000022%
H0170,NA,H0170,1,0.000022%
H0219,NA,H0219,1,0.000022%
H0245,NA,H0245,1,0.000022%
H0247,NA,H0247,1,0.000022%
H0302,NA,H0302,1,0.000022%
H0307,NA,H0307,1,0.000022%
H0310,NA,H0310,1,0.000022%
H0329,NA,H0329,1,0.000022%
H0345,NA,H0345,1,0.000022%
H0364,NA,H0364,1,0.000022%
H0365,NA,H0365,1,0.000022%
H0371,NA,H0371,1,0.000022%
H0373,NA,H0373,1,0.000022%
H0436,NA,H0436,1,0.000022%
H0447,NA,H0447,1,0.000022%
H0470,NA,H0470,1,0.000022%
H0492,NA,H0492,1,0.000022%
H0515,NA,H0515,1,0.000022%
H0522,NA,H0522,1,0.000022%
H0568,NA,H0568,1,0.000022%
H0619,NA,H0619,1,0.000022%
H0620,NA,H0620,1,0.000022%
H0641,NA,H0641,1,0.000022%
H0642,NA,H0642,1,0.000022%
H0643,NA,H0643,1,0.000022%
H0661,NA,H0661,1,0.000022%
H0705,NA,H0705,1,0.000022%
H0711,NA,H0711,1,0.000022%
H0724,NA,H0724,1,0.000022%
H0807,NA,H0807,1,0.000022%
H0903,NA,H0903,1,0.000022%
H0913,NA,H0913,1,0.000022%
H0948,NA,H0948,1,0.000022%
H2020,NA,H2020,1,0.000022%
H2036,NA,H2036,1,0.000022%
H2050,NA,H2050,1,0.000022%
K623,NA,K623,1,0.000022%
K960,NA,K960,1,0.000022%
PH07,NA,PH07,1,0.000022%
PH07W,NA,PH07W,1,0.000022%
PH15T,NA,PH15T,1,0.000022%
RP250,NA,RP250,1,0.000022%
RP630,NA,RP630,1,0.000022%
RP930,NA,RP930,1,0.000022%
S3110,NA,S3110,1,0.000022%
S3123,NA,S3123,1,0.000022%
S3142,NA,S3142,1,0.000022%
S3160,NA,S3160,1,0.000022%
UEN02,NA,UEN02,1,0.000022%
utk,NA,utk,1,0.000022%
X722,NA,X722,1,0.000022%
X7308,NA,X7308,1,0.000022%
XX3NW,NA,XX3NW,1,0.000022%
JFB 5,NA,JFB 5,1,0.000022%
KCW99,NA,KCW99,1,0.000022%
LAD02,NA,LAD02,1,0.000022%
WX4 -,NA,WX4 -,1,0.000022%
10030,NA,10030,1,0.000022%
1306,NA,1306,1,0.000022%
1307P,NA,1307P,1,0.000022%
3532,NA,3532,1,0.000022%
3542P,NA,3542P,1,0.000022%
3543P,NA,3543P,1,0.000022%
4911,NA,4911,1,0.000022%
CDROM,NA,CDROM,1,0.000022%
F247,NA,F247,1,0.000022%
F253,NA,F253,1,0.000022%
F256,NA,F256,1,0.000022%
F286,NA,F286,1,0.000022%
F298,NA,F298,1,0.000022%
F299,NA,F299,1,0.000022%
F312,NA,F312,1,0.000022%
F428,NA,F428,1,0.000022%
F502,NA,F502,1,0.000022%
F704,NA,F704,1,0.000022%
F787,NA,F787,1,0.000022%
F811,NA,F811,1,0.000022%
F880,NA,F880,1,0.000022%
F958,NA,F958,1,0.000022%
KH1XD,NA,KH1XD,1,0.000022%
LV1MR,NA,LV1MR,1,0.000022%
LV2MR,NA,LV2MR,1,0.000022%
N1297,NA,N1297,1,0.000022%
N1308,NA,N1308,1,0.000022%
N3533,NA,N3533,1,0.000022%
XX4YA,NA,XX4YA,1,0.000022%
YA1VD,NA,YA1VD,1,0.000022%
ZXH13,NA,ZXH13,1,0.000022%
ZXH15,NA,ZXH15,1,0.000022%
