code,code_abr,freq_tays,freq_total
1552,B -Hb,1741785,1741785
1358,B -HKR,1663347,1663347
2218,B -Leuk,1657599,1657599
2791,B -Trom,1651179,1651179
1341,B -Eryt,1649448,1649448
1558,E -MCH,1649442,1649442
1357,E -MCV,1649441,1649441
4594,P -CRP,1193756,1193756
1999,P -K,1174098,1174098
3622,P -Na,1149201,1149201
2142,P -Krea,875343,875343
1024,P -ALAT,599385,599385
4587,P -AFOS,536407,536407
1471,P -Gluk,534051,534051
2225,B -Diffi,474531,474531
4358,-MRSAVi,471586,471586
4600,P -Krea,396793,396793
6354,Pt-GFRe,387418,387418
5097,S -Ca(akt),379783,379783
5098,S -pH(akt),379783,379783
4520,P -TT-INR,369603,369603
3238,B -Neut,352803,352803
4592,P -Bil,308245,308245
1270,Pt-EKG-12,272233,272233
103,B -pH,261365,261365
106,P -HCO3,261365,261365
105,B -BE,260540,260540
104,B -pCO2,260540,260540
107,B -pO2,260540,260540
98,NLAATU,260540,260540
40,B -Baso,235899,235899
39,B -Eos,235899,235899
43,B -Lymf,235899,235899
42,B -Monos,235899,235899
692,L -Baso,235899,235899
674,L -Blastit,235899,235899
690,L -Eos,235899,235899
46,L -Lymf,235899,235899
677,L -Metamye,235899,235899
693,L -Monos,235899,235899
676,L -Myelos,235899,235899
675,L -Promyel,235899,235899
38,B -Liuskat,231947,231947
679,L -Liuskat,231947,231947
678,L -Sauvat,231947,231947
5099,S -Ca(7.4),220990,220990
2019,S -Ca-Ion,211537,211537
1557,E -MCHC,205469,205469
1153,B -BaktVi,203478,203478
9837,aB-VeIon10,176338,176338
360,U -TutkEsi,167886,167886
73,OTTOTAPA,166921,166921
91,RAKKOAIKA,166921,166921
562,B -Temp,166751,166751
1155,U -BaktVi,165691,165691
4532,P -TnT,159156,159156
1881,U -KemSeul,155494,155494
1122,U -Keto-O,154504,154504
1030,U -Alb-O,154490,154490
1345,U -Eryt-O,154490,154490
1479,U -Gluk-O,154490,154490
2223,U -Leuk-O,154490,154490
3094,U -Nitr-O,154490,154490
108,aB-O2Hb,152675,152675
1530,U -pH,150787,150787
2203,B -La,149349,149349
2953,P -VRAb-O,142785,142785
99997,MÄÄRITTÄJÄ,141604,141604
99987,MÄÄRITYSPV,141604,141604
29530,P -VRAb-O,141604,141604
5148,B -VeriToi,141093,141093
51482,NÄYTENRO,141093,141093
51483,SÄDETYSTIE,141093,141093
51484,TuotABORh,141093,141093
51480,TUOTEKOODI,141093,141093
51485,TuotFENOT,141093,141093
51481,TuYKSNRO,141093,141093
2184,fP-Laktaat,141028,141028
4601,P -Mg,129552,129552
V9991,PUNASTIL,128700,128700
9247,aB-VeIoni8,123089,123089
4586,P -Alb,120252,120252
2935,B -XKoe,115029,115029
5138,E -ABO/XKo,115002,115002
4597,P -GT,113344,113344
4573,fP-Urea,106293,106293
1431,fP-Pi,103737,103737
15349,TOIMPUN,92765,92765
290,U -Bakt,90423,90423
1940,U -Solut,87367,87367
292,U -OsmEst,86858,86858
15347,P -VRAb-O,78693,78693
980,U -Epit,76245,76245
11344,U -Eryt,76245,76245
2221,U -Leuk,76245,76245
981,U -Lier,76245,76245
2080,P -Cl,75675,75675
4831,P -TSH,70300,70300
3648,cB-VeKaas,67198,67198
563,B-tHKR,66494,66494
4591,P -ASAT,63522,63522
15302,PSVS,61106,61106
15343,E -ABO/XKo,60664,60664
4869,P -PSA,59707,59707
4514,fP-Ca,59405,59405
4832,P -T4-V,58603,58603
2783,P -APTT,55299,55299
4526,P -LD,54335,54335
4589,P -Amyl,53133,53133
1468,fP-Gluk,50858,50858
4517,P -CK,48190,48190
4856,P -Angap,47402,47402
4054,Ts-PAD-1,46477,46477
2581,B -Retik,45921,45921
2582,E -Retik,44095,44095
25810,B -Retik,44091,44091
9200,B -RetInd,44091,44091
9526,Pt-EKG-Oma,43608,43608
4568,fP-Trigly,40221,40221
2951,E -ABORh,40203,40203
5152,-Sädetys,40190,40190
6128,B -HbA1c,39858,39858
1676,S -IgG,38668,38668
29510,E -ABO-Rh,38603,38603
99998,MÄÄRITTÄJÄ,38603,38603
99988,MÄÄRITYSPV,38603,38603
99995,TARKASTAJA,38603,38603
15344,-Sädetys,37854,37854
3777,U -BaktJVi,36860,36860
4056,Ts-PAD-3,35379,35379
4515,fP-Kol,35288,35288
15339,TOIMTRO,34323,34323
2034,S -CEA,31118,31118
4516,fP-Kol-HDL,31035,31035
21841,aB-Laktaat,30581,30581
4599,fP-Kol-LDL,30457,30457
4191,Ts-PAD-IH,30059,30059
4760,P -proBNP,30027,30027
4507,P -KysC,29299,29299
15303,PSVSS,29232,29232
15319,TRVSS4,29141,29141
4826,P -Ferrit,28562,28562
1666,S -IgA,28094,28094
3576,P -TT-SPA,27238,27238
1688,S -IgM,27033,27033
2516,S -Prot,25973,25973
4720,P -TfR,25555,25555
3414,S -CA12-5,25136,25136
3491,Pu-BaktVi1,24421,24421
V9995,TROMBTIL,23758,23758
4533,P -Uraat,23134,23134
15346,E -ABORh,23061,23061
8261,-BaktVr,22977,22977
5289,B -VerTyö,22940,22940
52892,KOETULOS,22940,22940
52890,TUOTEKOODI,22940,22940
52891,TuYKSNRO,22940,22940
19978,B -EryBla,22872,22872
19976,E -RDW,22871,22871
4900,P -PSA-V,22011,22011
4868,P -PSA-SUH,22009,22009
4560,fP-PTH,20723,20723
1560,B -Hb-A1C,20444,20444
4598,P -Ca,20199,20199
2813,-TbVr,20050,20050
15342,B -VerTyö,19761,19761
15338,TOIMJPL,19116,19116
3647,aB-VeKaas,19038,19038
15353,OCTAPLAS,18526,18526
4194,Ts-PAD-4,17776,17776
4529,fP-Fe,17478,17478
2145,U -Krea,17415,17415
1137,S -B12-Vit,17117,17117
9319,S -K/L-s-V,16902,16902
4950,S -IgLcL-V,16899,16899
4966,S -IgLcK-V,16875,16875
4949,S -IgLc-V,16864,16864
1731,P -TT,16226,16226
2129,S -Korsol,15914,15914
4567,fP-Transf,15900,15900
4093,B -BaktJVi,15343,15343
4618,P -Prealb,15135,15135
2269,Bm-MGGFe,15034,15034
3492,Pu-BaktVi2,14883,14883
9906,fP-TrFeSat,14631,14631
1344,U -Eryt,14284,14284
304,U -Gran,14178,14178
318,U -HyaLier,14178,14178
291,U -LevyEp,14178,14178
320,U -Sakkaa,14178,14178
1414,fE-Folaat,13852,13852
1413,fB-Folaat,13812,13812
14140,fE-Folaat,13812,13812
3606,B -CyA,13811,13811
9009,-PreA,13575,13575
3412,S -CA19-9,13451,13451
4043,Ts-PADGast,13364,13364
3815,S -HCVAb,13266,13266
4764,Ts-PADColo,13010,13010
1605,S -HBsAg,12843,12843
109,vB-O2Hb,12437,12437
4814,S -HIVAgAb,12262,12262
9644,P -T3-V,12073,12073
2522,S -Prot-Fr,12002,12002
4437,-TbEVi,11923,11923
110,B-tHb,11563,11563
1029,U -Alb,11361,11361
208,dU-Tilav,11341,11341
4777,P -CMVNh,11217,11217
4113,P -FiDD,11047,11047
4511,U -AlbKre,11042,11042
9522,U -AlbKre,11005,11005
2346,S -MTX,10920,10920
2519,U -Prot,10907,10907
319,U -MuuLier,10613,10613
317,U -PienEp,10613,10613
2819,S -ANA,10298,10298
9249,vB-VeIoni9,9964,9964
2655,Li-Solut,9850,9850
665,Li-Eryt,9732,9732
666,Li-Leuk,9732,9732
668,Li-Lymf+Mo,9732,9732
5069,Li-Muut,9732,9732
667,Li-Neut+Eo,9732,9732
4078,U -Syto-1,9535,9535
15000,S -vara,9061,9061
4044,Pt-Papa-1,8896,8896
2122,S -hCG,8852,8852
4051,Ts-PADpika,8553,8553
9953,U -MRSAVi,8348,8348
9838,vB-VeIon11,8261,8261
1071,fP-NH4-ion,8215,8215
4027,Ex-TbVi,8108,8108
1040,S -AFP,8004,8004
9952,cB-VeIon,7915,7915
4061,Bm-PAD,7750,7750
2289,S -LZM,7734,7734
3990,Ts-FNAB,7622,7622
3015,E -Coomb-O,7532,7532
V9996,JPLTIL,7495,7495
1220,P -D-25,7319,7319
2828,S -Tygl,7306,7306
1941,U -Diffi,7172,7172
3277,S -VAN,7076,7076
1399,P -Fibr,7065,7065
2632,-SienVr,7025,7025
25190,U -Prot,7013,7013
25130,dU-Prot,6943,6943
3442,F -BaktVi1,6803,6803
4160,S -Pr3Ab,6724,6724
2735,S -Testo,6678,6678
3401,S -ImmFix,6676,6676
1171,S -B2Miglo,6618,6618
4148,S -MPOAb,6586,6586
2275,B -LyDiff,6540,6540
15001,Li-vara,6475,6475
1103,P -AT3,6369,6369
3612,S -ANCA,6329,6329
826,-BaktVr,6317,6317
T030,TietLäh,6294,6294
9321,S -ANAt-Ab,6282,6282
9320,S -ANCA-F,6282,6282
9317,S -C-ANCA,6282,6282
9318,S -P-ANCA,6282,6282
6149,Ug-PAD-4,6234,6234
4037,As-Syto,6221,6221
3814,P -HepaLMW,6144,6144
3494,F -CldiVi,6142,6142
3162,F -CldiTox,5983,5983
1606,S -HBcAb,5981,5981
1885,S -tTGAbA,5978,5978
4040,Bf-Syto,5948,5948
1154,Li-BaktVi,5943,5943
4360,B -Tacro,5922,5922
5092,Bm-HemMark,5899,5899
20956,-RVirNhO,5838,5838
3828,P -AntiFXa,5832,5832
1092,S -ACE,5753,5753
24897,-AdenNho,5733,5733
6062,-BokaNhO,5733,5733
6203,-hMPVNhO,5733,5733
24896,-InfANhO,5733,5733
6194,-InfBNhO,5733,5733
6204,-KoroNhO,5733,5733
1917,-PicoNhO,5733,5733
6198,-RSVNhO,5733,5733
26199,-PinfNhO,5728,5728
6401,P -D-25,5708,5708
6363,P -CEA,5658,5658
3493,Ex-BaktVi,5605,5605
3434,S -NSE,5595,5595
2514,Li-Prot,5551,5551
6141,F -CldTNhO,5538,5538
6141,F -CldTNhO,5538,5538
209,cU-AlkuKlo,5488,5488
212,cU-AlkuPvm,5488,5488
210,cU-LoppKlo,5488,5488
215,cU-LoppPvm,5488,5488
211,cU-Kesto,5474,5474
207,cU-Tilav,5474,5474
895,Ex-BaktVr,5453,5453
4803,F -Calpro,5446,5446
4803,F -Calpro,5446,5446
3587,S -CA15-3,5384,5384
9948,aB-VeIon,5249,5249
2507,S -PRL,5222,5222
3508,Pu-SienVi,5152,5152
3813,F -hHb-O,5038,5038
3550,S -RF,4933,4933
1673,S -IgE,4932,4932
5236,Bm-FISH,4848,4848
2575,Ts-Res,4619,4619
11029,U -Alb,4618,4618
35570,cU-Alb,4534,4534
15345,E -Coomb-O,4529,4529
1422,S -FSH,4485,4485
2955,S -VRAbTu1,4465,4465
11108,cB-O2Hb,4441,4441
11111,cB-tO2c,4441,4441
2829,S -TyglAb,4425,4425
V9990,AVOVERIVAR,4405,4405
15318,TRVS4,4351,4351
2107,S -C4,4262,4262
2106,S -C3,4259,4259
3642,S -PSA,4161,4161
4942,S -TrpaAb,4123,4123
15341,AVOVERIVAR,4113,4113
4763,Ts-PADPros,4054,4054
6362,P -T3-V,4044,4044
4593,P -Bil-Kj,4003,4003
2727,S -CMVAb,3968,3968
689,B -Neut,3952,3952
688,L -Neut,3952,3952
4753,Ca-BaktVi,3943,3943
2265,S -LH,3927,3927
4168,S -CMVAbG,3905,3905
4169,S -CMVAbM,3904,3904
1773,P -PCT,3892,3892
4050,Pt-KonsulP,3855,3855
4775,P -EBVNh,3788,3788
2186,Li-Laktaat,3765,3765
1330,B -Eos,3749,3749
205,dU-Tilavu,3736,3736
6384,P -Ca-Albk,3724,3724
63840,P -Ca-Albk,3721,3721
1271,Pt-EKG-15,3696,3696
1190,Li-Blastit,3690,3690
265,Näytt.otto,3660,3660
4602,P -Myogl,3601,3601
2152,Bm-Kromos,3588,3588
331,U -EryLier,3565,3565
332,U -GraLier,3565,3565
329,U -JyvLier,3565,3565
338,U -Kiteet,3565,3565
336,U -Lima,3565,3565
327,U -Lymf,3565,3565
328,U -Makrof,3565,3565
330,U -TubLier,3565,3565
326,U -TubulEp,3565,3565
335,U -VahLier,3565,3565
325,U -VälimEp,3565,3565
6366,P -CA19-9,3528,3528
21842,cB-Laktaat,3462,3462
9634,Bm-GenEsik,3450,3450
1261,S -DNAnAb,3444,3444
19833,U -IgLcL,3444,3444
19832,U -IgLcK,3439,3439
12610,S -DNAnAb.,3432,3432
12611,S -DNAnIF,3432,3432
98320,dU-IgLcK,3429,3429
98330,dU-IgLcL,3429,3429
9240,B -VeIoni1,3380,3380
6147,Gi-PAD-4,3346,3346
9628,Bm-Vi,3345,3345
5287,B -VeriPal,3327,3327
52873,LaskOS,3327,3327
52870,TUOTEKOODI,3327,3327
52872,TuoteKÄYT,3327,3327
52871,TuYKSNRO,3327,3327
112,vB-tO2c,3325,3325
5057,Pt-Paino,3305,3305
4184,Sk-PADIhot,3288,3288
2443,S -Osmol,3273,3273
2146,Pt-Krea-Cl,3263,3263
3022,S -ENAAb,3260,3260
21460,Pt-Krea-Cl,3250,3250
5048,Pt-Pituus,3250,3250
5070,U -Aika,3250,3250
21300,U -Tilav,3250,3250
1860,-HSVNhO,3189,3189
1079,Se-Amyl,3132,3132
4744,S -CCPAb,3127,3127
2812,-TbVi,3042,3042
6146,Br-PAD-4,3041,3041
1366,S -E2,3028,3028
4390,S -EMAbA,2997,2997
4076,Pf-Syto,2996,2996
2703,Ps-StrVi,2975,2975
111,aB-tO2c,2964,2964
15132,U -A1Miglo,2919,2919
2832,S -TSH,2897,2897
1335,S -EBVAb,2891,2891
51300,cU-A1Miglo,2884,2884
2520,dU-Prot-Fr,2868,2868
1470,Li-Gluk,2862,2862
4439,-MypnNhO,2859,2859
1336,S -EBVAbG,2856,2856
1337,S -EBVAbM,2856,2856
4113,P -FIDD,2851,2851
9877,-RBaktNhO,2840,2840
151,P -Bil-L,2818,2818
4384,-ChpnNhO,2811,2811
2128,P -Korsol,2801,2801
4345,-BopeNhO,2796,2796
24345,-BoppNhO,2790,2790
4428,-LepnNhO,2790,2790
4765,Ln-PADSent,2782,2782
1545,S -Haptog,2777,2777
1718,F -Elast1,2743,2743
1097,P -FVIII,2737,2737
11676,S -IgG,2727,2727
4101,S -CDT,2681,2681
9686,S -HE4,2674,2674
6274,Ts-PAD-PNB,2648,2648
1020,P -ACTH,2622,2622
9285,Ly-CD16/56,2578,2578
11052,Ly-CD19,2578,2578
9283,Ly-CD3,2578,2578
9287,Ly-CD4,2578,2578
9270,Ly-CD4/CD8,2578,2578
9289,Ly-CD8,2578,2578
6041,fP-CgA,2571,2571
5194,B -SC,2570,2570
9286,B -CD16/56,2569,2569
11053,B -CD19,2569,2569
9284,B -CD3,2569,2569
9288,B -CD4,2569,2569
9290,B -CD8,2569,2569
9250,B -VeIoni2,2561,2561
3607,S -PLAb,2537,2537
1713,S -B2GPAbG,2526,2526
3609,S -KardAbG,2520,2520
2836,S -T4-V,2504,2504
1092,fS-ACE,2476,2476
3403,dU-ImmFix,2470,2470
99996,MÄÄRITTÄJÄ,2452,2452
99986,MÄÄRITYSPV,2452,2452
29550,S -VRAbTu,2452,2452
29551,S -VRAbTu,2452,2452
29552,S -VRAbTu,2452,2452
29553,S -VRAbTu,2452,2452
29554,S -VRAbTu,2452,2452
29555,S -VRAbTu,2452,2452
29556,S -VRAbTu,2452,2452
29557,S -VRAbTu,2452,2452
29558,S -VRAbTu,2452,2452
29559,S -VRAbTu,2452,2452
99993,TARKASTAJA,2452,2452
4896,-InfANhO,2444,2444
3664,Pf-Diffi,2408,2408
2657,Pf-Solut,2401,2401
4055,Ts-PAD-2,2377,2377
164,Pf-Eos,2373,2373
163,Pf-Gran,2373,2373
162,Pf-Lymf,2373,2373
288,Pf-MuutSol,2373,2373
6364,P -CA12-5,2366,2366
1256,S -Digoks,2365,2365
3355,P -Vuotot,2356,2356
49410,-HinNhO,2344,2344
49411,-StpnNhO,2344,2344
1395,S -Ferrit,2312,2312
9216,vB-VeIoni3,2294,2294
4064,Lr-PAD,2269,2269
1142,S -B12-TC2,2257,2257
3129,Sy-Diffi,2197,2197
2658,Sy-Solut,2194,2194
4712,U -ProKre,2175,2175
34166,B -SC-Vi,2174,2174
9635,Bm-DNAex,2174,2174
9605,U -ProKre,2173,2173
272,Sy-Gran,2170,2170
283,Sy-Lymf,2170,2170
284,Sy-MuutSol,2170,2170
97010,BIOPDNA,2168,2168
97001,BIOPPLASMA,2168,2168
97002,BIOPSEERUM,2167,2167
2515,Pf-Prot,2147,2147
34161,B -BFU-E,2132,2132
34162,B -CFU-GM,2132,2132
34163,CFU-GM/kg,2132,2132
34164,Pt-Paino,2132,2132
9749,B -DNAmut,2129,2129
3654,S -TymidK,2118,2118
2991,S -ADA,2100,2100
2634,S -SiliAb,2099,2099
4524,P -CK-MB,2092,2092
4490,-TbNhO,2087,2087
3509,Sk-SienVi,2081,2081
4192,Ts-PAD-ISH,2062,2062
9364,P -MB/CK,2058,2058
4807,-ChtrNhO,2028,2028
9115,S -IgG-sum,2008,2008
9893,Ly-CD4-8-,1978,1978
9894,Ly-CD4+8+,1978,1978
9218,vB-VKA-O2S,1978,1978
2357,S -MitoAb,1956,1956
11057,B -Lymf1,1947,1947
11058,B -Lymf2,1947,1947
11059,Lymf1/Lym2,1947,1947
3745,Bm-HemaFc,1943,1943
2444,U -Osmol,1922,1922
6301,Ts-PADCNS,1913,1913
2055,Sy-Kide-O,1910,1910
2955,P -VRAbTu1,1908,1908
1738,-CtNgNhO,1905,1905
1714,S -B2GPAbM,1897,1897
4305,S -EtOH,1897,1897
3610,S -KardAbM,1897,1897
20110,dU-Ca,1882,1882
20160,U -Ca,1882,1882
1723,-GcNhO,1869,1869
3253,S -IGF1,1867,1867
2166,Ly-HLA,1846,1846
2579,-RvirAg,1841,1841
4504,fS-CgA,1841,1841
9205,L -MNS,1841,1841
3346,S -HAVAb,1837,1837
4619,S -S100,1810,1810
2386,U -Na,1810,1810
5091,B -HemMark,1809,1809
2967,S -VirAb,1806,1806
4049,Ln-PAD,1798,1798
455,-AdenAg,1774,1774
456,-InfAAg.,1774,1774
457,-InfBAg,1774,1774
458,-Pin1Ag,1774,1774
459,-Pin2Ag,1774,1774
460,-Pin3Ag,1774,1774
9448,-RSVAg,1774,1774
9636,Ts-DNAex,1774,1774
91003,Vi,1773,1773
4438,B -TbEVi,1730,1730
20787,-InfvNhO,1722,1722
9601,B -GenEsik,1716,1716
3053,-Syto,1649,1649
2193,Pf-LD,1594,1594
3552,S -BorrAb,1594,1594
5286,B -Vi,1565,1565
10787,-InfvNhO,1562,1562
14520,P -TTINRSP,1558,1558
1788,-VREVi,1550,1550
1472,Pf-Gluk,1540,1540
4525,P -CK-MBm,1536,1536
4032,P -vWFRCo,1534,1534
4095,S -BorrAbG,1534,1534
4096,S -BorrAbM,1534,1534
92500,-GenErik,1533,1533
11061,S -ANCA.,1521,1521
4059,Li-Syto,1512,1512
9264,Vieri-INR,1511,1511
4254,S -PSA-V,1509,1509
5283,S -PSA-SUH,1507,1507
5283,S -PSA-SUH,1507,1507
5331,Tu-Kromos,1494,1494
4965,S -TSHRAb,1471,1471
2643,B -Morfo,1470,1470
1225,Pt-DXM-R1,1457,1457
92100,-KemErik,1450,1450
4332,Pd-Diffi,1443,1443
1416,fS-Folaat,1434,1434
1220,S -D-25,1432,1432
21843,vB-Laktaat,1432,1432
5345,Pf-pH,1430,1430
4355,Pd-Solut,1423,1423
4047,Sk-PAD-IF,1419,1419
2506,P -FVII,1415,1415
4551,B -KromHem,1398,1398
2500,P -FV,1394,1394
4411,P -FXIII,1386,1386
9650,P -TPOAb,1366,1366
4746,-InfABAg,1360,1360
1101,S -AST,1350,1350
4206,U -ChtrNhO,1348,1348
26194,-InfBNhO,1343,1343
2704,P -FX,1340,1340
556,B -SC,1336,1336
557,L -SC,1336,1336
2542,P -FII,1334,1334
2775,S -T3-V,1322,1322
2336,dU-Metnef,1320,1320
3662,Pf-ADA,1315,1315
9110,Pt-PerifKä,1315,1315
4416,-InfBAg,1304,1304
4209,B -DNAex,1304,1304
6144,Ts-PADBrea,1300,1300
1034,S -Aldos,1293,1293
91103,-MNC-abs,1292,1292
91102,-MNC/kg,1292,1292
91101,Pt-Paino,1292,1292
91100,Pt-PerifKä,1292,1292
9601,-GenEsik,1271,1271
4075,-HPVNhO,1265,1265
4038,Bl-BAL-1,1246,1246
6389,Ts-PADEndo,1233,1233
4759,P -HIV1Nh,1230,1230
5357,Bl-Solut,1229,1229
1048,S -AFOS-Is,1213,1213
3665,As-Diffi,1202,1202
2651,As-Solut,1199,1199
1339,S -EPO,1197,1197
9342,-InfAAg,1192,1192
173,As-Gran,1186,1186
172,As-Lymf,1186,1186
312,As-MuutSol,1186,1186
1243,S -Fenyt,1185,1185
4540,B -HLABD,1183,1183
4940,F -NoroNhO,1182,1182
6339,P -Reninm,1180,1180
9245,cB-VeIoni5,1166,1166
4539,B -HLAAD,1163,1163
2455,F -Para-O,1159,1159
1100,S -ASTA,1158,1158
1866,B -HLADRBD,1149,1149
11731,P -TT-SPR,1148,1148
4816,U -CtNgNhO,1147,1147
4937,U -GcNhO,1143,1143
1456,S -GbmAb,1115,1115
1715,-CMVNh,1111,1111
5190,B -SC-abs,1101,1101
12783,P -APTTSPR,1084,1084
4025,P -Trombot,1082,1082
1483,Pt-Gluk-R1,1082,1082
2406,dU-Normet,1063,1063
3907,S -ToxoAb,1059,1059
9000,-.......,1051,1051
2749,S -ToxoAbG,1045,1045
2750,S -ToxoAbM,1045,1045
3909,S -ToxoAvi,1045,1045
5343,Tu-Vi,1042,1042
9102,S -IgG2,1041,1041
9103,S -IgG3,1041,1041
9101,S -IgG1,1040,1040
9104,S -IgG4,1039,1039
1602,S -HAVAbM,1021,1021
3326,-StpnAg,1020,1020
10483,AFOSLuusto,1018,1018
10482,AFOSMaksa1,1018,1018
10484,AFOSMaksa2,1018,1018
10481,AFOSSuoli,1018,1018
11046,S -AFOS,1018,1018
1729,Fl-StrBVi,1015,1015
3681,S -Valpr,1014,1014
4538,B -HLADPBD,1012,1012
9955,cB-VeKaVTO,1010,1010
4537,B -HLADQBD,1000,1000
4739,B -HLAADT,997,997
4738,B -HLABDT,997,997
4737,B -HLACDT,997,997
4542,B -HLADRLD,997,997
9118,fP-CgA,997,997
2338,S -MetNor,984,984
28870,dU-Urea,980,980
28900,U -Urea,980,980
4952,B -JAK2-D,979,979
4225,S -IgG1,977,977
4226,S -IgG2,977,977
4227,S -IgG3,977,977
4228,S -IgG4,977,977
21310,S -Metnef,973,973
6311,S -MTA,973,973
2407,S -Normet,973,973
4119,S -HTLVAb,967,967
3192,S -IgG-Sc,961,961
1700,fP-Insu,960,960
4359,-CMVNhO,958,958
6173,B -TbIFNg,955,955
2242,fS-Lipaas,950,950
1781,-VZVNhO,948,948
6403,P -hCG,946,946
3655,Pf-CEA,945,945
2367,S -MypnAb,938,938
4150,S -MypnAbG,923,923
4151,S -MypnAbM,923,923
9829,B -GenEsi2,922,922
4429,B -Leuxkoe,907,907
3075,Ly-HLAB27,907,907
6145,Bo-PAD-4,903,903
5239,Tu-FISH,903,903
4541,B -HLACD,899,899
9165,S -InhibB,899,899
4894,B -BCR-QR,897,897
92539,-InABRSV,896,896
4536,B -HLADQAD,885,885
4736,B -HLAAB,884,884
4060,Bo-PAD,881,881
96198,-RSVNhO,879,879
2151,B -Kromos,876,876
4410,B -FV-D,873,873
2975,-VirVi,871,871
9804,B -DNAex2,864,864
9431,S -AdenAb,862,862
740,S -EVirAb,862,862
9432,S -InfAAb,862,862
9433,S -InfBAb,862,862
720,S -MypnAb,862,862
9437,S -RSVAb,862,862
9440,S -VZVAb,862,862
2345,dU-MOMA,845,845
3317,S -RNPAb,841,841
37650,S -Scl70Ab,841,841
36520,S -SentAb,841,841
3324,S -SmAb,841,841
3322,S -SSAAb,841,841
3323,S -SSBAb,841,841
2360,S -MonAb-O,840,840
9698,-FISHhyb,838,838
9591,cB-Bil-L,834,834
9814,-PreA-2,832,832
9958,mB-pH_HCO3,832,832
9640,Bm-Fuus-mR,828,828
5238,Ts-FISH,828,828
1448,fS-Gastr,822,822
9434,S -Pin1Ab,822,822
913,S -CMVAb,820,820
912,S -HSVAb,820,820
3656,S -Kryog,813,813
2035,S -GH,802,802
15337,PÄIVLISÄ,800,800
5093,Ts-HemMark,797,797
1920,B -FII-D,780,780
30221,S -ENAAbJ,779,779
3435,P -PC,773,773
9129,B -Intoks,769,769
4545,P -C3,764,764
4546,P -C4,764,764
1554,P -Hb,762,762
1608,S -HBsAb,758,758
2923,S -VZVAb,757,757
1637,dU-5HIAA,756,756
9950,vB-VeIon,743,743
2782,P -Trombai,742,742
23860,U -Na,742,742
23760,dU-Na,741,741
4069,Pt-Obd-1,741,741
930,-EM-Bl,740,740
1675,Li-IgG,738,738
1775,S -PuumAb,737,737
4467,S -VZVAbG,737,737
1806,S -VZVAbM,737,737
9641,B -Fuus-qR,728,728
4404,Li-HSVNhO,726,726
1923,S -PuumAbG,726,726
3528,S -PuumAbM,726,726
1027,Li-Alb,722,722
13401,Pd-Lymf+Mo,716,716
13400,Pd-Neut+Eo,716,716
224,Li-IgG-ind,715,715
2143,S -Krea,713,713
2035,fS-GH,712,712
577,S -Alb,710,710
5143,B -SC-trpl,708,708
1816,S -AspeAg,703,703
3133,As-Alb,701,701
5141,Se-Bil,701,701
9703,GenEsik-PF,700,700
12782,P -TrAiSPR,698,698
4426,P -LuakPTT,695,695
4425,P -LuakRVV,695,695
6334,P -vWF-Akt,694,694
3836,S -AllIgE,692,692
1628,-CandVi,691,691
3340,Pf-Alb,691,691
19920,S -Alb-Fr,684,684
19926,S -Alfa-1,684,684
19927,S -Alfa-2,684,684
19923,S -Beeta-1,684,684
19928,S -Beeta-2,684,684
19925,S -Gamma,684,684
9982,S -Mkomp-1,684,684
9983,S -Mkomp-2,684,684
9984,S -Mkomp-3,684,684
3975,Li-BorrAb,681,681
17713,P -CMVNh,677,677
5072,Pf-Laktaat,675,675
9239,cB-VeIoni4,671,671
134,Pd-Gran,671,671
135,Pd-Lymf,671,671
315,Pd-MuutSol,671,671
51432,-MNC/kg,670,670
51433,-SC/kg,670,670
51436,-TNC/kg,670,670
51430,B -SC-trpl,670,670
51431,Pt-Paino,670,670
51434,Vol/DMSO,670,670
3443,F -BaktVi2,668,668
19940,dU-K,667,667
20040,U -K,665,665
1615,S -HSVAb,664,664
4244,-MycoNhO,663,663
4067,Ki-PAD,660,660
6262,S -5HIAA,660,660
11455,SPRV-HElau,655,655
4066,Ki-PAD-IF,654,654
3952,F -HepyAg,652,652
15334,FENO SPRV,648,648
4200,Li-BorrAbG,647,647
4201,Li-BorrAbM,647,647
6275,Ts-PAD4-Hn,643,643
6404,P -RF,638,638
1028,S -Alb,633,633
3394,Li-VirAb,631,631
4405,S -HSVAbG,628,628
4406,S -HSVAbM,628,628
9821,Bm-ASO2-QD,627,627
4381,-BaktNhO,624,624
3163,"S -D-1,25",621,621
2130,dU-Kors-V,612,612
11454,SPRV-laus,603,603
2494,S -Prealb,602,602
4628,fS-PP,596,596
1159,-BaktVr,592,592
5231,Pt-PitkäSä,590,590
92540,Ts-TuPa15,590,590
2594,F -RotaAg,585,585
19977,E -RetHe,584,584
2206,-LegiVi,579,579
21450,U -Krea,574,574
21410,dU-Krea,573,573
2451,S -Paras,573,573
4031,P -vWF-Ag,565,565
11399,P -FibrSPR,564,564
4285,S -Alko,552,552
11103,P -AT3-SPR,551,551
1938,B -SienVi,550,550
91106,Pussit,549,549
527,Pf-RF,547,547
5077,S -EtglyGC,547,547
5254,S -EtOHGC,547,547
3848,S -Ipro,547,547
2340,S -MeOH,547,547
2732,S -TeikAb,547,547
1007,-ActiVi,546,546
9827,Ts-DNAmut,545,545
1026,S -ALAT,544,544
6230,S -LeuAbPR,543,543
4449,P -PS,542,542
6085,P -Renin,540,540
1721,S -HCVNh,540,540
2004,U -K,539,539
6365,P -CA15-3,534,534
4864,B -CD34-Fc,533,533
3514,Mm-HygVi,533,533
22782,P -TrAiHUS,531,531
3905,Bm-TCR-D,523,523
22041,SPRV-LElau,523,523
9246,aB-VeIoni6,522,522
3838,Bm-IG-D,521,521
3219,-LepnVr,519,519
9642,Bm-Fuus-qR,516,516
22029,S -Leu-EO,516,516
4446,-PncaNhO,513,513
5286,-Vi,513,513
3426,Li-ACE,513,513
4771,P -MyPA,513,513
2482,-PncaVr,510,510
6231,S -LeuAbI,510,510
3578,P -LupusAK,509,509
1011,F -AdenAg,505,505
2008,fS-CT,504,504
9620,S -AMH,504,504
9679,Ts-EGFR-D,503,503
1670,S -IgD,502,502
2932,fP-VIP,500,500
2183,B -Laktaat,498,498
6310,S -AMH,498,498
4939,F -ValtaVi,495,495
3449,S -hCG-O,495,495
4521,S -PuumAbO,494,494
6388,Ts-PADKolp,493,493
3954,S -HepyAbG,489,489
V9994,Pt-Vrsiirt,488,488
9443,S -MorbAb,488,488
4941,S -CH100,484,484
9459,S-CH100MBL,479,479
3857,S -CH100Al,479,479
3856,S -CH100Cl,479,479
9690,-MDRsVi,478,478
6134,B -HHV6Nh,476,476
47651,Ln-PADSenF,475,475
6001,P -BKVNh,473,473
2503,S -C-Pept,465,465
4963,S -PemfiAb,464,464
1046,S -AFOS,458,458
9299,-SC-%,456,456
51900,-SC-abs,456,456
51901,-SC/kg,456,456
214,Pt-Paino,456,456
4237,-Legi-O,452,452
9770,Bm-FISH2,452,452
4221,U -Huum-O,451,451
3603,P -Renin,449,449
3379,fS-Sappih,447,447
1113,fS-A-Vit,446,446
4294,S -ChpnAbG,446,446
4204,S -ChpnAbM,446,446
4349,Pd-Prot,445,445
12333,NäytKäs,444,444
3744,B -HemaFc,443,443
1185,S -Bil,442,442
20469,TB1,440,440
20470,TB2,440,440
4955,S -ChpnAb,437,437
1034,P -Aldos,432,432
4400,S -GadAb,430,430
11677,U -IgG,430,430
4272,S-Leuk-AbO,421,421
6168,Li-IgG-Oc,420,420
1211,P -FIX,420,420
6232,S -LeuAbII,420,420
51680,cU-IgG,417,417
2771,Pf-Trigly,412,412
9210,cB-VeIoni,408,408
12951,E -ABORhSP,404,404
7154,S -PölyEr,404,404
3440,Pf-ACE,403,403
3746,Ts-HemaFc,403,403
91000,Esik,402,402
1696,Pt-ICG-R,399,399
2816,S -FrtuAb,392,392
2435,U -Opiaa-O,392,392
2435,U -Opiaa-O,392,392
1055,U -Amfet-O,389,389
1178,U -Bendi-O,388,388
1128,S -ASAT,387,387
9529,Pt-JohekR1,386,386
4754,Pd-BaktVi,384,384
4203,U -Bupre-O,384,384
3455,U -Canna-O,384,384
4128,U -Koka-O,384,384
2523,U -Prot-Fr,384,384
4279,-ANA,383,383
3906,Ts-TCR-D,381,381
5235,B -FISH,380,380
1033,dU-Aldos,379,379
9485,-MRPsVi,377,377
13602,S -HLACMV,377,377
T042,B-Varasto,375,375
2366,-MycoTy,374,374
T043,S-Varasto,374,374
9683,S -ChlaAb,374,374
6406,P -TPOAb,370,370
4080,Ex-Syto-1,369,369
9187,U -Intoks,369,369
4776,-EBVNh,365,365
4272,S -LeukAb,363,363
4209,-DNAex,360,360
1038,S -Antitry,358,358
15335,HLA,356,356
2715,U -Suhti,350,350
92485,S -Stpn14,346,346
92486,S -Stpn18C,346,346
92487,S -Stpn19F,346,346
92488,S -Stpn23F,346,346
92482,S -Stpn4,346,346
92483,S -Stpn6B,346,346
92484,S -Stpn9V,346,346
3169,fS-E-Vit,338,338
4156,S -ParvAb,338,338
4249,S -ParvAbG,337,337
4250,S -ParvAbM,337,337
2013,fS-Ca,335,335
4614,B -Lakt-D,334,334
6043,S -HBVNh,332,332
9534,S -HLA1Ab,331,331
9536,S -HLA1AbL,331,331
9535,S -HLA2Ab,331,331
9537,S -HLA2AbL,331,331
9533,S -LeukAbC,331,331
9540,S -LeukAbS,331,331
2512,As-Prot,329,329
1886,S -tTGAbG,329,329
4202,-BorrNhO,324,324
3088,Ly-CD4/CD8,323,323
15322,TRFVSHLS4,322,322
3298,Pf-C4,319,319
92520,Ts-RAS1-D,319,319
4407,Li-HSVAb,318,318
1343,Pf-Eryt,318,318
4897,-AdenNhO,317,317
9550,Li-AdenAb,317,317
745,Li-EVirAb,317,317
730,Li-MypnAb,317,317
9559,Li-VZVAb,317,317
3296,Pf-C3,317,317
2288,Pf-LZM,317,317
9692,Bm-CD138+,314,314
9798,Bm-FISH3,313,313
1601,S -HAVAbG,312,312
4721,Ts-HER2ISH,312,312
2547,P -FXI,310,310
9883,B -ExTEM,308,308
1509,P -FXII,308,308
4167,-StrJvi,307,307
6137,B -CD4Sup,306,306
6227,S -LeuAbCO,306,306
9560,Li-CMVAb,304,304
9558,Li-HSVAb,304,304
9551,Li-InfAAb,304,304
9552,Li-InfBAb,304,304
9553,Li-Pin1Ab,304,304
9556,Li-RSVAb,304,304
4402,Li-HSVAbG,302,302
4403,Li-HSVAbM,302,302
3860,Ts-KRAS-D,301,301
9885,B -FibTEM,300,300
92200,-MikErik,299,299
4399,B -HeparTP,299,299
3125,B -TromFu,299,299
98832,-ExTEM/CFT,298,298
98831,-ExTEM/CT,298,298
98833,-ExTEM/MCF,298,298
1209,S -C1Inh,298,298
940,V-Säilytys,298,298
21087,-SienNho,296,296
42721,HLA I,295,295
42722,HLA II,295,295
9211,Koll/ADP,295,295
9212,Koll/ADR,295,295
62301,PRA I,294,294
62302,PRA II,294,294
2639,P -Zn,293,293
3957,S -OHKarba,293,293
9737,Bm-FISHMM,291,291
4183,Pi-PAD,291,291
4000,P -PS-AgV,290,290
2985,S -YersAb,290,290
2518,Sy-Prot,290,290
98851,FibTEM/MCF,289,289
4364,Pd-Urea,289,289
7114,S -AspFumE,289,289
3166,S -DHEAS,289,289
2738,S -ClteAb,287,287
4844,P -IL2R,286,286
2144,Pd-Krea,284,284
4392,-EVirNhO,283,283
5300,B -BRmut-D,282,282
4758,P -TfR,282,282
9198,Paksupisar,282,282
2027,S -Karba,282,282
6078,P -Aldos,278,278
3592,S -TATI,277,277
20023,Sa-Korsol,277,277
13315,Pt-Hembio,275,275
1172,U -B2Miglo,273,273
9828,Bm-DNAmut,272,272
9567,B -TbIFNg,271,271
21103,P -AT3-HUS,271,271
98835,-ExTEM/A10,267,267
98836,-ExTEM/A15,267,267
98834,-ExTEM/A5,267,267
98837,-ExTEM/ML,267,267
1867,P -Hcyst,267,267
1001,Pt-ACTH-R1,267,267
6090,P -C1InhBk,266,266
2382,S -Na,266,266
5086,Li-IEF,265,265
1279,Pt-EKG-Pa,264,264
3682,S -PIIINP,263,263
2001,S -K,261,261
9847,S -LeuAbCH,261,261
9843,S -LeuAbEO,261,261
9831,Bm-GenEsi2,260,260
98853,FibTEM/A10,260,260
98854,FibTEM/A15,260,260
98852,FibTEM/A5,260,260
130,B -MalArv,258,258
131,B -MalOsuu,258,258
2315,B -Plas-O,258,258
97017,BIOctDNA,258,258
9215,aB-VeIoni3,257,257
1949,S -TfR,257,257
9905,-MRSRiVi,256,256
97016,Ts-PAD-Bio,255,255
4488,Pt-Iho-R3,254,254
2290,U -LZM,254,254
4351,-RSVAg,253,253
3042,B -Hb-IEF,253,253
22783,P -APTTHUS,253,253
2068,Pt-KlR-tje,253,253
2197,Pt-Lakt-R1,253,253
T052,S-Varasto,253,253
T051,B-Varasto,252,252
20607,S -HepVaSe,252,252
3904,B -TCR-D,250,250
6241,La-CD34-Fc,248,248
4062,St-Syto,248,248
2194,S -LD,247,247
4453,S -PuumAvi,244,244
5060,Pt-ACTH-RL,241,241
4035,Ts-AA-O,241,241
97013,BPDNA-OS,240,240
97004,BPPLASM-OS,240,240
97005,BPSERUM-OS,240,240
2016,U -Ca,240,240
21731,P -TT-HUS,239,239
9217,aB-VKA-O2S,237,237
9892,B -CyA-L,235,235
1098,P -F8-Ab,235,235
9805,Bm-DNAex2,233,233
3207,Pf-Kol,233,233
2260,S -Li,231,231
4057,M -PAD,230,230
965,-Tb-LH,228,228
6004,-AspeAg,227,227
1562,B -Hb-F,227,227
21262,B -CyA-MS,224,224
9639,B -Fuus-mR,224,224
6086,B -Sirolim,224,224
49412,F -ParaNhO,223,223
644,PunktNOtto,223,223
49414,F -CrypNhO,222,222
49416,F -DienNhO,222,222
49415,F -EhisNhO,222,222
49413,F -GiarNhO,222,222
3632,Li-VZVAb,222,222
1725,B -PNH,220,220
15207,Pt-Ikä,220,220
6209,Bm-FISHhem,217,217
4757,U -A1Miglo,217,217
3399,S -AGAbA,216,216
21399,P -FibrHUS,214,214
15351,SEULPÄIV,214,214
2566,fS-Fe,213,213
6402,P -EtOH,213,213
6402,P -EtOH,213,213
3839,Ts-IG-D,212,212
4314,S -HCVNhO,211,211
1957,Li-VZVAbG,210,210
4468,Li-VZVAbM,210,210
13635,B -VasSeu2,209,209
2664,Li-Spektri,209,209
3400,S -AGAbG,208,208
1074,As-Amyl,207,207
9830,Pt-PHAlkR2,207,207
4477,U -INTP,204,204
22000,B -HLA1PK,199,199
943,S -CnAb,199,199
9872,S -Trypt,194,194
9904,F -VirEpid,193,193
3661,Li-ADA,193,193
9822,-StauVi,192,192
3837,B -IG-D,192,192
12315,B -Plas-P,192,192
3347,S -HBcAbM,191,191
2287,Li-LZM,189,189
6398,P -HE4,189,189
2849,Sy-UNäkö-O,189,189
1085,S -ADIONI,187,187
282,Sy-Sameus,187,187
244,Sy-Väri,187,187
3487,B -TromAbO,186,186
1828,-CrneAg,185,185
4508,S -DST,185,185
1634,dU-HVA,184,184
1454,S -AGA,183,183
7015,S -KoivspE,183,183
92481,S -StpnAb,183,183
9884,B -InTEM,181,181
4459,F -VirEm,179,179
4424,Pl-PAD,179,179
6236,Li-HemaFc,177,177
3427,S -AChRAb,177,177
11713,S -B2GPSPR,177,177
6266,P -aFXaRiv,176,176
13609,KardAbGSPR,174,174
13610,KardAbMSPR,174,174
98842,-InTEM/CFT,172,172
98841,-InTEM/CT,172,172
98843,-InTEM/MCF,172,172
9799,Bm-FISH4,172,172
2124,U -hCG-O,172,172
14168,S -CMVAbGS,171,171
3164,S -D3-25,170,170
9862,Ts-BRAF-D,169,169
2058,U -Kivi,167,167
9566,F -NoroNhO,166,166
6303,S -CnAb,165,165
6297,S -SpnAbVT,165,165
92489,S -Stpn1,165,165
92490,S -Stpn5,165,165
92491,S -Stpn7F,165,165
6258,B -smB-Fc,164,164
4391,S -EMAbG,164,164
7009,S -TimospE,163,163
1858,B -Hemok-D,161,161
14410,P -FVD-SPR,161,161
11920,B -FIIDSPR,160,160
P101,1 Histamii,159,159
P102,2 Kontroll,159,159
P103,3 Koivu,159,159
2041,S -Kerulo,159,159
4028,S -TPOAb,159,159
9817,Bm-NPM1-QD,157,157
3058,S -CampAb,157,157
7040,S -KoirhiE,156,156
6160,S -T4-Vdi,156,156
9689,Li-ChlaAb,155,155
1174,P -OHButyr,155,155
4499,S -CampAbA,155,155
3292,S -CampAbG,155,155
7039,S -KisshiE,155,155
98845,-InTEM/A10,154,154
98846,-InTEM/A15,154,154
98844,-InTEM/A5,154,154
98847,-InTEM/ML,154,154
1338,Li-Faagit,154,154
1700,P -Insu,154,154
2682,Pt-FVSpirD,153,153
2736,S -Testo-V,153,153
4948,fB-B1-Vit,151,151
2608,F -SalmVi,150,150
1216,S -CRP,150,150
11457,Kiire2,149,149
9562,Li-MorbAb,149,149
1730,-ToxoNhO,145,145
1566,B -Hb-CO,144,144
2737,S -SHBG,144,144
49401,F -VirNhO,143,143
6381,S -Infli,142,142
2607,S -SalmAb,141,141
49405,F -AdenNhO,140,140
49402,F -AstrNho,140,140
49404,F -RotaNhO,140,140
49403,F -SapoNhO,140,140
3217,Sy-Laktaat,140,140
2888,fS-Urea,139,139
7105,S -DPteroE,139,139
9309,S -IgLcL-V,139,139
9849,Ts-MGMTmet,139,139
4975,P -Glkg,138,138
3293,S -CampAbM,138,138
7024,S -PujospE,138,138
1187,U -Bil-O,138,138
5356,Bu-Solut,137,137
5003,S -All-T3,137,137
5360,Bu-Diffi,136,136
7033,S -HevohiE,135,135
5353,Bm-mFISH,134,134
6000,Pt-GFRe-MD,134,134
60000,Pt-GFRe-MD,134,134
6380,S -InfliAb,134,134
4065,Ki-PAD-EM,133,133
7121,S -CladHeE,133,133
9308,S -IgLcK-V,132,132
9818,Bm-FLT3-D,131,131
285,Bu-Gran,131,131
286,Bu-Lymf,131,131
287,Bu-MuutSol,131,131
2986,S -YersAbA,129,129
2987,S -YersAbG,129,129
2680,Pt-FVSpiro,128,128
4328,S -Lamotri,128,128
4813,-HIVAgAb,127,127
2884,S -Uraat,127,127
3830,S -IgLcK,126,126
3831,S -IgLcL,126,126
9294,S -K/L,126,126
1083,S -Amyl-Is,125,125
3318,S -SalmAbG,125,125
3319,S -SalmAbM,125,125
90260,S -InfliPa,124,124
92198,B -PCR-Kim,123,123
25070,S -PRL,123,123
9179,S -PRLbio,123,123
9178,S -PRLrec,123,123
3741,Ts-Kromos,122,122
4782,-PoVNhO,121,121
1564,B -Hb-Fr,120,120
1722,S -IgE-Pse,120,120
1061,fP-Aminoh,119,119
13957,S -OHKarba,119,119
3097,S -OKarba,119,119
9832,U -IgLcK,119,119
8242,B -BCR-QR,118,118
9626,B -HbHPLC,118,118
92201,Li-CXCL13,118,118
11062,B -Lymf,117,117
11067,CD4/CD8,117,117
11063,Ly-CD4,117,117
11065,Ly-CD4k,117,117
11064,Ly-CD8,117,117
11066,Ly-CD8k,117,117
5136,Pt-Dial,117,117
9339,S -IgESSeP,117,117
4415,-InfAAg,116,116
4103,F -EHEC,116,116
11270,Pt-EKGTIED,116,116
1032,S -Aldol,116,116
5009,S -All-E5,116,116
2173,S -Kyhemag,116,116
2737,5 -SHBG,115,115
3964,S -Klotsa,115,115
484,S -Klotsa,115,115
2890,U -Urea,115,115
4155,P -PTHrP,114,114
4398,S -GangAbM,114,114
4116,S -GangAb,113,113
3585,S -HibAb,112,112
9833,U -IgLcL,112,112
22001,B -HLA2FrK,111,111
92526,Bm-DNAFc,111,111
6244,P -FVIIIRe,111,111
2557,S -CobuAb,111,111
12811,-PoVNh,109,109
4397,S -GangAbG,109,109
1080,U -Amyl,109,109
7172,S -Ruok5Er,108,108
1475,U -Gluk,108,108
9933,S -AckiAbE,107,107
9931,S -AsfuAbE,107,107
9932,S -AsveAbE,107,107
9934,S -ClclAbE,107,107
9935,S -FumoAbE,107,107
9930,S -KoLaIgE,107,107
2205,S -LegiAb,107,107
9936,S -PespAbE,107,107
9937,S -StatAbE,107,107
9938,S -TrviAbE,107,107
4052,Ts-PAD-EM,107,107
2503,fS-C-Pept,106,106
3379,S -Sappih,106,106
9209,U -Dysmorf,106,106
4210,U -ErytDys,106,106
1432,fS-Pi,105,105
2170,P -Cu,105,105
4208,S -DMklots,105,105
9807,Bm-NPM1-D,104,104
2733,S -Teofy,104,104
2187,S -LD-Is,103,103
1433,U -Pi,103,103
2031,S -KardAb,102,102
2554,B -Pyruv,100,100
20610,P -LAaPTva,100,100
3635,Ps-StrAAg,100,100
14949,S-IgLc-V-2,100,100
1604,S -HBeAg,100,100
1887,S -KysC,100,100
14966,S-IgLcK-V2,99,99
14950,S-IgLcL-V2,99,99
19319,S-K/L-s-V2,99,99
2471,S -BopeAb,99,99
3076,S -LD-1,99,99
371,S -LD-2,99,99
372,S -LD-3,99,99
373,S -LD-4,99,99
3077,S -LD-5,99,99
3311,S -BopeAbA,98,98
2978,P -Viskos,97,97
4880,S -ASCA,97,97
9366,S -ASCAbA,97,97
9365,S -ASCAbG,97,97
206,dU-Tilavu,96,96
5083,Pt-Pleur-T,96,96
6382,S -Adali,96,96
4804,S -DsgAb,96,96
944,Li-CnAb,95,95
6300,S -DGPAbA,95,95
4805,S -Dsg1Ab,95,95
4806,S -Dsg3Ab,95,95
26295,Sp-Pak-3,95,95
964,-Tb-SH,94,94
P110,10 Hevonen,94,94
P111,11 Koira,94,94
P112,12 Kissa,94,94
P113,13 Lehmä,94,94
P114,14 D.Farin,94,94
P115,15 D.Ptero,94,94
P104,4 Leppä,94,94
P105,5 Nurminat,94,94
P106,6 Timotei,94,94
P107,7 Niittynu,94,94
P108,8 Pujo,94,94
P109,9 Voikukka,94,94
13662,Pf-ADA,94,94
13655,Pf-CEA,94,94
12991,S -ADA,94,94
6260,U -IgLcK,93,93
5016,S -All-F4,92,92
6299,S -DGPAbG,92,92
4165,S -SalmAbA,92,92
5001,S -All-G6,91,91
2502,S -PROG,91,91
6080,fP-B6-Vit,90,90
6136,-HHV6Nh,89,89
3584,F -BaktVi3,89,89
9331,S -IgLc-V,89,89
2459,S -PsolAb,89,89
7102,S -VehnäE,89,89
6261,U -IgLcL,89,89
9899,B -MPADP,88,88
6135,Li-HHV6Nh,88,88
5007,S -All-E1,88,88
3402,U -ImmFix,88,88
9820,Bm-ASOAL-D,87,87
158,Bu-Kide-O,87,87
5014,S -All-F2,87,87
3548,S -HistAb,87,87
5256,Ts-Vi,87,87
9468,S -EstdioL,86,86
1657,S -IhotAb,86,86
2700,S -StrDNAb,86,86
9612,U -CaKre,86,86
1340,As-Eryt,85,85
92180,B -TPMT-D,85,85
6369,fP-C-Pept,85,85
9124,KiireSPR1,85,85
1607,S -HBeAb,85,85
3671,S -HIVAg,85,85
4344,S -ParvNhO,85,85
2744,S -TOB,85,85
9621,U -CaKre,85,85
5366,B -p53m-D,84,84
4108,S -ECP,84,84
92523,S -Infliks,84,84
369,S -LD,84,84
22040,SPRV-KTlau,84,84
4564,P -Se,83,83
1253,S -CodiAb,83,83
F621,B -Laktaat,82,82
5374,Pak-Akt,82,82
6379,S -AdaliAb,82,82
4409,S -HHV6Ab,82,82
2313,S -LKMAb,82,82
7070,S -MaapähE,82,82
1644,S -17HPROG,80,80
2134,S -CK,80,80
1831,S -CMVAvi,80,80
4580,S -HHV6AbG,80,80
4582,S -HHV6AbM,80,80
3313,S -BopeAbM,79,79
2756,fS-Transf,78,78
6302,Li-CnAb,78,78
5172,Pa-CEA,78,78
6164,B -Co,77,77
6164,B -Co,77,77
2147,B -Cr,77,77
4636,F -GiarAg,77,77
90259,S -AdaliPa,77,77
4635,F -CrypAg,76,76
3444,F -CrypVr,76,76
17748,F -GiCrAg,76,76
9405,S -LemiAbA,76,76
9406,S -LemiAbG,76,76
9404,S -LemiAbM,76,76
9408,S -LepnAbA,76,76
9409,S -LepnAbG,76,76
9407,S -LepnAbM,76,76
884,F -Valtafl,75,75
15306,PSHLA,75,75
6298,S -DGPAb,75,75
2796,B -TAb-Ty,74,74
3427,S -AChR-Ab,74,74
5013,S -All-F1,74,74
2815,S -MorbAb,74,74
4496,S -PINP,74,74
92541,-TuPa15,73,73
5027,S -All-M3,73,73
5043,S -All-MX1,73,73
4435,S -MorbAbG,73,73
4436,S -MorbAbM,73,73
1572,U -Hemsi-O,73,73
31340,dU-Alb,72,72
2464,fS-Pepsin1,72,72
15311,KOOSTEVS,72,72
1489,S -GT,72,72
7072,S -MaitoE,72,72
7078,S -MunavaE,72,72
2604,S -Salis,72,72
1859,-HCVNhTy,71,71
91004,DNAex,71,71
11078,S -Amyl,71,71
3004,S -Amyl-Ma,71,71
3923,S -AmylP,71,71
4286,S -AmylS,71,71
9530,S -AspFlaG,71,71
4766,Sk-IF-IgA,71,71
4117,Ts-HepyVi,71,71
1752,-HHV6NhO,70,70
29863,"-pseIA,AbA",70,70
29873,"-pseIA,AbG",70,70
29883,"-pseIA,AbM",70,70
36630,cU-Prot,70,70
182,cU-Tilav,70,70
29861,S -ent3AbA,70,70
29871,S -ent3AbG,70,70
29881,S -ent3AbM,70,70
29862,S -ent9AbA,70,70
29872,S -ent9AbG,70,70
29882,S -ent9AbM,70,70
9170,S -PRLmakr,70,70
29864,S -pse3AbA,70,70
29874,S -pse3AbG,70,70
29884,S -pse3AbM,70,70
22005,B -HLA-Bw,69,69
22004,B -HLA1Mun,69,69
9929,B -MPADPhs,69,69
20158,P -FVIIIre,69,69
11456,Kiire1,68,68
20695,P -ADAM13,68,68
9548,P -PCLilly,68,68
5095,S -hCG-B-V,68,68
261,-KSkäynt,67,67
2082,S -Cl,67,67
5342,S -T3-V-Di,67,67
6159,S -T3-Vdi,67,67
4475,Pt-Hepy-R,66,66
5006,S -All-W6,66,66
2988,S -YersAbM,66,66
P106,4 Timotei,65,65
P108,5 Pujo,65,65
P110,6 Hevonen,65,65
P111,7 Koira,65,65
P112,8 Kissa,65,65
P115,9 D.Ptero,65,65
9011,CRP-Pika,65,65
9354,S -IgESSeR,65,65
92525,S -InfliAb,65,65
15321,TRVSPES4,65,65
4041,Ts-DNAFc,65,65
14330,U -Pi,65,65
5304,B -LDLRe-4,64,64
9939,B -MPASPI,64,64
14290,dU-Pi,64,64
30221,S -ENAAb.,64,64
2421,dU-Oksal,63,63
2445,Pt-Paasto,63,63
9665,S -rArah2E,63,63
3756,S -TBEAb,63,63
13088,Bl-CD4/CD8,62,62
388,Kudostyyp,62,62
1209,P -C1Inh,62,62
F425,Pt-Hepy-R2,62,62
37670,S -Jo1Ab,62,62
9839,S -Kopept,62,62
5391,B -HLA2PPR,61,61
3512,Fl-TrHiVi,61,61
9119,fP-CgB,61,61
2553,S -TBEAbM,61,61
9643,Ts-GenEsik,61,61
4356,Ts-SoluVi,61,61
5372,B -HLA-A,60,60
5371,B -HLA-ABC,60,60
5373,B -HLA-B,60,60
5374,B -HLA-C,60,60
3645,B -HLA-DQA,60,60
3646,B -HLA-DQB,60,60
4266,B -HLADPB,60,60
4315,B -HLADr-D,60,60
5375,B -HLADRBL,60,60
22990,dU-Mg,60,60
3362,Li-KardAb,60,60
12532,S -CodiAbG,60,60
5081,S -T4-V-Di,60,60
23050,U -Mg,60,60
3649,vB-VeKaas,60,60
1039,Am-AFP,59,59
4640,B -HLAKeli,59,59
1819,S -BartAb,59,59
9667,S -rArah8E,59,59
7096,S -SoijapE,59,59
4855,U -Orgah,59,59
3873,dU-MTA,58,58
28830,dU-Uraat,58,58
3341,F -Antitry,58,58
20609,P -LARVVva,58,58
5160,Pa-CA19-9,58,58
28860,U -Uraat,58,58
1461,As-Gluk,57,57
5010,S -All-E3,57,57
1387,S -Fenob,57,57
4590,P -AmylP,56,56
T089,S -100VARA,56,56
5024,S -All-D1,56,56
3527,S -SindAb,56,56
1939,S -SindAbG,56,56
4251,S -SindAbM,56,56
6167,S -Vorikon,56,56
6042,-HBVNhO,55,55
4999,Pt-GFRe-CG,55,55
49990,Pt-GFRe-CG,55,55
4313,S -HEVAb,55,55
8264,S -TBETot,55,55
3059,S -TSAb,55,55
4324,Ts-BCL2-D,55,55
957,-TB-TY2,54,54
1725,B -PNHFc,54,54
5076,E -GlyHem,54,54
9588,Pika-HIVAb,54,54
20628,S -LPRAI,54,54
9542,S -Om5GliE,54,54
6083,S -PRLmakr,54,54
10551,U -Amfet,54,54
10550,U -Amfet-O,54,54
11781,U -Bendi,54,54
11780,U -Bendi-O,54,54
34551,U -Canna,54,54
34550,U -Canna-O,54,54
24351,U -Opiaa,54,54
24350,U -Opiaa-O,54,54
24350,U -Opiaa-O,54,54
12813,-TbVrP,53,53
T087,B -100VARA,53,53
92120,B -Mksyn,53,53
T088,P -100VARA,53,53
6322,U -BKVNh,53,53
6320,U -JCVNh,53,53
41281,U -Koka,53,53
41280,U -Koka-O,53,53
6321,U -PoVNh,53,53
9729,P -Normet,52,52
2084,Sw-Cl,52,52
9177,aB-VeIoni7,51,51
22003,B -HLA2PRK,51,51
4188,Lu-PAD,51,51
4188,Lu-PAD,51,51
4938,Pt-ACTH-Rm,51,51
5026,S -All-M2,51,51
P116,16 Luonnon,50,50
P118,18 Marsu,50,50
P119,19 Kani,50,50
2342,B -Hb-Met,50,50
4895,Bm-BCR-QR,50,50
9630,Cv-Vi,50,50
2053,F -Enve-O,50,50
4262,P -vWF-Ty,50,50
7058,S -HasspäE,50,50
9890,S -rCora1E,50,50
26296,Sp-Pak,50,50
4034,Ts-Abortti,50,50
4889,B -DM2ALLD,49,49
4810,Li-Tau,49,49
9719,P -Metnef,49,49
6099,S -Aqp4Ab,49,49
2303,S -Mg,49,49
2960,S -RubeAb,49,49
6087,-TATI,48,48
2150,Am-Kromos,48,48
4854,P -OHButyr,48,48
3914,Pt-RR-Pa,48,48
2258,S -AdrAb,48,48
1658,S -IhovAb,48,48
2198,S -LangAb,48,48
2633,S -ParoAb,48,48
9888,S -rCora9E,48,48
2962,S -RubeAbG,48,48
2961,S -RubeAbM,48,48
6390,Se-Trigly,48,48
4768,U -FISH,48,48
92501,-GenErik,47,47
5041,S -All-F13,47,47
5035,S -All-F14,47,47
12257,S -CobuCF,47,47
6355,S -Kopept,47,47
1772,S -ParoAbG,47,47
1914,S -ParoAbM,47,47
9897,S -TestoVL,47,47
7101,S -TurskaE,47,47
4811,Li-BAm42,46,46
4809,Li-FosTau,46,46
3263,Li-TPHA,46,46
6073,P -vWFCB,46,46
4627,S -DengAbG,46,46
1716,S -DengAbM,46,46
9882,S -rCora14,46,46
9891,S -rCora8E,46,46
19897,S -TestoVL,46,46
1902,U -OpiaaCt,46,46
2487,U -PBG -O,46,46
14358,B -MRSANhO,45,45
4166,dU-Sitraat,45,45
9908,fS-TrFeSat,45,45
9125,KiireSPR2,45,45
4749,Li-CMVAb,45,45
3520,S -DengAb,45,45
92521,Ts-RAS2-D,45,45
482,-XKoeNäy,44,44
92197,Bm-PCR-Kim,44,44
3641,Cv-Kromos,44,44
1094,P -ADH,44,44
3067,P -C4Aktt,44,44
2628,Pt-Sper-2,44,44
92202,S -AdenCF,44,44
92203,S -ChlaCF,44,44
92204,S -CMVCF,44,44
92205,S -EVirCF,44,44
92206,S -HSVCF,44,44
92207,S -InfACF,44,44
92208,S -InfBCF,44,44
6414,S -MyosAb,44,44
92209,S -MyplCF,44,44
92210,S -PinCF,44,44
92211,S -RSVCF,44,44
92212,S -ToxoCF,44,44
92213,S -VZVCF,44,44
16258,B -Tsc-Fc,43,43
1058,dU-Aminoh,43,43
14357,mecA,43,43
1447,Pt-Gal-R3,43,43
12736,S -Testo-V,43,43
14356,S.aureus,43,43
132,Li-EryFaag,42,42
1870,Li-HHV6Ab,42,42
133,Li-SidFaag,42,42
1205,S -BrucAb,42,42
3049,S -IgAAb,42,42
1822,U -BupreCt,42,42
9629,Am-Vi,41,41
5074,As-Laktaat,41,41
9649,B -CrCoTi,41,41
6166,B -Ti,41,41
14809,Li-Alzheim,41,41
4388,Li-CMVAbG,41,41
4389,Li-CMVAbM,41,41
9609,S -MatoAb,41,41
19004,S -TestoV%,41,41
9005,-PreA5,40,40
P105,4 Nurminat,40,40
6237,Af-HemaFc,40,40
4579,Li-HHV6AbG,40,40
4581,Li-HHV6AbM,40,40
3066,P -C3Aktt,40,40
50011,P -Kitotri,40,40
5015,S -All-F3,40,40
3000,S -AMI,40,40
4234,S -hCG-A,40,40
9467,S -PinAb,40,40
2486,U -PBG,40,40
4337,B -Ly-S,39,39
3672,S -Bendi-O,39,39
3594,S -Osteoca,39,39
6296,S -SpnAbNV,39,39
92494,S -Stpn10A,39,39
92495,S -Stpn11A,39,39
92496,S -Stpn12F,39,39
92497,S -Stpn15B,39,39
92498,S -Stpn17F,39,39
92492,S -Stpn2,39,39
92499,S -Stpn20,39,39
92451,S -Stpn33F,39,39
92493,S -Stpn8,39,39
2404,dU-Noradr,38,38
3132,Pt-CRH-R,38,38
4071,Pt-Obd-3,38,38
2305,U -Mg,38,38
4951,Bm-JAK2-D,37,37
2770,fS-Trigly,37,37
5017,S -All-F5,37,37
1510,S -PP,37,37
9613,U -PiKre,37,37
9622,U -PiKre,37,37
9680,B -CrCo,36,36
15330,JPLAIK,36,36
6391,Pf-proBNP,36,36
21180,U -BKVNh,36,36
21181,U -JCVNh,36,36
21174,U -PoVNh,36,36
1016,dU-Adr,35,35
1867,fP-Hcyst,35,35
13435,P -PC-SPR,35,35
5134,P -Porf-O,35,35
5018,S -All-F6,35,35
1078,S -Amyl,35,35
9468,S -Estdio,35,35
4147,S -MetMal,35,35
2476,S -RickAb,35,35
4457,S -RicoAb,35,35
4458,S -RityAb,35,35
10200,S -Vedol,35,35
10206,S -VedolAb,35,35
10209,S -VedolPa,35,35
92101,-HemErik,34,34
9819,Bm-FLT3-QD,34,34
15333,FENO TAYS,34,34
7075,Pt-TulehLG,34,34
T025,S- Varasto,34,34
4100,S -ChtrAbG,34,34
3165,"S -D-24,25",34,34
20608,S -HepVaVa,34,34
2095,fS-Kol,33,33
7090,S -RuisE,33,33
3320,S -SalmAbA,33,33
9699,-Delhyb,32,32
499,-Tunnist,32,32
4046,Ne-PAD,32,32
92522,S -Adalimu,32,32
5019,S -All-F7,32,32
2369,S -Myogl,32,32
3218,As-LD,31,31
4770,B -FISHDel,31,31
4464,B -TnT-O,31,31
4039,Bl-BAL-2,31,31
51310,dU-A1Miglo,31,31
2169,dU-Cu,31,31
1845,F -EHECTox,31,31
2097,fS-Kol-HDL,31,31
15305,PSVSLAS,31,31
63540,Pt-GFRe,31,31
3551,Se-Likvo-O,31,31
9887,B -HepTEM,30,30
9850,B -JCVAb,30,30
1481,E -G6PD,30,30
8000,P -EGFR-D,30,30
2137,S -CK-Is,30,30
1862,S -HSV1AbG,30,30
1702,S -Insu-Ab,30,30
1810,U -AmfetCt,30,30
6155,-CA19-9,29,29
2456,-Para-O,29,29
4620,-ParvNhO,29,29
4980,B -MxA,29,29
2561,fS-FFA,29,29
1926,Li-TBEAb,29,29
T063,P -Varasto,29,29
6030,S -Jo1Ab,29,29
7065,S -KauraE,29,29
3303,S -LegiAbG,29,29
3304,S -LegiAbM,29,29
7080,S -OhraE,29,29
1900,S -Olants,29,29
T062,S -Varasto,29,29
1872,U -HuumL-O,29,29
11159,-BaktVrP,28,28
9691,B -CD138+,28,28
9739,B -FISHMM,28,28
2077,dU-Cl,28,28
2099,fS-Kol-LDL,28,28
98872,HepTEM/CFT,28,28
98871,HepTEM/CT,28,28
98873,HepTEM/MCF,28,28
940,NULL,28,28
21175,P -JCVNh,28,28
4531,P -TnI,28,28
1959,P -vWF2N,28,28
5067,Pt-Hypo-RL,28,28
9532,Pt-JohekR2,28,28
6392,S -EBVnAbG,28,28
2481,S -StpnAb,28,28
1649,-HygVi,27,27
9976,-InRSNhO,27,27
2907,B -Vakuly,27,27
5181,cU-A1MiglL,27,27
91002,EsikMM,27,27
3465,F -PoliVi,27,27
3479,fS-FA-Fr,27,27
9841,InANhO,27,27
9874,InBNhO,27,27
6235,P -Dabi-Ta,27,27
15003,P -vara,27,27
9873,RSNhO,27,27
9476,S -All-F17,27,27
2135,S -CK-MB,27,27
9846,S -LeuAbVE,27,27
7075,S -MantelE,27,27
9363,S -MB/CK,27,27
3257,S -T3Ab,27,27
4278,S -TnT,27,27
9886,B -ApTEM,26,26
6208,B -FISHhem,26,26
6064,F -CldiViT,26,26
6319,Li-JCVNh,26,26
920,Lu-Asbes,26,26
11495,P -F8Ref,26,26
13316,PäivLisä,26,26
92530,S -Golim,26,26
2211,S -LeptAb,26,26
4633,S -LeptAbG,26,26
4634,S -LeptAbM,26,26
9020,S -PNESAbA,26,26
9018,S -PNESAbG,26,26
9019,S -PNESAbM,26,26
92542,Ts-IDH1/2D,26,26
3056,U -INH-O,26,26
98862,-ApTEM/CFT,25,25
98861,-ApTEM/CT,25,25
98863,-ApTEM/MCF,25,25
9697,B -KromFA,25,25
6174,B -LyTbIFN,25,25
1925,Li-TBEAbM,25,25
1948,Li-ToxoAb,25,25
5029,S -All-I3,25,25
196,S -D-Metab,25,25
13256,S -EnteAbG,25,25
4735,S -FenytV,25,25
21515,S -HEVAbG,25,25
21516,S -HEVAbM,25,25
22033,S -Leu-KS,25,25
9664,S -rArah1E,25,25
F619,B-HB-IEF,24,24
4112,B -FraX-D,24,24
T067,cU-Varasto,24,24
98875,HepTEM/A10,24,24
98876,HepTEM/A15,24,24
98874,HepTEM/A5,24,24
98877,HepTEM/ML,24,24
1946,Li-ToxoAbG,24,24
1947,Li-ToxoAbM,24,24
9608,Pt-FVSpiDL,24,24
92524,S -AdaliAb,24,24
1222,S -DHEA,24,24
7137,S -GPenE,24,24
20892,S -HLADSA,24,24
1640,S -OHKloro,24,24
9666,S -rArah3E,24,24
9668,S -rArah9E,24,24
7139,S -VPenE,24,24
2639,S -Zn,24,24
4053,Ts-PAD-IF,24,24
1880,U -CannaCt,24,24
15314,VALKAS8,24,24
9611,Am-Lamel,23,23
4500,B -AtryTyD,23,23
5302,B -BRrel-D,23,23
6373,B -NIPTtri,23,23
5258,B -PKU-seu,23,23
2388,L -NBTKoe,23,23
20466,Ly-TbSpotA,23,23
20467,Ly-TbSpotB,23,23
20468,Ly-TbSpPPD,23,23
9359,S -BrucAbA,23,23
3279,S -BrucAbG,23,23
3280,S -BrucAbM,23,23
3050,S -CIC,23,23
7069,S -LohiE,23,23
9672,S -OvomukE,23,23
2086,U -Cl,23,23
T069,-2x6mlEDTA,22,22
20612,B -HPA-1,22,22
20617,B -HPA-15,22,22
20613,B -HPA-2,22,22
20614,B -HPA-3,22,22
20615,B -HPA-5,22,22
20616,B -HPA-6,22,22
13607,B -PLAbSPR,22,22
1170,Li-B2Miglo,22,22
21176,Li-BKVNh,22,22
64140,Mi-2a,22,22
6395,P -C-PeptA,22,22
1864,S -HSV2AbG,22,22
9651,S -PDTAb,22,22
2777,S -TrspAb,22,22
1506,-GcVi,21,21
1869,Li-HHV6NhO,21,21
19260,Li-TBEAbG,21,21
26307,Pt-PAS,21,21
9761,S -AsveAbE,21,21
9652,S -BopeAbG,21,21
9653,S -ClteAbG,21,21
9350,S -EvirAb,21,21
9361,S -EvirAbG,21,21
9352,S -EvirAbM,21,21
92529,S -GolimAb,21,21
4617,S -proBNP,21,21
90257,S -Usteki,21,21
5352,Ts-mFISH,21,21
1820,U -BendiCt,21,21
4708,Am-EPO,20,20
11384,B -Bglukos,20,20
9175,B -DQ2,20,20
9176,B -DQ8,20,20
4893,Bm-PML-QR,20,20
9638,Cv-DNAex,20,20
1228,dU-DALA,20,20
92533,E -6-me-MP,20,20
92531,E -6-TGN,20,20
92532,E -6-TGN,20,20
91001,EsikPF,20,20
2806,fS-Tryps,20,20
9043,K -Pika,20,20
22012,KIIRELISÄ,20,20
1861,Li-HSV1AbG,20,20
4440,Li-MypnAb,20,20
3498,Ps-GcVi,20,20
3716,Pt-Gluk-R5,20,20
9748,S -TrciAbE,20,20
9834,S -VGKCAb,20,20
1787,U -BaktEVi,20,20
9905,-MARSVi,19,19
9637,Am-DNAex,19,19
4268,B -NAITseu,19,19
2442,nU-Osmol,19,19
5153,Pd-Gluk,19,19
7135,S -AmoksE,19,19
3312,S -BopeAbG,19,19
7109,S -LDestrE,19,19
22031,S -Leu-ES,19,19
2256,S -ListAb,19,19
3652,S -SentAb,19,19
3259,S -T4Ab,19,19
6426,Se-Krea,19,19
1749,-HCVAbCt,18,18
9940,B -MPTRAP,18,18
3417,Bm-SoluVi,18,18
21177,Li-JCVNh,18,18
1897,Li-MypnAbG,18,18
4623,Li-MypnAbM,18,18
7130,S -AmpmyrE,18,18
9711,S -AsfuAbG,18,18
7107,S -ASiroE,18,18
890,S -ent3AbA,18,18
887,S -ent3AbG,18,18
889,S -ent3AbM,18,18
9763,S -FumeAbE,18,18
1701,S -Insu,18,18
9617,U -NaKre,18,18
9624,U -NaKre,18,18
98865,-ApTEM/A10,17,17
98866,-ApTEM/A15,17,17
98864,-ApTEM/A5,17,17
98867,-ApTEM/ML,17,17
6077,-AspeNhO,17,17
6324,-BKVNh,17,17
1720,-HBVNh,17,17
F622,B -Pyruv,17,17
21777,Li-IgG,17,17
6318,P -JCVNh,17,17
F423,Pt-Hepy-R0,17,17
26305,Pt-IVF,17,17
5139,Pu-Amyl,17,17
5028,S -All-I1,17,17
9741,S -AsfuAbE,17,17
4958,S -EvirAbG,17,17
996,S -HAgAb,17,17
9875,S -HMGCRAb,17,17
7179,S -Home1Ry,17,17
2157,S -Kryog-O,17,17
7133,S -MehmyrE,17,17
995,S -OAgAb,17,17
2362,S -OvarAb,17,17
3243,S -VPenIgE,17,17
15324,TRVSPIS4,17,17
9757,U -GenEsik,17,17
1936,U -Schi-O,17,17
6059,Am-TriNhO,16,16
3865,B -LDLRe-D,16,16
9122,B -PLAbSPR,16,16
9646,B -TrFuMP,16,16
T066,B -Varasto,16,16
20603,PÄIV,16,16
3959,S -5-HT,16,16
5031,S -All-K82,16,16
1189,S -Bil-Kj,16,16
9762,S -ChglAbE,16,16
3526,S -InkoAb,16,16
9760,S -KostAbE,16,16
9765,S -StalAbE,16,16
9764,S -StchAbE,16,16
9766,S -SthaAbE,16,16
1944,S -Teicopl,16,16
9768,S -TrorAbE,16,16
4861,U -Oligs-O,16,16
96461,-ADP,15,15
96462,-ASPI,15,15
96463,-KOLL,15,15
96465,-RistoHi,15,15
96466,-RistoLo,15,15
96464,-TRAP,15,15
96467,ADPtest HS,15,15
10391,Am-AFP,15,15
19305,Am-AFP(SD),15,15
4799,Am-FISHAn,15,15
11378,B -Agalak,15,15
3875,cU-MHistam,15,15
4377,P -AT3-Ag,15,15
15308,PSVSPES,15,15
15044,S -All-FX5,15,15
9206,S -All-S,15,15
5004,S -All-T2,15,15
8416,S -AspFumG,15,15
8419,S -AurPulG,15,15
1285,S -EchiAb,15,15
8444,S -HopoIgG,15,15
4419,S -InfAAbG,15,15
369,S -LDpit,15,15
8427,S -MicFaeG,15,15
8429,S -PenSppG,15,15
3639,S -SCC-Ag,15,15
9592,S -SindHI,15,15
8437,S -TheVulG,15,15
6413,Sk-PADnerv,15,15
1853,T -GPAbG,15,15
9618,U -KKre,15,15
9625,U -KKre,15,15
2257,-ListVi,14,14
4802,-RNAex,14,14
22028,B -HLATrb,14,14
219,cU-Kesto-L,14,14
217,cU-Tilav-L,14,14
6061,Cv-TriNhO,14,14
2248,fS-LipoB,14,14
4956,Li-ChpnAb,14,14
6148,Lu-PAD-4,14,14
9539,P-TT-INRqc,14,14
2464,P -Pepsin1,14,14
221,Paino,14,14
222,Pinta-ala,14,14
220,Pituus,14,14
1450,S -GEN,14,14
4312,S -HBVNhO,14,14
7149,S -LateksE,14,14
9747,S -RhglAbE,14,14
9717,S -RhglAbG,14,14
7110,S -TPutreE,14,14
4484,-HIV1Nh,13,13
6059,Am-TriPCR,13,13
9489,B -DLItrpl,13,13
31562,B -HbF-Fc,13,13
T065,B -Varasto,13,13
1359,Bm-Este-Vr,13,13
1114,fP-A-Vit,13,13
6323,Li-BKVNh,13,13
1824,Li-ChpnAbG,13,13
1825,Li-ChpnAbM,13,13
1863,Li-HSV2AbG,13,13
T064,P -Aprot,13,13
9470,P -BKVNh,13,13
14113,P -FIDDSPR,13,13
4800,Pt-Gluk-R6,13,13
2982,Pt-VuotaiI,13,13
T013,S-Varasto,13,13
9923,S -AckiAbG,13,13
5032,S -All-M70,13,13
9921,S -AsfuAbG,13,13
9922,S -AsveAbG,13,13
4098,S -C1InhBk,13,13
1626,S -CandAg,13,13
3586,S -ChpnAb,13,13
9924,S -ClclAbG,13,13
9776,S -EuamAbE,13,13
9925,S -FumoAbG,13,13
7056,S -GluteeE,13,13
3242,S -GPenIgE,13,13
9920,S -KoLaIgG,13,13
2132,S -Krtiin,13,13
2159,S -Kryopre,13,13
9926,S -PespAbG,13,13
1728,S -RubeAvi,13,13
9927,S -StatAbG,13,13
2743,S -Tiosyan,13,13
3674,S -Trisy-O,13,13
9928,S -TrviAbG,13,13
92300,USIIRRE,13,13
92600,-GenErik,12,12
94892,-Ly-CD3/kg,12,12
94893,-SC/kg,12,12
94896,-TNC/kg,12,12
94890,B -DLItrpl,12,12
4664,B -MELAS-D,12,12
2271,B -Pb,12,12
T073,B -Varasto,12,12
T074,B -Varasto,12,12
92502,Bm-KIT816,12,12
9869,cB-VeIon12,12,12
6061,Cv-TriPCR,12,12
16740,dU-IgG,12,12
1061,P -Aminoh,12,12
4842,P -IL6,12,12
94891,Pt-Paino,12,12
5270,S -All-C6,12,12
5033,S -All-E82,12,12
92528,S -Etane,12,12
9783,S -EuamAbG,12,12
2330,S -NemeAb,12,12
9330,S -O4.5.12,12,12
9744,S -PavaAbE,12,12
9714,S -PavaAbG,12,12
9745,S -PebrAbE,12,12
9715,S -PebrAbG,12,12
2317,S -PlasAb,12,12
9336,S -W-06.7,12,12
9337,S -W-09.12,12,12
22056,S -W-H:a,12,12
9974,S -W-H:b,12,12
9333,S -W-H:d,12,12
9334,S -W-H:g.m,12,12
9335,S -W-H:i,12,12
T072,S -Varasto,12,12
1062,U -Aminoh,12,12
1497,U -GAG,12,12
94894,Vol/DMSO,12,12
9627,-HPVNhO,11,11
20618,Am-HPA-1,11,11
20623,Am-HPA-15,11,11
20619,Am-HPA-2,11,11
20620,Am-HPA-3,11,11
20621,Am-HPA-5,11,11
20622,Am-HPA-6,11,11
2139,As-Krea,11,11
4501,B -BCL2-D,11,11
4340,B -MEN11-D,11,11
5368,B -p53mr-D,11,11
159,Bu-Prot,11,11
9464,dU-5C-Porf,11,11
9463,dU-6C-Porf,11,11
9462,dU-7C-Porf,11,11
2488,dU-Porf,11,11
12927,Ej-Ab,11,11
64153,Ej-Ab,11,11
4144,fS-Lipo(a),11,11
12925,Jo-1,11,11
64149,Jo-1,11,11
12551,Ku 72/86,11,11
64146,Ku 72/86,11,11
1839,Li-EvirAbG,11,11
13780,MDA5,11,11
64143,MDA5,11,11
13778,Mi-2b,11,11
64141,Mi-2b,11,11
13781,NXP2,11,11
64144,NXP2,11,11
12928,Oj-Ab,11,11
64154,Oj-Ab,11,11
4284,Pd-Alb,11,11
9615,Pf-CA15-3,11,11
12555,PL-12,11,11
64152,PL-12,11,11
12554,PL-7,11,11
64151,PL-7,11,11
12923,PM-Sc1100,11,11
64147,PM-Sc1100,11,11
12924,PM-Sc175,11,11
64148,PM-Sc175,11,11
1484,Pt-Gluk-R2,11,11
12929,RO52(SSA),11,11
64155,RO52(SSA),11,11
10075,S-Macro-CK,11,11
1053,S -AmebAb,11,11
9731,S -AsveAbG,11,11
10074,S -CK-BB,11,11
10073,S -CK-MB,11,11
10072,S -CK-MM,11,11
19875,S -HMGCRAb,11,11
92331,S -NemeA,11,11
92332,S -NemeC,11,11
92334,S -NemeY,11,11
92333,S -NemW135,11,11
92215,S -NMDARAb,11,11
9718,S -TrciAbG,11,11
90258,S -UstekAb,11,11
13782,SAE1,11,11
64145,SAE1,11,11
12926,SRP,11,11
64150,SRP,11,11
13779,TIF1y,11,11
64142,TIF1y,11,11
19876,Titteri,11,11
9706,Tu-GenEsik,11,11
9616,U -MgKre,11,11
9623,U -MgKre,11,11
4624,-HPVNhO,10,10
4643,B -CFTR-D,10,10
4656,B -HUNT-D,10,10
38650,B -LDLRe-2,10,10
5365,Bl-Alb,10,10
1331,Ex-Eos,10,10
9191,Gj-Intoks,10,10
21280,P -oKorsol,10,10
2263,Pt-LRH-R,10,10
5110,S -All-F35,10,10
5264,S -All-F41,10,10
5274,S -All-F85,10,10
6076,S -AnplAbG,10,10
1375,S -E1,10,10
20813,S -IA2Ab,10,10
1706,S -IFBl-Ab,10,10
6101,S -MuSKAb,10,10
487,S -Norklot,10,10
21788,S -oAldos,10,10
7100,S -TonnikE,10,10
1677,U -IgG,10,10
4248,U -Orotaat,10,10
2886,U -Uraat,10,10
15002,U -Vara,10,10
3669,uS-TSH,10,10
6154,-CA15-3,9,9
20958,-CHtrNhO,9,9
20959,-GcNhO,9,9
20962,-MygeNhO,9,9
20961,-MyhoNhO,9,9
20957,-STINhO,9,9
20960,-TrvaNhO,9,9
20964,-UrpaNhO,9,9
20963,-UrurNhO,9,9
9863,Bm-BRAF-D,9,9
9632,Bm-RNAex,9,9
9826,Cv-DNAmut,9,9
2485,dU-PBG,9,9
12594,F -RotaTy,9,9
9355,Li-EvirAb,9,9
92214,Li-NMDARAb,9,9
3653,Li-NSE,9,9
9286,Ly-CD16K,9,9
11053,Ly-CD19K,9,9
9284,Ly-CD3K,9,9
9288,Ly-CD4K,9,9
9290,Ly-CD8K,9,9
1017,P -Adr,9,9
2993,P -AdrNor,9,9
2405,P -Noradr,9,9
3577,P -PS-Ag,9,9
14830,Pt-GlukIns,9,9
15350,PÄIVLISÄ 2,9,9
91005,RNAex,9,9
3702,S -Flekain,9,9
3853,S -Karni,9,9
9422,S -Karni-T,9,9
9423,S -Karni-V,9,9
6028,S -NatsuAb,9,9
2610,S -SchiAb,9,9
1474,Sy-Gluk,9,9
9633,Ts-RNAex,9,9
1230,U -DALA,9,9
2370,U -Myogl,9,9
21178,-BKVNh,8,8
21179,-JCVNh,8,8
5234,Am-FISH,8,8
92137,B -1555-D,8,8
4641,B -APECED,8,8
1988,B -Cd,8,8
22002,B -HLA2PSK,8,8
9610,B -HLA5701,8,8
6206,B -HLAAbac,8,8
92190,B -MBL-D,8,8
5351,B -mFISH,8,8
4997,B -POLG1-D,8,8
4681,B -RET-D,8,8
6060,B -TriNhO,8,8
5305,E -Hykro,8,8
813,ErikoisPat,8,8
2021,F -CampVi,8,8
2115,F -Kporf,8,8
2489,F -Porf,8,8
2536,F -Pporf,8,8
9356,Li-EvirAbG,8,8
9357,Li-EvirAbM,8,8
2998,P -Al,8,8
11596,P -ELINKÄS,8,8
41701,P -TC1,8,8
4170,P -TC1TC2,8,8
41702,P -TC2,8,8
3397,Pf-AST,8,8
26306,Pt-ICSI,8,8
1703,Pt-Insu-R,8,8
92231,S-GABAB1Ab,8,8
9481,S -All-F20,8,8
5047,S -All-F55,8,8
3521,S -HDVAb,8,8
8022,S -hs-CRP,8,8
3966,S -ICTP,8,8
5379,S -IGF1SDS,8,8
9458,S -MaatAbE,8,8
9777,S -MifaAbE,8,8
7077,S -MunakeE,8,8
7081,S -OmenaE,8,8
9659,S -SeitiE,8,8
7098,S -TattarE,8,8
9778,S -ThcaAbE,8,8
9779,S -WaseAbE,8,8
4472,S -Zuklop,8,8
9197,TSH-JATKO,8,8
T045,U-Varasto,8,8
4612,U -GHBCt,8,8
9825,Am-DNAmut,7,7
4890,B -DM2MUTD,7,7
3947,B -Gelso-D,7,7
5390,B -HLA2PPS,7,7
92151,B -Kromos,7,7
T056,B -Varasto,7,7
6072,B -vWD2-D,7,7
5348,Bu-Laktaat,7,7
4187,Cn-PAD,7,7
51640,cU-Alb-L,7,7
9619,Cv-FISHAn,7,7
9598,dU-Kporf1,7,7
9599,dU-Kporf3,7,7
9596,dU-Uporf1,7,7
9597,dU-Uporf3,7,7
2556,E -PK,7,7
2078,F -Cl,7,7
2989,F -YersVi,7,7
2014,Li-Ca,7,7
3290,Li-IgG/Alb,7,7
6386,P -EFA,7,7
6091,P -FakB,7,7
6131,P -NGAL,7,7
12953,P -VRAbOSP,7,7
15355,PSVSRE,7,7
26314,Pt-ETLiuos,7,7
1457,Pt-Glkg-R1,7,7
5094,Pt-Hypo-RA,7,7
5155,Pt-LDOPA-R,7,7
2627,Pt-Sper-1,7,7
591,PvLisäm,7,7
5117,S -All-F31,7,7
92227,S -AMPA1Ab,7,7
4818,S -C4-D,7,7
14958,S -EvirAb,7,7
14959,S -EvirAbM,7,7
9075,S -Hom3AbG,7,7
T061,S -Keräys,7,7
2054,S -Kinid,7,7
3236,S -NET,7,7
92551,S -rAnao3E,7,7
4258,S -Sital,7,7
26308,Sp-Hoito,7,7
4088,-AmebVr,6,6
1254,-CodiVi,6,6
6308,-TrvaAg,6,6
92519,B -GLA-D,6,6
6335,B -HbF-Fc,6,6
92535,B -HIVNhRE,6,6
4653,B -HNPCL-D,6,6
20547,B -LyImSup,6,6
9942,B -MPRChi,6,6
9943,B -MPRClo,6,6
4676,B -NPHS1-D,6,6
6034,B -SCN4A-D,6,6
3439,B -TromAgg,6,6
1783,B -Ykrom-D,6,6
92195,Bm-ABL-mR,6,6
9050,Br-IgG-Syn,6,6
9253,Br-IgG-Tuo,6,6
51810,cU-A1MiglL,6,6
11033,dU-AldoHUS,6,6
2378,F -Na,6,6
3428,fB-B1-Vit,6,6
2247,fS-LipoA1,6,6
4162,fS-VLCFA,6,6
15336,HPA,6,6
1059,Li-Aminoh,6,6
4077,Mf-Syto,6,6
15358,OCTAPLASLG,6,6
26318,Oo-Pak,6,6
21282,P -aKorsol,6,6
3396,P -Dopam,6,6
4543,P -Plg,6,6
T079,P -SUPAR,6,6
14532,P -TnT/HUS,6,6
4070,Pt-Obd-2,6,6
2763,Pt-TRH-R2,6,6
577,S -AlbImm,6,6
92547,S -AlfGalE,6,6
5025,S -All-D2,6,6
5260,S -All-F40,6,6
5118,S -All-F49,6,6
5046,S -All-F8,6,6
9677,S -All-MX2,6,6
3920,S -Alprat,6,6
9707,S -AsflAbG,6,6
9708,S -AsniAbG,6,6
9780,S -AsocAbG,6,6
9781,S -AspeAbG,6,6
9782,S -AsteAbG,6,6
9712,S -AupuAbG,6,6
4236,S -CK-MBm,6,6
2170,S -Cu,6,6
4300,S -DeSital,6,6
9733,S -FumeAbG,6,6
11069,S -IgGn,6,6
5119,S -KaseiiE,6,6
7064,S -KatkarE,6,6
7018,S -LeppspE,6,6
9848,S -LeuAbDH,6,6
9845,S -LeuAbTO,6,6
9060,S -MaatAbG,6,6
9769,S -MifaAbG,6,6
9713,S -OiflAbG,6,6
7083,S -PaprikE,6,6
9710,S -PuuAbG,6,6
9716,S -RhstAbG,6,6
90253,S -Serto,6,6
90254,S -SertoAb,6,6
42580,S -Sitalop,6,6
5263,S -SitruuE,6,6
9784,S -ThcaAbG,6,6
1945,S -TocaAb,6,6
9785,S -WaseAbG,6,6
5174,Ts-FNAB-he,6,6
6199,-Pin1NhO,5,5
6200,-Pin2NhO,5,5
6201,-Pin3NhO,5,5
6202,-Pin4NhO,5,5
9001,-PreA,5,5
92196,B -ABL-mR,5,5
92127,B -CADA-D,5,5
22006,B -HLA2Mun,5,5
92152,B -HNPP-D,5,5
5297,B -LDLRB-D,5,5
5296,B -LDLRT-D,5,5
4672,B -LEBER-D,5,5
9695,B -LQT-D,5,5
9876,B -proBNPO,5,5
4323,Bm-BCL2-D,5,5
2706,Bm-Suda-Vr,5,5
308,Bu-Sameus,5,5
5347,Bu-UNäkö-O,5,5
307,Bu-Väri,5,5
1496,dU-GAG,5,5
2284,dU-LZM,5,5
3462,dU-Oligs-O,5,5
266,Erit.n.ott,5,5
1996,F -K,5,5
9589,GluMitKont,5,5
92226,Li-AMPA1Ab,5,5
11839,Li-EvirAb,5,5
92230,Li-GABB1Ab,5,5
4448,P -PC-Ag,5,5
4571,P -TNF,5,5
21281,P -vKorsol,5,5
21790,S -aAldos,5,5
5276,S -All-F75,5,5
5120,S -All-F79,5,5
5114,S -All-F9,5,5
5036,S -All-F92,5,5
5002,S -All-G8,5,5
5272,S -All-M6,5,5
92229,S -AMPA2Ab,5,5
7052,S -AnanasE,5,5
6150,S -Aripi,5,5
9771,S -AsflAbE,5,5
9772,S -AsniAbE,5,5
9773,S -AsocAbE,5,5
9774,S -AspeAbE,5,5
9775,S -AsteAbE,5,5
9655,S -AukusiE,5,5
9732,S -ChglAbG,5,5
9656,S -ChipipE,5,5
9403,S -ChlaCF,5,5
3522,S -ChpsAb,5,5
3786,S -ChpsAbG,5,5
3929,S -ChpsAbM,5,5
7103,S -DFarinE,5,5
92548,S -GliadE,5,5
7059,S -HerneE,5,5
9450,S -Hom3AbE,5,5
4631,S -Ketiap,5,5
3854,S -Klobat,5,5
38540,S -Klobat,5,5
9730,S -KostAbG,5,5
7042,S -LehmhiE,5,5
9844,S -LeuAbKS,5,5
3985,S -Norklob,5,5
2408,S -Nortrip,5,5
9740,S -PuuAbE,5,5
7089,S -RiisiE,5,5
5269,S -SipuliE,5,5
9735,S -StalAbG,5,5
9734,S -StchAbG,5,5
9736,S -SthaAbG,5,5
7099,S -TomaatE,5,5
9738,S -TrorAbG,5,5
21789,S -vAldos,5,5
4432,T -MemGp,5,5
15357,TRFVSS4,5,5
5089,Ts-DNA-Vs,5,5
92121,Ts-HNPCCre,5,5
92504,Ts-KITsekv,5,5
T080,U -SUPAR,5,5
4259,uS-T4-V,5,5
15315,VALKLS4,5,5
2472,-BopeVi,4,4
3506,-SienLm,4,4
2990,Af-ADA,4,4
9759,Am-FISHDel,4,4
2214,Am-L/S-Suh,4,4
573,Am-L/S-Suh,4,4
1428,Am-PGly,4,4
T081,Am-SUPAR,4,4
92534,B-HIVKanta,4,4
4818,B -C4-D,4,4
1314,B -Hg,4,4
4654,B -HNPCC-D,4,4
92543,B -LysoGL3,4,4
4268,B -NAIT,4,4
3416,B -SoluVi,4,4
4277,B -TAg-D,4,4
6060,B -TriPCR,4,4
4891,B -TTNFI-D,4,4
92188,B -VHL2-D,4,4
97000,BIOPDNA,4,4
5370,Bl-Prot,4,4
92506,Bm-FIP1L1,4,4
34177,Bm-SC-Vi,4,4
2116,dU-Kporf,4,4
2902,dU-Uporf,4,4
2905,E -PBGD,4,4
15331,JPLLA,4,4
1143,Li-BaktAg,4,4
11840,Li-EvirAbM,4,4
1915,Li-ParoAb,4,4
6394,Ly-BSc-Fc,4,4
20626,P -ABOAtit,4,4
20627,P -ABOBtit,4,4
5335,P -Glkg,4,4
2952,P -Isoaggl,4,4
13440,Pf-ACE,4,4
9604,Pt-EKG-Amb,4,4
9509,S -9-HRisp,4,4
11092,S -ACE,4,4
5279,S -All-F25,4,4
5271,S -All-M1,4,4
9678,S -All-MX4,4,4
1068,S -Amitrip,4,4
4447,S -ANPN,4,4
7053,S -AppelsE,4,4
9742,S -AupuAbE,4,4
9594,S -CobuJt,4,4
9657,S -CurryE,4,4
3949,S -Halop,4,4
7183,S -Home4Ry,4,4
4503,S -IGFBP3,4,4
7169,S -Kala2Ry,4,4
3060,S -Klona,4,4
3500,S -Klopi,4,4
9519,S -Klopi,4,4
7074,S -MansikE,4,4
3986,S -Norklom,4,4
9743,S -OiflAbE,4,4
9746,S -RhstAbE,4,4
1930,S -Risper,4,4
9508,S -Risper,4,4
92552,S -rJugr1E,4,4
7092,S -SellerE,4,4
2552,S -TBEAbG,4,4
1955,S -TrcrAb,4,4
9496,S -ValksiE,4,4
905,Tb-Pikaher,4,4
6411,Ts-RCD-Fc,4,4
5354,Tu-mFISH,4,4
9864,U -MetfeCt,4,4
20788,-InfVi,3,3
8121,-VsyntKo,3,3
T085,B-TrialNet,3,3
T086,B-TrialNet,3,3
11379,B -Aglukos,3,3
4651,B -FAPL-D,3,3
3939,B -FIDD-O,3,3
4888,B -FKRP-D,3,3
4655,B -HNPCY-D,3,3
92515,B -IgSHM-D,3,3
4998,B -LMNA-D,3,3
92545,B -LysoGL1,3,3
92155,B -MEN12-D,3,3
9645,B -PlasJtk,3,3
9631,B -RNAex,3,3
92156,B -SBMA-D,3,3
34171,Bm-BFU-E,3,3
34172,Bm-CFU-GM,3,3
92514,Bm-IgSHM-D,3,3
92505,Bm-KITsekv,3,3
2620,F -ShigVi,3,3
14811,FosTau+BAm,3,3
3429,fP-B6-Vit,3,3
9029,Gluk-Pika,3,3
9199,HIVTod,3,3
92228,Li-AMPA2Ab,3,3
4943,Li-OreksA,3,3
5344,Li-pH,3,3
4461,Li-TBEAbG,3,3
9951,Li-VGKCAb,3,3
10015,P -Al,3,3
10254,P -HepNeu,3,3
6421,P -Osterol,3,3
264,Palvelu,3,3
21758,Pt-APRI,3,3
9541,RegeaVara,3,3
19223,S-GABAB1Ab,3,3
92223,S-Gang2AbG,3,3
92225,S-Gang2AbM,3,3
T084,S-TrialNet,3,3
1235,S -11Dok,3,3
5012,S -All-E6,3,3
5042,S -All-EX1,3,3
5115,S -All-F11,3,3
5121,S -All-F84,3,3
9671,S -All-G4,3,3
5122,S -AllF218,3,3
7112,S -AltAltE,3,3
9506,S -Amitrip,3,3
7055,S -BanaanE,3,3
3855,S -C4-Ty,3,3
2101,S -CHE,3,3
1383,S -Etosux,3,3
7060,S -HirssiE,3,3
19339,S -IgESSeP,3,3
9661,S -KarmpuE,3,3
7071,S -MaissiE,3,3
19921,S -NMDARAb,3,3
7087,S -PerunaE,3,3
7127,S -PitOrbE,3,3
2484,S -PoliAb,3,3
7088,S -PorkkaE,3,3
9590,S -PunkAbE,3,3
2616,S -Se,3,3
7091,S -SeessiE,3,3
5275,S -SinappE,3,3
2835,S -TBG,3,3
4282,S -TNF,3,3
19834,S -VGKCAb,3,3
596,SeerTesti,3,3
9688,Sy-Co,3,3
9687,Sy-Cr,3,3
9709,Sy-CrCo,3,3
20605,T -Aggr,3,3
19835,Titteri,3,3
19922,Titteri,3,3
19924,Titteri,3,3
4036,Ts-AChEs-O,3,3
5301,Ts-BRmut-D,3,3
5303,Ts-BRrel-D,3,3
9586,U -5C-Porf,3,3
9572,U -6C-Porf,3,3
9571,U -7C-Porf,3,3
9549,U -Kporf1,3,3
9603,U -Kporf3,3,3
6132,U -NGAL,3,3
2274,U -Pb,3,3
2490,U -Porf,3,3
9569,U -Uporf1,3,3
9602,U -Uporf3,3,3
T082,uS-SUPAR,3,3
1808,-AcantVi,2,2
1890,-MatoLm,2,2
92565,-NeuErik,2,2
1183,Am-Bil,2,2
9705,Am-GenEsik,2,2
12145,Amitri+Nor,2,2
15017,B-TrialNet,2,2
15018,B-TrialNet,2,2
T012,B-Varasto,2,2
4092,B -ApoE-D,2,2
6422,B -Asyykar,2,2
4886,B -CHATC-D,2,2
92143,B -CMT-D,2,2
92129,B -DMLPA-D,2,2
92138,B -FALS-D,2,2
4652,B -FSHr-D,2,2
4881,B -HLANark,2,2
2117,B -Kporf,2,2
9941,B -MPCOL,2,2
92559,B -MYOcap,2,2
9956,B -NIPT-D,2,2
4892,B -PML-QR,2,2
3660,B -Porf,2,2
4252,B -Porf-D,2,2
2537,B -Pporf,2,2
4679,B -PS1d9-D,2,2
92563,B -SEKVY-D,2,2
13125,B -TrFuSPR,2,2
4688,B -USH3-D,2,2
6095,B -VRAbGrS,2,2
12955,B -VRAbTSP,2,2
9528,B -ZAP-70,2,2
43811,Bakt-DNAlm,2,2
97003,BPDNA-OS,2,2
5255,Cv-FraX-D,2,2
1645,dU-HOP,2,2
6096,E -FenoTy,2,2
3675,E -UporfDC,2,2
1466,F -Gluk,2,2
19529,Johek-Pika,2,2
1876,Li-InkoAb,2,2
F680,LI-LAKTAAT,2,2
3631,Li-MorbAb,2,2
4433,Li-MorbAbG,2,2
4434,Li-MorbAbM,2,2
4622,Li-ParoAbG,2,2
4621,Li-ParoAbM,2,2
T070,Li-TIEDE,2,2
2540,Ly-PporfOx,2,2
15019,Me-Vara,2,2
6331,nU-DALA,2,2
26316,Ov-Pak,2,2
1036,P -Aldos-M,2,2
4098,P -C1InhBk,2,2
6419,P -CDGSeul,2,2
20611,P -FVIIIKR,2,2
4843,P -IL8,2,2
3627,P -Renin-M,2,2
3628,P -Renin-P,2,2
5075,Pd-Laktaat,2,2
19896,Pt-ADA-I,2,2
9896,Pt-ADA-I,2,2
F424,Pt-Hepy-R1,2,2
505,Pt-OBD-O,2,2
26320,Pt-Säil3v,2,2
4261,Pt-vWD-Sc,2,2
19946,S-CASPR2Ab,2,2
9946,S-CASPR2Ab,2,2
15016,S-TrialNet,2,2
5107,S -AbG-D1,2,2
5108,S -AbG-D2,2,2
5105,S -AbG-E5,2,2
9752,S -AcatAbE,2,2
9722,S -AcatAbG,2,2
9751,S -AcinAbE,2,2
9721,S -AcinAbG,2,2
9753,S -AckiAbE,2,2
9723,S -AckiAbG,2,2
5011,S -All-E4,2,2
5020,S -All-F12,2,2
5265,S -All-F24,2,2
5219,S -All-F26,2,2
5044,S -All-FX5,2,2
9483,S -AllF210,2,2
9477,S -AllF317,2,2
9542,S -AllF416,2,2
3922,S -Amiod,2,2
1133,S -Avlos,2,2
9754,S -BaceAbE,2,2
9724,S -BaceAbG,2,2
1165,S -Barb-O,2,2
3699,S -Bupiva,2,2
4841,S -CHE-DN,2,2
1212,S -CocciAb,2,2
12531,S -CodiAbA,2,2
12533,S -CodiAbM,2,2
9511,S -Desvenl,2,2
14841,S -DN,2,2
9755,S -ExopAbE,2,2
9725,S -ExopAbG,2,2
9793,S -FuoxAbE,2,2
9794,S -FuprAbE,2,2
9795,S -FusuAbE,2,2
9473,S -HIVAgAb,2,2
9449,S -Hom4AbE,2,2
91160,S -Häirtek,2,2
11722,S -IgE-Pse,2,2
5309,S -InhBNkl,2,2
4318,S -JPEAb,2,2
7037,S -KaniepE,2,2
9477,S -KorianE,2,2
19944,S -LGI1Ab,2,2
9944,S -LGI1Ab,2,2
2207,S -MaitAb,2,2
11056,S -MaitAbA,2,2
11055,S -MaitAbG,2,2
9750,S -MarAbE,2,2
9720,S -MarAbG,2,2
7043,S -MarsepE,2,2
7005,S -NurmspE,2,2
9442,S -ParoAb,2,2
9796,S -PechAbE,2,2
9797,S -PecrAbE,2,2
9701,S -PeexAbE,2,2
9702,S -PeglAbE,2,2
9756,S -PholAbE,2,2
9726,S -PholAbG,2,2
9436,S -Pin2Ab,2,2
9435,S -Pin3Ab,2,2
2483,S -PlihAb,2,2
711,S -Poli1Ab,2,2
712,S -Poli2Ab,2,2
713,S -Poli3Ab,2,2
9842,S -Pregaba,2,2
3467,S -RabiAb,2,2
92553,S -rJugr3E,2,2
9758,S -SpjoAbE,2,2
9728,S -SpjoAbG,2,2
9593,S -TBEAb,2,2
9607,S -Topira,2,2
90255,S -Tosilit,2,2
4550,S -Tr2Seul,2,2
1954,S -TrbrAb,2,2
9332,S -VaraPIT,2,2
1958,S -Venlaf,2,2
9510,S -Venlaf,2,2
9494,S -ViinryE,2,2
26300,Sp-Vase,2,2
3413,Sy-AST,2,2
19945,Titteri,2,2
19947,Titteri,2,2
15356,TRFVS4,2,2
15325,TRFVSHPS4,2,2
6444,Ts-HPVNhTy,2,2
4667,Ts-NARP-D,2,2
92538,Ts-TriNhO,2,2
1645,U -HOP,2,2
1884,U -KokaCt,2,2
9614,U -KrtKrea,2,2
21102,U -OrgahJ,2,2
8802,-AnthrVi,1,1
1826,-CodiNhO,1,1
8788,-ParodVi,1,1
9002,-PreA,1,1
2698,-Sterkon,1,1
6376,-Tygl,1,1
92517,-UPD-D,1,1
9812,Aloitus,1,1
3772,B -AGU-D,1,1
11385,B -Aidur,1,1
9121,B -AkolEs,1,1
92513,B -ASOAL-D,1,1
92544,B -Asyykar,1,1
92135,B -ATRX-D,1,1
92561,B -C9ORF72,1,1
4887,B -CAPN3-D,1,1
92562,B -CHCHD10,1,1
92125,B -Cx26-D,1,1
92546,B -Farma-D,1,1
6029,B -FKRPV-D,1,1
92149,B -GMLPA-D,1,1
5146,B -Hb-H,1,1
92536,B -HIVNhTy,1,1
22007,B -HLAMaks,1,1
20645,B -HPA1-kv,1,1
92130,B -HUNT2-D,1,1
4657,B -INCL-D,1,1
4659,B -LCHAD-D,1,1
4663,B -MECP2-D,1,1
2350,B -MiFi,1,1
12350,B -MiFiJtk,1,1
92194,B -MIRAS-D,1,1
92560,B -MNDcap,1,1
92160,B -MtPak-D,1,1
4995,B -MYOT-D,1,1
20646,B -NAITjat,1,1
5367,B -p53mx-D,1,1
92142,B -PMP22-D,1,1
4683,B -RMRPL-D,1,1
92171,B -SCA2-D,1,1
92173,B -SCA6-D,1,1
92174,B -SCA7-D,1,1
92175,B -SCA8-D,1,1
5250,B -SikiöRH,1,1
92140,B -SOD1-D,1,1
92163,B -SPAST-D,1,1
13873,B -VasSeuK,1,1
4991,B -VCP-D,1,1
92189,B -VHL3-D,1,1
4469,B -VRAb-Gr,1,1
92131,B -YDEL-D,1,1
166,Bf-Eryt,1,1
97019,BIO-NLA-B,1,1
97020,BIO-NLA-P,1,1
97021,BIO-NLA-S,1,1
97011,BIOPPLASMA,1,1
97012,BIOPSEERUM,1,1
5144,Bm-SC-trpl,1,1
811,Bm-Syto-IF,1,1
92199,Bm-VGH-ML,1,1
4195,Bo-PAD-Mor,1,1
97014,BPPLASM-OS,1,1
97015,BPSERUM-OS,1,1
5061,Bu-Eryt,1,1
14630,cU-Gluk,1,1
5183,cU-IgG-L,1,1
38640,cU-Krea,1,1
192,cU-Tilav,1,1
934,cU-Tilav,1,1
5205,Down-riski,1,1
2046,dU-17KS,1,1
4808,dU-KreaL,1,1
9252,dU-KreaL,1,1
5175,dU-Orotaat,1,1
9213,dU-Tilav,1,1
1349,E -CDW,1,1
11481,E -G6PD,1,1
26315,Em-ViLiuos,1,1
1218,fP-C-Vit,1,1
3999,fS-PCB,1,1
21109,HyytLaus,1,1
5204,Ikäriski,1,1
9126,KiireSPR3,1,1
9469,KudosVara,1,1
9561,Li-ParoAb,1,1
26402,LOS,1,1
9587,Ly-FECH,1,1
6393,Ly-TSc-Fc,1,1
605,NOtto/Osas,1,1
5206,NTD-riski,1,1
6330,nU-PBG,1,1
6332,nU-Porf,1,1
F615,NULL,1,1
26310,Oo-Ca-akt,1,1
T033,P-Varasto,1,1
T050,P-Varasto,1,1
1037,P -Aldos-P,1,1
14545,P -C3,1,1
20050,P -C3d,1,1
14546,P -C4,1,1
20051,P -C4d,1,1
1849,P -Fibr-Ag,1,1
4211,P -FIX-Ab,1,1
1928,P -RptAika,1,1
12351,Paksupisar,1,1
15304,PSVSLA,1,1
5201,Pt-AFPMoM,1,1
14840,Pt-GlukR2,1,1
3210,Pt-hCG-R,1,1
5202,Pt-hCGBMoM,1,1
5207,Pt-Ikä(DD),1,1
5230,Pt-LuuydKä,1,1
4072,Pt-Obd-4,1,1
9248,Pt-Paino,1,1
9973,Pt-SeerSil,1,1
3380,Pt-Sekr-R2,1,1
2761,Pt-TRH-LRH,1,1
17075,Pt-TulehLG,1,1
13455,PÄIVYSTYS,1,1
352,RaskKesto,1,1
T032,S-Varasto,1,1
T036,S-Varasto,1,1
1041,S -A1Glypr,1,1
90250,S -Abatas,1,1
5102,S -AbG-G6,1,1
5106,S -AbG-M2,1,1
5103,S -AbG-T3,1,1
10401,S -AFP,1,1
2998,S -Al,1,1
5113,S -All-C73,1,1
9913,S -All-D1,1,1
9914,S -All-D2,1,1
9915,S -All-D3,1,1
5021,S -All-D70,1,1
9911,S -All-D70,1,1
5022,S -All-D71,1,1
9916,S -All-D71,1,1
5023,S -All-D72,1,1
9912,S -All-D72,1,1
9917,S -All-D73,1,1
9918,S -All-D74,1,1
5034,S -All-E83,1,1
5045,S -All-E84,1,1
5261,S -All-F33,1,1
5268,S -All-F44,1,1
5275,S -All-F89,1,1
9497,S -All-F95,1,1
5030,S -All-I71,1,1
5037,S -All-K75,1,1
5038,S -All-K76,1,1
5039,S -All-K77,1,1
5128,S -All-K78,1,1
5040,S -All-K80,1,1
9919,S -AllD201,1,1
9654,S -AllE209,1,1
9660,S -AllF205,1,1
9196,S -AllF316,1,1
9663,S -AllT201,1,1
13922,S -Amiod,1,1
9520,S -Amiod,1,1
19222,S -AMPA1Ab,1,1
21746,S -APS1Ab,1,1
9486,S -BataatE,1,1
21086,S -DengAg,1,1
19748,S -Desamio,1,1
9521,S -Desamio,1,1
21554,S -DeZAgAb,1,1
1257,S -DhTesto,1,1
7142,S -FormalE,1,1
7143,S -FtaalhE,1,1
9786,S -FuoxAbG,1,1
9787,S -FuprAbG,1,1
7122,S -FusMonE,1,1
9788,S -FusuAbG,1,1
4875,S -Fytah,1,1
51710,S -Fytah,1,1
9415,S -FytahOs,1,1
4630,S -Gabapen,1,1
5262,S -GreippE,1,1
9474,S -HBsAg,1,1
4235,S -hCG-B-V,1,1
9077,S -Hom4AbG,1,1
9505,S -HTLVJt,1,1
6162,S -InsuRAb,1,1
5159,S -Itracon,1,1
51590,S -Itracon,1,1
333,S -KemVast,1,1
7066,S -KiiviE,1,1
9523,S -KurpitE,1,1
9499,S -LampliE,1,1
6169,S -Leveti,1,1
9479,S -LupsieE,1,1
9498,S -LuumuE,1,1
4767,S -Metad,1,1
5150,S -OH-Itra,1,1
92550,S -OvalbuE,1,1
2423,S -Oxpam,1,1
1913,S -Paroks,1,1
9789,S -PechAbG,1,1
9790,S -PecrAbG,1,1
9791,S -PeexAbG,1,1
9792,S -PeglAbG,1,1
9674,S -PinsieE,1,1
90252,S -RitukAb,1,1
90251,S -Rituksi,1,1
9673,S -rPrup3E,1,1
1937,S -Sertral,1,1
7094,S -SilliE,1,1
9495,S -TilliE,1,1
9475,S -TrpaAb,1,1
8279,S -Voricon,1,1
21551,S -ZikaAbM,1,1
6441,Se-Urea,1,1
354,Sikiöluku,1,1
1912,Sk-Para-O,1,1
26291,Sp-Pesu,1,1
26309,Sp-PICSI,1,1
26312,Sp-TESE,1,1
503,Sy-CRP,1,1
507,Sy-RF,1,1
20602,T -NäytKäs,1,1
14810,Tau+BAm42,1,1
19227,Titteri,1,1
4642,Ts-APECED,1,1
92126,Ts-CADA-D,1,1
9573,Ts-IHTek,1,1
4669,Ts-MERRF-D,1,1
4190,Ts-PAD-EH,1,1
4193,Ts-PADKert,1,1
2149,U -Cr,1,1
1833,U -Dxpro-O,1,1
3938,U -Fenol,1,1
1393,U -Fenot-O,1,1
14750,U -Gluk,1,1
1316,U -Hg,1,1
9577,U -Huum4A,1,1
9582,U -Huum6A,1,1
2335,U -Metad-O,1,1
2335,U -Metad-O,1,1
3977,U -Naftol,1,1
9865,U -PregaCt,1,1
9685,U -Trisy-O,1,1
351,Uäänitutk,1,1
91007,Vi2,1,1
350,ViimKuukau,1,1
353,ÄidinPaino,1,1
